-- MySQL dump 10.13  Distrib 5.1.58, for debian-linux-gnu (x86_64)
--
-- Host: localhost    Database: srmsnew
-- ------------------------------------------------------
-- Server version	5.1.58-1~dotdeb.0

/*!40101 SET @OLD_CHARACTER_SET_CLIENT=@@CHARACTER_SET_CLIENT */;
/*!40101 SET @OLD_CHARACTER_SET_RESULTS=@@CHARACTER_SET_RESULTS */;
/*!40101 SET @OLD_COLLATION_CONNECTION=@@COLLATION_CONNECTION */;
/*!40101 SET NAMES utf8 */;
/*!40103 SET @OLD_TIME_ZONE=@@TIME_ZONE */;
/*!40103 SET TIME_ZONE='+00:00' */;
/*!40014 SET @OLD_UNIQUE_CHECKS=@@UNIQUE_CHECKS, UNIQUE_CHECKS=0 */;
/*!40014 SET @OLD_FOREIGN_KEY_CHECKS=@@FOREIGN_KEY_CHECKS, FOREIGN_KEY_CHECKS=0 */;
/*!40101 SET @OLD_SQL_MODE=@@SQL_MODE, SQL_MODE='NO_AUTO_VALUE_ON_ZERO' */;
/*!40111 SET @OLD_SQL_NOTES=@@SQL_NOTES, SQL_NOTES=0 */;

--
-- Table structure for table `acadamic_position`
--

DROP TABLE IF EXISTS `acadamic_position`;
/*!40101 SET @saved_cs_client     = @@character_set_client */;
/*!40101 SET character_set_client = utf8 */;
CREATE TABLE `acadamic_position` (
  `id` bigint(20) NOT NULL AUTO_INCREMENT,
  `position_name` varchar(250) NOT NULL,
  `created_at` datetime NOT NULL,
  `updated_at` datetime NOT NULL,
  PRIMARY KEY (`id`),
  UNIQUE KEY `position_name` (`position_name`)
) ENGINE=InnoDB DEFAULT CHARSET=latin1;
/*!40101 SET character_set_client = @saved_cs_client */;

--
-- Dumping data for table `acadamic_position`
--

LOCK TABLES `acadamic_position` WRITE;
/*!40000 ALTER TABLE `acadamic_position` DISABLE KEYS */;
/*!40000 ALTER TABLE `acadamic_position` ENABLE KEYS */;
UNLOCK TABLES;

--
-- Table structure for table `academic_calendar`
--

DROP TABLE IF EXISTS `academic_calendar`;
/*!40101 SET @saved_cs_client     = @@character_set_client */;
/*!40101 SET character_set_client = utf8 */;
CREATE TABLE `academic_calendar` (
  `id` bigint(20) NOT NULL AUTO_INCREMENT,
  `name` varchar(255) NOT NULL,
  `academic_year` varchar(255) NOT NULL,
  `description` text,
  `created_at` datetime NOT NULL,
  `updated_at` datetime NOT NULL,
  PRIMARY KEY (`id`)
) ENGINE=InnoDB AUTO_INCREMENT=3 DEFAULT CHARSET=latin1;
/*!40101 SET character_set_client = @saved_cs_client */;

--
-- Dumping data for table `academic_calendar`
--

LOCK TABLES `academic_calendar` WRITE;
/*!40000 ALTER TABLE `academic_calendar` DISABLE KEYS */;
INSERT INTO `academic_calendar` VALUES (1,'First Year Students Registration','2012/13','Fresh Student\'s Graduation time','2013-11-16 02:03:09','2013-11-16 02:03:09'),(2,'Second Year Students Registration','2012/13','Second Year Students Graduation time','2013-11-16 02:03:09','2013-11-16 02:03:09');
/*!40000 ALTER TABLE `academic_calendar` ENABLE KEYS */;
UNLOCK TABLES;

--
-- Table structure for table `academic_calendar_events`
--

DROP TABLE IF EXISTS `academic_calendar_events`;
/*!40101 SET @saved_cs_client     = @@character_set_client */;
/*!40101 SET character_set_client = utf8 */;
CREATE TABLE `academic_calendar_events` (
  `id` bigint(20) NOT NULL AUTO_INCREMENT,
  `event_id` bigint(20) NOT NULL,
  `academic_calendar_id` bigint(20) NOT NULL,
  `start_date` date NOT NULL,
  `end_date` date DEFAULT NULL,
  `created_at` datetime NOT NULL,
  `updated_at` datetime NOT NULL,
  PRIMARY KEY (`id`),
  KEY `event_id_idx` (`event_id`),
  KEY `academic_calendar_id_idx` (`academic_calendar_id`),
  CONSTRAINT `aaai` FOREIGN KEY (`academic_calendar_id`) REFERENCES `academic_calendar` (`id`),
  CONSTRAINT `academic_calendar_events_event_id_calendar_events_id` FOREIGN KEY (`event_id`) REFERENCES `calendar_events` (`id`)
) ENGINE=InnoDB AUTO_INCREMENT=3 DEFAULT CHARSET=latin1;
/*!40101 SET character_set_client = @saved_cs_client */;

--
-- Dumping data for table `academic_calendar_events`
--

LOCK TABLES `academic_calendar_events` WRITE;
/*!40000 ALTER TABLE `academic_calendar_events` DISABLE KEYS */;
INSERT INTO `academic_calendar_events` VALUES (1,1,1,'0000-00-00','0000-00-00','2013-11-16 02:03:09','2013-11-16 02:03:09'),(2,1,2,'0000-00-00','0000-00-00','2013-11-16 02:03:09','2013-11-16 02:03:09');
/*!40000 ALTER TABLE `academic_calendar_events` ENABLE KEYS */;
UNLOCK TABLES;

--
-- Table structure for table `action_on_student`
--

DROP TABLE IF EXISTS `action_on_student`;
/*!40101 SET @saved_cs_client     = @@character_set_client */;
/*!40101 SET character_set_client = utf8 */;
CREATE TABLE `action_on_student` (
  `id` bigint(20) NOT NULL AUTO_INCREMENT,
  `action_name` varchar(35) NOT NULL,
  `description` text,
  `created_at` datetime NOT NULL,
  `updated_at` datetime NOT NULL,
  PRIMARY KEY (`id`),
  UNIQUE KEY `action_name` (`action_name`)
) ENGINE=InnoDB DEFAULT CHARSET=latin1;
/*!40101 SET character_set_client = @saved_cs_client */;

--
-- Dumping data for table `action_on_student`
--

LOCK TABLES `action_on_student` WRITE;
/*!40000 ALTER TABLE `action_on_student` DISABLE KEYS */;
/*!40000 ALTER TABLE `action_on_student` ENABLE KEYS */;
UNLOCK TABLES;

--
-- Table structure for table `audit_log`
--

DROP TABLE IF EXISTS `audit_log`;
/*!40101 SET @saved_cs_client     = @@character_set_client */;
/*!40101 SET character_set_client = utf8 */;
CREATE TABLE `audit_log` (
  `id` bigint(20) NOT NULL AUTO_INCREMENT,
  `user_id` bigint(20) NOT NULL,
  `action` text NOT NULL,
  `created_at` datetime NOT NULL,
  `updated_at` datetime NOT NULL,
  PRIMARY KEY (`id`),
  KEY `user_id_idx` (`user_id`),
  CONSTRAINT `audit_log_user_id_user_id` FOREIGN KEY (`user_id`) REFERENCES `user` (`id`) ON DELETE CASCADE
) ENGINE=InnoDB AUTO_INCREMENT=163 DEFAULT CHARSET=latin1;
/*!40101 SET character_set_client = @saved_cs_client */;

--
-- Dumping data for table `audit_log`
--

LOCK TABLES `audit_log` WRITE;
/*!40000 ALTER TABLE `audit_log` DISABLE KEYS */;
INSERT INTO `audit_log` VALUES (1,1,'User has logged into Student Record Management System','2013-11-16 02:03:23','2013-11-16 02:03:23'),(2,3,'User has logged into Student Record Management System','2013-11-16 02:03:32','2013-11-16 02:03:32'),(3,1,'User has logged out from  Student Record Management System','2013-11-16 02:03:50','2013-11-16 02:03:50'),(4,4,'User has logged out from  Student Record Management System','2013-11-16 02:03:52','2013-11-16 02:03:52'),(5,9,'User has logged into Student Record Management System','2013-11-16 02:04:09','2013-11-16 02:04:09'),(6,6,'User has logged into Student Record Management System','2013-11-16 02:04:22','2013-11-16 02:04:22'),(7,5,'User has logged into Student Record Management System','2013-11-16 02:05:23','2013-11-16 02:05:23'),(8,2,'User has logged into Student Record Management System','2013-11-16 02:05:53','2013-11-16 02:05:53'),(9,12,'User has logged into Student Record Management System','2013-11-16 02:06:08','2013-11-16 02:06:08'),(10,13,'User has logged out from  Student Record Management System','2013-11-16 02:06:19','2013-11-16 02:06:19'),(11,11,'User has logged into Student Record Management System','2013-11-16 02:06:28','2013-11-16 02:06:28'),(12,9,'User has logged into Student Record Management System','2013-11-16 02:06:39','2013-11-16 02:06:39'),(13,5,'User has logged out from  Student Record Management System','2013-11-16 02:06:41','2013-11-16 02:06:41'),(14,1,'User has logged into Student Record Management System','2013-11-16 02:06:55','2013-11-16 02:06:55'),(15,7,'User has logged into Student Record Management System','2013-11-16 02:06:55','2013-11-16 02:06:55'),(16,10,'User has logged into Student Record Management System','2013-11-16 02:06:57','2013-11-16 02:06:57'),(17,10,'User has logged out from  Student Record Management System','2013-11-16 02:07:04','2013-11-16 02:07:04'),(18,9,'User has logged out from  Student Record Management System','2013-11-16 02:07:12','2013-11-16 02:07:12'),(19,1,'User has logged out from  Student Record Management System','2013-11-16 02:07:15','2013-11-16 02:07:15'),(20,6,'User has logged out from  Student Record Management System','2013-11-16 02:07:17','2013-11-16 02:07:17'),(21,5,'User has logged into Student Record Management System','2013-11-16 02:07:19','2013-11-16 02:07:19'),(22,4,'User has logged into Student Record Management System','2013-11-16 02:07:23','2013-11-16 02:07:23'),(23,2,'User has logged out from  Student Record Management System','2013-11-16 02:07:26','2013-11-16 02:07:26'),(24,1,'User has logged into Student Record Management System','2013-11-16 02:07:29','2013-11-16 02:07:29'),(25,9,'User has logged out from  Student Record Management System','2013-11-16 02:07:43','2013-11-16 02:07:43'),(26,3,'User has logged into Student Record Management System','2013-11-16 02:07:48','2013-11-16 02:07:48'),(27,3,'User has logged out from  Student Record Management System','2013-11-16 02:07:58','2013-11-16 02:07:58'),(28,2,'User has logged into Student Record Management System','2013-11-16 02:08:02','2013-11-16 02:08:02'),(29,6,'User has logged into Student Record Management System','2013-11-16 02:08:02','2013-11-16 02:08:02'),(30,9,'User has logged into Student Record Management System','2013-11-16 02:08:09','2013-11-16 02:08:09'),(31,7,'User has logged into Student Record Management System','2013-11-16 02:08:52','2013-11-16 02:08:52'),(32,3,'User has logged into Student Record Management System','2013-11-16 02:09:37','2013-11-16 02:09:37'),(33,3,'User has logged into Student Record Management System','2013-11-16 02:12:30','2013-11-16 02:12:30'),(34,6,'User has logged into Student Record Management System','2013-11-16 02:21:49','2013-11-16 02:21:49'),(35,10,'User has logged into Student Record Management System','2013-11-16 02:23:46','2013-11-16 02:23:46'),(36,1,'User has logged into Student Record Management System','2013-11-16 02:30:37','2013-11-16 02:30:37'),(37,6,'User has logged into Student Record Management System','2013-11-16 02:32:01','2013-11-16 02:32:01'),(38,1,'User has logged out from  Student Record Management System','2013-11-16 02:42:41','2013-11-16 02:42:41'),(39,6,'User has logged into Student Record Management System','2013-11-16 02:42:49','2013-11-16 02:42:49'),(40,7,'User has logged out from  Student Record Management System','2013-11-16 03:03:34','2013-11-16 03:03:34'),(41,12,'User has logged into Student Record Management System','2013-11-16 03:03:45','2013-11-16 03:03:45'),(42,12,'User has logged out from  Student Record Management System','2013-11-16 03:03:54','2013-11-16 03:03:54'),(43,6,'User has logged into Student Record Management System','2013-11-16 03:04:01','2013-11-16 03:04:01'),(44,6,'User has logged out from  Student Record Management System','2013-11-16 03:04:14','2013-11-16 03:04:14'),(45,10,'User has logged into Student Record Management System','2013-11-16 03:04:20','2013-11-16 03:04:20'),(46,10,'User has logged out from  Student Record Management System','2013-11-16 03:04:28','2013-11-16 03:04:28'),(47,9,'User has logged into Student Record Management System','2013-11-16 03:04:39','2013-11-16 03:04:39'),(48,7,'User has logged into Student Record Management System','2013-11-16 03:48:44','2013-11-16 03:48:44'),(49,10,'User has logged into Student Record Management System','2013-11-16 03:50:36','2013-11-16 03:50:36'),(50,3,'User has logged into Student Record Management System','2013-11-16 03:59:04','2013-11-16 03:59:04'),(51,12,'User has logged into Student Record Management System','2013-11-16 03:59:35','2013-11-16 03:59:35'),(52,10,'User has logged into Student Record Management System','2013-11-16 03:59:41','2013-11-16 03:59:41'),(53,3,'User has logged into Student Record Management System','2013-11-16 04:01:03','2013-11-16 04:01:03'),(54,7,'User has logged into Student Record Management System','2013-11-16 04:02:41','2013-11-16 04:02:41'),(55,7,'User has logged out from  Student Record Management System','2013-11-16 04:25:59','2013-11-16 04:25:59'),(56,7,'User has logged into Student Record Management System','2013-11-16 04:26:06','2013-11-16 04:26:06'),(57,7,'User has logged into Student Record Management System','2013-11-16 06:00:19','2013-11-16 06:00:19'),(58,6,'User has logged into Student Record Management System','2013-11-16 06:00:39','2013-11-16 06:00:39'),(59,2,'User has logged into Student Record Management System','2013-11-16 06:02:07','2013-11-16 06:02:07'),(60,10,'User has logged into Student Record Management System','2013-11-16 06:02:53','2013-11-16 06:02:53'),(61,2,'User has logged out from  Student Record Management System','2013-11-16 06:05:20','2013-11-16 06:05:20'),(62,2,'User has logged into Student Record Management System','2013-11-16 06:05:25','2013-11-16 06:05:25'),(63,2,'User has logged out from  Student Record Management System','2013-11-16 06:06:06','2013-11-16 06:06:06'),(64,3,'User has logged into Student Record Management System','2013-11-16 06:06:29','2013-11-16 06:06:29'),(65,12,'User has logged into Student Record Management System','2013-11-16 06:07:25','2013-11-16 06:07:25'),(66,7,'User has logged into Student Record Management System','2013-11-16 06:10:13','2013-11-16 06:10:13'),(67,9,'User has logged into Student Record Management System','2013-11-16 06:24:21','2013-11-16 06:24:21'),(68,4,'User has logged into Student Record Management System','2013-11-16 07:50:36','2013-11-16 07:50:36'),(69,7,'User has logged into Student Record Management System','2013-11-16 08:16:16','2013-11-16 08:16:16'),(70,3,'User has logged out from  Student Record Management System','2013-11-16 08:35:24','2013-11-16 08:35:24'),(71,6,'User has performed Course Offering at Program Level for Year1 Semester1','2013-11-16 08:36:36','2013-11-16 08:36:36'),(72,6,'User has logged out from  Student Record Management System','2013-11-16 08:37:18','2013-11-16 08:37:18'),(73,12,'User has logged out from  Student Record Management System','2013-11-16 08:39:17','2013-11-16 08:39:17'),(74,2,'User has logged into Student Record Management System','2013-11-16 08:57:44','2013-11-16 08:57:44'),(75,2,'User has logged out from  Student Record Management System','2013-11-16 09:26:10','2013-11-16 09:26:10'),(76,6,'User has logged into Student Record Management System','2013-11-17 01:14:37','2013-11-17 01:14:37'),(77,6,'User has performed Course Offering at Program Level for Year1 Semester1','2013-11-17 01:17:09','2013-11-17 01:17:09'),(78,3,'User has logged into Student Record Management System','2013-11-17 01:21:00','2013-11-17 01:21:00'),(79,7,'User has logged into Student Record Management System','2013-11-17 01:21:09','2013-11-17 01:21:09'),(80,12,'User has logged into Student Record Management System','2013-11-17 01:24:16','2013-11-17 01:24:16'),(81,7,'User has logged into Student Record Management System','2013-11-17 01:29:48','2013-11-17 01:29:48'),(82,12,'User has performed Course Offering at Program Level for Year1 Semester1','2013-11-17 01:30:34','2013-11-17 01:30:34'),(83,10,'User has logged into Student Record Management System','2013-11-17 01:38:09','2013-11-17 01:38:09'),(84,10,'User has logged into Student Record Management System','2013-11-17 02:25:00','2013-11-17 02:25:00'),(85,3,'User has logged into Student Record Management System','2013-11-17 02:33:28','2013-11-17 02:33:28'),(86,3,'User has changed student Center to Asella Center Human Resource Management and Leadership Weekend Year 1 Sememster1 AC Year 2010/11','2013-11-17 02:59:34','2013-11-17 02:59:34'),(87,3,'User has changed student Center to Asella Center Human Resource Management and Leadership Weekend Year 1 Sememster1 AC Year 2010/11','2013-11-17 02:59:45','2013-11-17 02:59:45'),(88,3,'User has changed student Center to Asella Center Human Resource Management and Leadership Weekend Year 1 Sememster1 AC Year 2010/11','2013-11-17 02:59:55','2013-11-17 02:59:55'),(89,3,'User has changed student Center to Asella Center Human Resource Management and Leadership Weekend Year 1 Sememster1 AC Year 2010/11','2013-11-17 03:00:02','2013-11-17 03:00:02'),(90,3,'User has changed student Center to Asella Center Human Resource Management and Leadership Weekend Year 1 Sememster1 AC Year 2010/11','2013-11-17 03:00:08','2013-11-17 03:00:08'),(91,3,'User has changed student Center to Asella Center Human Resource Management and Leadership Weekend Year 1 Sememster1 AC Year 2010/11','2013-11-17 03:00:15','2013-11-17 03:00:15'),(92,3,'User has changed student Center to Asella Center Human Resource Management and Leadership Weekend Year 1 Sememster1 AC Year 2010/11','2013-11-17 03:00:20','2013-11-17 03:00:20'),(93,12,'User has performed Course Offering at Program Level for Year1 Semester1','2013-11-17 03:12:02','2013-11-17 03:12:02'),(94,6,'User has performed Course Offering at Program Level for Year1 Semester1','2013-11-17 03:12:58','2013-11-17 03:12:58'),(95,7,'User has logged into Student Record Management System','2013-11-17 03:21:25','2013-11-17 03:21:25'),(96,12,'User has performed Course Offering at Program Level for Year1 Semester1','2013-11-17 03:24:52','2013-11-17 03:24:52'),(97,6,'User has performed Course Offering at Program Level for Year1 Semester1','2013-11-17 03:25:15','2013-11-17 03:25:15'),(98,7,'User has logged out from  Student Record Management System','2013-11-17 03:30:46','2013-11-17 03:30:46'),(99,5,'User has logged into Student Record Management System','2013-11-17 03:30:54','2013-11-17 03:30:54'),(100,12,'User has performed Course Offering at Program Level for Year1 Semester1','2013-11-17 03:51:15','2013-11-17 03:51:15'),(101,3,'User has changed student Center to Asella Center Human Resource Management and Leadership Weekend Year 1 Sememster1 AC Year 2010/11','2013-11-17 03:55:13','2013-11-17 03:55:13'),(102,10,'User has performed Course Offering at Program Level for Year1 Semester1','2013-11-17 03:58:14','2013-11-17 03:58:14'),(103,10,'User has performed Course Offering at Program Level for Year1 Semester1','2013-11-17 03:58:21','2013-11-17 03:58:21'),(104,10,'User has performed Course Offering at Program Level for Year1 Semester1','2013-11-17 03:58:26','2013-11-17 03:58:26'),(105,10,'User has performed Course Offering at Program Level for Year1 Semester1','2013-11-17 03:58:39','2013-11-17 03:58:39'),(106,12,'User has performed Course Offering at Program Level for Year1 Semester1','2013-11-17 04:07:13','2013-11-17 04:07:13'),(107,6,'User has Registered Class of Students Student Record Management System','2013-11-17 04:09:11','2013-11-17 04:09:11'),(108,12,'User has Registered Class of Students Student Record Management System','2013-11-17 04:10:12','2013-11-17 04:10:12'),(109,6,'User has Registered Class of Students Student Record Management System','2013-11-17 04:10:47','2013-11-17 04:10:47'),(110,3,'User has performed Course Offering at Program Level for Year1 Semester1','2013-11-17 04:11:43','2013-11-17 04:11:43'),(111,10,'User has Registered Class of Students Student Record Management System','2013-11-17 04:12:45','2013-11-17 04:12:45'),(112,10,'User has Registered Class of Students Student Record Management System','2013-11-17 04:13:18','2013-11-17 04:13:18'),(113,10,'User has Registered Class of Students Student Record Management System','2013-11-17 04:13:56','2013-11-17 04:13:56'),(114,3,'User has performed Course Offering at Program Level for Year1 Semester1','2013-11-17 04:14:04','2013-11-17 04:14:04'),(115,10,'User has Registered Class of Students Student Record Management System','2013-11-17 04:14:31','2013-11-17 04:14:31'),(116,3,'User has performed Course Offering at Program Level for Year1 Semester1','2013-11-17 04:14:47','2013-11-17 04:14:47'),(117,3,'User has performed Course Offering at Program Level for Year1 Semester1','2013-11-17 04:15:10','2013-11-17 04:15:10'),(118,12,'User has Registered Class of Students Student Record Management System','2013-11-17 04:15:38','2013-11-17 04:15:38'),(119,10,'User has Registered Class of Students Student Record Management System','2013-11-17 04:16:47','2013-11-17 04:16:47'),(120,10,'User has Registered Class of Students Student Record Management System','2013-11-17 04:17:26','2013-11-17 04:17:26'),(121,3,'User has Registered Class of Students Student Record Management System','2013-11-17 04:20:40','2013-11-17 04:20:40'),(122,3,'User has Registered Class of Students Student Record Management System','2013-11-17 04:25:12','2013-11-17 04:25:12'),(123,3,'User has Registered Class of Students Student Record Management System','2013-11-17 04:25:48','2013-11-17 04:25:48'),(124,3,'User has Registered Class of Students Student Record Management System','2013-11-17 04:26:17','2013-11-17 04:26:17'),(125,3,'User has Registered Class of Students Student Record Management System','2013-11-17 04:26:48','2013-11-17 04:26:48'),(126,3,'User has Registered Class of Students Student Record Management System','2013-11-17 04:27:20','2013-11-17 04:27:20'),(127,5,'User has logged out from  Student Record Management System','2013-11-17 04:37:10','2013-11-17 04:37:10'),(128,13,'User has logged into Student Record Management System','2013-11-17 04:37:19','2013-11-17 04:37:19'),(129,10,'User has logged into Student Record Management System','2013-11-17 06:13:43','2013-11-17 06:13:43'),(130,12,'User has logged into Student Record Management System','2013-11-17 06:15:00','2013-11-17 06:15:00'),(131,2,'User has logged into Student Record Management System','2013-11-17 06:15:35','2013-11-17 06:15:35'),(132,7,'User has logged into Student Record Management System','2013-11-17 06:18:16','2013-11-17 06:18:16'),(133,7,'User has performed Course Offering at Program Level for Year1 Semester1','2013-11-17 06:21:31','2013-11-17 06:21:31'),(134,7,'User has performed Course Offering at Program Level for Year1 Semester1','2013-11-17 06:23:38','2013-11-17 06:23:38'),(135,6,'User has logged into Student Record Management System','2013-11-17 06:23:41','2013-11-17 06:23:41'),(136,10,'User has submitted Student Grades','2013-11-17 06:30:24','2013-11-17 06:30:24'),(137,12,'User has submitted Student Grades','2013-11-17 06:30:47','2013-11-17 06:30:47'),(138,2,'User has submitted Student Grades','2013-11-17 06:30:53','2013-11-17 06:30:53'),(139,6,'User has submitted Student Grades','2013-11-17 06:32:17','2013-11-17 06:32:17'),(140,12,'User has submitted Student Grades','2013-11-17 06:32:27','2013-11-17 06:32:27'),(141,2,'User has submitted Student Grades','2013-11-17 06:33:04','2013-11-17 06:33:04'),(142,6,'User has submitted Student Grades','2013-11-17 06:33:28','2013-11-17 06:33:28'),(143,12,'User has submitted Student Grades','2013-11-17 06:34:01','2013-11-17 06:34:01'),(144,2,'User has submitted Student Grades','2013-11-17 06:34:48','2013-11-17 06:34:48'),(145,6,'User has submitted Student Grades','2013-11-17 06:35:15','2013-11-17 06:35:15'),(146,10,'User has submitted Student Grades','2013-11-17 06:35:17','2013-11-17 06:35:17'),(147,2,'User has submitted Student Grades','2013-11-17 06:35:40','2013-11-17 06:35:40'),(148,6,'User has submitted Student Grades','2013-11-17 06:36:09','2013-11-17 06:36:09'),(149,2,'User has submitted Student Grades','2013-11-17 06:36:30','2013-11-17 06:36:30'),(150,12,'User has submitted Student Grades','2013-11-17 06:36:39','2013-11-17 06:36:39'),(151,10,'User has submitted Student Grades','2013-11-17 06:36:59','2013-11-17 06:36:59'),(152,6,'User has submitted Student Grades','2013-11-17 06:37:02','2013-11-17 06:37:02'),(153,7,'User has logged into Student Record Management System','2013-11-18 03:14:46','2013-11-18 03:14:46'),(154,7,'User has logged into Student Record Management System','2013-11-18 03:19:57','2013-11-18 03:19:57'),(155,7,'User has logged into Student Record Management System','2013-11-18 07:38:04','2013-11-18 07:38:04'),(156,7,'User has logged into Student Record Management System','2013-11-18 08:30:37','2013-11-18 08:30:37'),(157,7,'User has logged out from  Student Record Management System','2013-11-18 08:30:47','2013-11-18 08:30:47'),(158,10,'User has logged into Student Record Management System','2013-11-18 08:30:56','2013-11-18 08:30:56'),(159,7,'User has logged into Student Record Management System','2013-11-18 10:19:31','2013-11-18 10:19:31'),(160,7,'User has logged out from  Student Record Management System','2013-11-18 10:19:37','2013-11-18 10:19:37'),(161,10,'User has logged into Student Record Management System','2013-11-18 10:19:47','2013-11-18 10:19:47'),(162,10,'User has logged into Student Record Management System','2013-11-18 11:01:40','2013-11-18 11:01:40');
/*!40000 ALTER TABLE `audit_log` ENABLE KEYS */;
UNLOCK TABLES;

--
-- Table structure for table `autoincrement`
--

DROP TABLE IF EXISTS `autoincrement`;
/*!40101 SET @saved_cs_client     = @@character_set_client */;
/*!40101 SET character_set_client = utf8 */;
CREATE TABLE `autoincrement` (
  `id` bigint(20) NOT NULL AUTO_INCREMENT,
  `entity_name` varchar(255) NOT NULL,
  `last_value` bigint(20) NOT NULL,
  `created_at` datetime NOT NULL,
  `updated_at` datetime NOT NULL,
  PRIMARY KEY (`id`)
) ENGINE=InnoDB AUTO_INCREMENT=29 DEFAULT CHARSET=latin1;
/*!40101 SET character_set_client = @saved_cs_client */;

--
-- Dumping data for table `autoincrement`
--

LOCK TABLES `autoincrement` WRITE;
/*!40000 ALTER TABLE `autoincrement` DISABLE KEYS */;
INSERT INTO `autoincrement` VALUES (1,'Student',350,'2013-11-16 02:03:10','2013-11-16 02:03:10'),(2,'Faculty',0,'2013-11-16 02:03:10','2013-11-16 02:03:10'),(3,'Department',0,'2013-11-16 02:03:10','2013-11-16 02:03:10'),(4,'AcademicPosition',0,'2013-11-16 02:03:10','2013-11-16 02:03:10'),(5,'AcademicCalendar',0,'2013-11-16 02:03:10','2013-11-16 02:03:10'),(6,'StudentSemesterAction',0,'2013-11-16 02:03:10','2013-11-16 02:03:10'),(7,'EnrollmentInfo',214,'2013-11-16 02:03:10','2013-11-16 02:03:10'),(8,'EnrollmentType',0,'2013-11-16 02:03:10','2013-11-16 02:03:10'),(9,'Grade',0,'2013-11-16 02:03:10','2013-11-16 02:03:10'),(10,'GradeType',0,'2013-11-16 02:03:10','2013-11-16 02:03:10'),(11,'Instructor',0,'2013-11-16 02:03:10','2013-11-16 02:03:10'),(12,'Program',0,'2013-11-16 02:03:10','2013-11-16 02:03:10'),(13,'ProgramChecklist',0,'2013-11-16 02:03:10','2013-11-16 02:03:10'),(14,'ProgramSection',0,'2013-11-16 02:03:10','2013-11-16 02:03:10'),(15,'ProgramType',0,'2013-11-16 02:03:10','2013-11-16 02:03:10'),(16,'Registration',0,'2013-11-16 02:03:10','2013-11-16 02:03:10'),(17,'RelatedCourses',0,'2013-11-16 02:03:10','2013-11-16 02:03:10'),(18,'SectionCourseOffering',0,'2013-11-16 02:03:10','2013-11-16 02:03:10'),(19,'SemesterType',0,'2013-11-16 02:03:10','2013-11-16 02:03:10'),(20,'StudentAcademicStatus',0,'2013-11-16 02:03:10','2013-11-16 02:03:10'),(21,'StudentCenter',0,'2013-11-16 02:03:10','2013-11-16 02:03:10'),(22,'StudentCourse',0,'2013-11-16 02:03:10','2013-11-16 02:03:10'),(23,'StudentCourseGrade',0,'2013-11-16 02:03:10','2013-11-16 02:03:10'),(24,'StudentExemption',0,'2013-11-16 02:03:10','2013-11-16 02:03:10'),(25,'StudentGraduate',0,'2013-11-16 02:03:10','2013-11-16 02:03:10'),(26,'StudentGCR',0,'2013-11-16 02:03:10','2013-11-16 02:03:10'),(27,'StudentReadmission',0,'2013-11-16 02:03:10','2013-11-16 02:03:10'),(28,'StudentWithdrawal',0,'2013-11-16 02:03:10','2013-11-16 02:03:10');
/*!40000 ALTER TABLE `autoincrement` ENABLE KEYS */;
UNLOCK TABLES;

--
-- Table structure for table `calendar_events`
--

DROP TABLE IF EXISTS `calendar_events`;
/*!40101 SET @saved_cs_client     = @@character_set_client */;
/*!40101 SET character_set_client = utf8 */;
CREATE TABLE `calendar_events` (
  `id` bigint(20) NOT NULL AUTO_INCREMENT,
  `name` varchar(255) NOT NULL,
  `description` text,
  `created_at` datetime NOT NULL,
  `updated_at` datetime NOT NULL,
  PRIMARY KEY (`id`)
) ENGINE=InnoDB AUTO_INCREMENT=8 DEFAULT CHARSET=latin1;
/*!40101 SET character_set_client = @saved_cs_client */;

--
-- Dumping data for table `calendar_events`
--

LOCK TABLES `calendar_events` WRITE;
/*!40000 ALTER TABLE `calendar_events` DISABLE KEYS */;
INSERT INTO `calendar_events` VALUES (1,'Normal Registration','This is period of Normal Registration','2013-11-16 02:03:09','2013-11-16 02:03:09'),(2,'Late Registration','This is period of Normal Registration','2013-11-16 02:03:09','2013-11-16 02:03:09'),(3,'Final Examination','This is period of Final Examination','2013-11-16 02:03:09','2013-11-16 02:03:09'),(4,'Test Period','This is period of Test','2013-11-16 02:03:09','2013-11-16 02:03:09'),(5,'Assignment Period','This is period of Assignments','2013-11-16 02:03:09','2013-11-16 02:03:09'),(6,'Semester Break Period','This is period of Semester Break','2013-11-16 02:03:09','2013-11-16 02:03:09'),(7,'Graduation','This is period of Graduation','2013-11-16 02:03:09','2013-11-16 02:03:09');
/*!40000 ALTER TABLE `calendar_events` ENABLE KEYS */;
UNLOCK TABLES;

--
-- Table structure for table `center`
--

DROP TABLE IF EXISTS `center`;
/*!40101 SET @saved_cs_client     = @@character_set_client */;
/*!40101 SET character_set_client = utf8 */;
CREATE TABLE `center` (
  `id` bigint(20) NOT NULL AUTO_INCREMENT,
  `name` varchar(250) NOT NULL,
  `description` text,
  `created_at` datetime NOT NULL,
  `updated_at` datetime NOT NULL,
  PRIMARY KEY (`id`),
  UNIQUE KEY `name` (`name`)
) ENGINE=InnoDB AUTO_INCREMENT=18 DEFAULT CHARSET=latin1;
/*!40101 SET character_set_client = @saved_cs_client */;

--
-- Dumping data for table `center`
--

LOCK TABLES `center` WRITE;
/*!40000 ALTER TABLE `center` DISABLE KEYS */;
INSERT INTO `center` VALUES (1,'Ambo','Ambo Center','2013-11-16 02:03:09','2013-11-16 02:03:09'),(2,'Sebeta','Sebeta Center','2013-11-16 02:03:09','2013-11-16 02:03:09'),(3,'Woliso','Woliso Center','2013-11-16 02:03:09','2013-11-16 02:03:09'),(4,'Ziway','Ziway Center','2013-11-16 02:03:09','2013-11-16 02:03:09'),(5,'Bishoftu','Bishoftu Center','2013-11-16 02:03:09','2013-11-16 02:03:09'),(6,'Meki','Meki Center','2013-11-16 02:03:09','2013-11-16 02:03:09'),(7,'Shambu','Shambu Center','2013-11-16 02:03:09','2013-11-16 02:03:09'),(8,'Nekemte','Nekemte Center','2013-11-16 02:03:09','2013-11-16 02:03:09'),(9,'Gimbi','Gimbi Center','2013-11-16 02:03:09','2013-11-16 02:03:09'),(10,'Dembi Dollo','Ambo Center','2013-11-16 02:03:09','2013-11-16 02:03:09'),(11,'Shashemene','shashemene center','2013-11-16 02:03:09','2013-11-16 02:03:09'),(12,'Asella','Asella center','2013-11-16 02:03:09','2013-11-16 02:03:09'),(13,'Arsi Robe','Arsi Robe center','2013-11-16 02:03:09','2013-11-16 02:03:09'),(14,'Bale','Bale center','2013-11-16 02:03:09','2013-11-16 02:03:09'),(15,'Fiche','Fiche center','2013-11-16 02:03:10','2013-11-16 02:03:10'),(16,'Adola','Adola center','2013-11-16 02:03:10','2013-11-16 02:03:10'),(17,'Yabello','Yabello center','2013-11-16 02:03:10','2013-11-16 02:03:10');
/*!40000 ALTER TABLE `center` ENABLE KEYS */;
UNLOCK TABLES;

--
-- Table structure for table `checklist_breakdown`
--

DROP TABLE IF EXISTS `checklist_breakdown`;
/*!40101 SET @saved_cs_client     = @@character_set_client */;
/*!40101 SET character_set_client = utf8 */;
CREATE TABLE `checklist_breakdown` (
  `id` bigint(20) NOT NULL AUTO_INCREMENT,
  `program_checklist_id` bigint(20) NOT NULL,
  `program_section_id` bigint(20) NOT NULL,
  `semester_type_id` bigint(20) NOT NULL,
  `year` bigint(20) NOT NULL,
  `semester` bigint(20) NOT NULL,
  `created_at` datetime NOT NULL,
  `updated_at` datetime NOT NULL,
  PRIMARY KEY (`id`),
  KEY `program_checklist_id_idx` (`program_checklist_id`),
  KEY `semester_type_id_idx` (`semester_type_id`),
  KEY `program_section_id_idx` (`program_section_id`),
  CONSTRAINT `checklist_breakdown_program_checklist_id_program_checklist_id` FOREIGN KEY (`program_checklist_id`) REFERENCES `program_checklist` (`id`) ON DELETE CASCADE,
  CONSTRAINT `checklist_breakdown_program_section_id_program_section_id` FOREIGN KEY (`program_section_id`) REFERENCES `program_section` (`id`) ON DELETE CASCADE,
  CONSTRAINT `checklist_breakdown_semester_type_id_semester_type_id` FOREIGN KEY (`semester_type_id`) REFERENCES `semester_type` (`id`) ON DELETE CASCADE
) ENGINE=InnoDB DEFAULT CHARSET=latin1;
/*!40101 SET character_set_client = @saved_cs_client */;

--
-- Dumping data for table `checklist_breakdown`
--

LOCK TABLES `checklist_breakdown` WRITE;
/*!40000 ALTER TABLE `checklist_breakdown` DISABLE KEYS */;
/*!40000 ALTER TABLE `checklist_breakdown` ENABLE KEYS */;
UNLOCK TABLES;

--
-- Table structure for table `course`
--

DROP TABLE IF EXISTS `course`;
/*!40101 SET @saved_cs_client     = @@character_set_client */;
/*!40101 SET character_set_client = utf8 */;
CREATE TABLE `course` (
  `id` bigint(20) NOT NULL AUTO_INCREMENT,
  `grade_type_id` bigint(20) NOT NULL,
  `department_id` bigint(20) NOT NULL,
  `course_number` varchar(250) NOT NULL,
  `name` varchar(250) NOT NULL,
  `credit_houre` bigint(20) NOT NULL,
  `ac_minutes` varchar(250) DEFAULT NULL,
  `aproval_date` date DEFAULT NULL,
  `description` text,
  `status` tinyint(1) DEFAULT '1',
  `created_at` datetime NOT NULL,
  `updated_at` datetime NOT NULL,
  PRIMARY KEY (`id`),
  UNIQUE KEY `course_index_idx` (`department_id`,`course_number`),
  KEY `grade_type_id_idx` (`grade_type_id`),
  KEY `department_id_idx` (`department_id`),
  CONSTRAINT `course_department_id_department_id` FOREIGN KEY (`department_id`) REFERENCES `department` (`id`),
  CONSTRAINT `course_grade_type_id_grade_type_id` FOREIGN KEY (`grade_type_id`) REFERENCES `grade_type` (`id`)
) ENGINE=InnoDB AUTO_INCREMENT=247 DEFAULT CHARSET=latin1;
/*!40101 SET character_set_client = @saved_cs_client */;

--
-- Dumping data for table `course`
--

LOCK TABLES `course` WRITE;
/*!40000 ALTER TABLE `course` DISABLE KEYS */;
INSERT INTO `course` VALUES (1,1,5,'laws201','law of persons',3,NULL,NULL,'',1,'2013-11-16 02:44:53','2013-11-16 02:44:53'),(2,1,5,'laws211','Legal history and Traditions ',3,NULL,NULL,'',1,'2013-11-16 02:46:17','2013-11-16 02:46:17'),(3,1,5,'laws221','Introduction to law and the ethiopian legal system ',3,NULL,NULL,'',1,'2013-11-16 02:47:07','2013-11-16 02:47:26'),(4,1,5,'phil201','Introduction to Logic',3,NULL,NULL,'',1,'2013-11-16 02:49:27','2013-11-16 03:02:53'),(5,1,6,'GoDM211','Governance:Theories and Practice',3,NULL,NULL,'',1,'2013-11-16 02:49:47','2013-11-17 06:18:49'),(6,1,1,'InTc201','Intoduction to Computer Science ',4,NULL,NULL,'',1,'2013-11-16 02:50:17','2013-11-16 02:50:17'),(7,1,5,'laws231','Englishfor Lawyers I ',1,NULL,NULL,'',1,'2013-11-16 02:50:23','2013-11-16 02:50:23'),(8,1,5,'laws202','constitutional law I ',3,NULL,NULL,'',1,'2013-11-16 02:51:45','2013-11-16 02:51:45'),(9,1,6,'FLEN211','Communication English Skills',3,NULL,NULL,'',1,'2013-11-16 02:52:41','2013-11-16 02:52:41'),(10,1,3,'MGMT251','Introduction to managment',3,NULL,NULL,'',1,'2013-11-16 02:52:48','2013-11-16 02:52:48'),(11,1,5,'laws212','Family Law',3,NULL,NULL,'',1,'2013-11-16 02:52:50','2013-11-16 02:52:50'),(12,1,1,'InTc203','Fundamentals of IT',4,NULL,NULL,'',1,'2013-11-16 02:52:53','2013-11-16 02:52:53'),(13,1,2,'ACPF201','PRINCIPLE OF ACCOUNTIN I',3,NULL,NULL,'',1,'2013-11-16 02:53:07','2013-11-16 03:27:56'),(14,1,4,'Flen211','Communicating Skills',3,NULL,NULL,'',1,'2013-11-16 02:53:24','2013-11-16 02:53:24'),(15,1,3,'HRML231','Introduction to Human Resource management',3,NULL,NULL,'',1,'2013-11-16 02:53:34','2013-11-16 02:53:34'),(16,1,5,'laws311','law fo Contract I ',3,NULL,NULL,'',1,'2013-11-16 02:53:42','2013-11-16 02:53:42'),(17,1,1,'InTc2011','Fundamentals  of programming I',3,NULL,NULL,'',1,'2013-11-16 02:53:44','2013-11-16 02:53:44'),(18,1,6,'GoDM221','Constitution and Constitutionalism',3,NULL,NULL,'',1,'2013-11-16 02:53:54','2013-11-16 02:53:54'),(19,1,3,'HRML241','Intoduction to Leadership Development',3,NULL,NULL,'',1,'2013-11-16 02:54:09','2013-11-16 02:56:03'),(20,1,2,'HRML251','INTRODUCTION TO MANAGEMENT',3,NULL,NULL,'',1,'2013-11-16 02:54:09','2013-11-16 02:54:09'),(21,1,5,'laws232','Englishfor Lawyers II',3,NULL,NULL,'',1,'2013-11-16 02:54:19','2013-11-16 02:54:19'),(22,1,4,'ABM221','Business Mathematics',3,NULL,NULL,'',1,'2013-11-16 02:54:33','2013-11-16 02:54:33'),(23,1,3,'HRML252','Team Building and Empaowerment',3,NULL,NULL,'',1,'2013-11-16 02:54:38','2013-11-16 02:55:48'),(24,1,6,'GoDM231','Organizational Leadership and Managmenr',3,NULL,NULL,'',1,'2013-11-16 02:54:51','2013-11-16 02:54:51'),(25,1,1,'InTc212','Fundamentals  of programming  II',3,NULL,NULL,'',1,'2013-11-16 02:54:59','2013-11-16 02:54:59'),(26,1,5,'laws301','Constitutional Law II',3,NULL,NULL,'',1,'2013-11-16 02:55:18','2013-11-16 02:55:18'),(27,1,2,'ECON201','MICROECONOMICS',3,NULL,NULL,'',1,'2013-11-16 02:55:28','2013-11-16 02:55:28'),(28,1,6,'Econ211','Microeconomics ',3,NULL,NULL,'',1,'2013-11-16 02:55:31','2013-11-16 02:55:31'),(29,1,3,'ECON232','Introduction to Economics',3,NULL,NULL,'',1,'2013-11-16 02:55:32','2013-11-16 02:55:32'),(30,1,4,'ABM231','Livestock and Poultry Production and Management',4,NULL,NULL,'',1,'2013-11-16 02:55:37','2013-11-16 02:55:37'),(31,1,6,'GoDm212','Media and Public Communication ',2,NULL,NULL,'',1,'2013-11-16 02:56:19','2013-11-16 02:56:19'),(32,1,2,'FLEN211','COMMUNICATING SKILL',3,NULL,NULL,'',1,'2013-11-16 02:56:35','2013-11-16 02:56:35'),(33,1,1,'InTc315','Object Oriented Programming ',3,NULL,NULL,'',1,'2013-11-16 02:56:41','2013-11-16 02:56:41'),(34,1,4,'ABM241','Introduction to Agribusiness and Management',3,NULL,NULL,'',1,'2013-11-16 02:56:42','2013-11-16 02:56:42'),(35,1,3,'FLEn221','Communicating Skills',3,NULL,NULL,'',1,'2013-11-16 02:56:42','2013-11-16 02:56:42'),(36,1,5,'cosc201','Introdution to Computer and the Interrnet ',3,NULL,NULL,'',1,'2013-11-16 02:56:58','2013-11-16 02:56:58'),(37,1,6,'FLE212','Basic writing Skills',3,NULL,NULL,'',1,'2013-11-16 02:57:12','2013-11-16 02:57:12'),(38,1,2,'ACPF211','INTRODUCTION TO PUBLIC FINANCE',3,NULL,NULL,'',1,'2013-11-16 02:57:28','2013-11-16 02:57:28'),(39,1,3,'CIET211','Civic and Ethical Education ',2,NULL,NULL,'',1,'2013-11-16 02:57:31','2013-11-16 02:57:31'),(40,1,5,'laws312','law fo Contract II ',3,NULL,NULL,'',1,'2013-11-16 02:57:32','2013-11-16 02:57:32'),(41,1,4,'Flen212','College Writing Skills',3,NULL,NULL,'',1,'2013-11-16 02:57:52','2013-11-16 02:57:52'),(42,1,1,'InTc316','Data Structure and Algorithm Analysis ',4,NULL,NULL,'',1,'2013-11-16 02:57:53','2013-11-16 02:57:53'),(43,1,3,'GPSY222','General psychology',2,NULL,NULL,'',1,'2013-11-16 02:58:02','2013-11-16 02:58:02'),(44,1,6,'HRML351','Organizational Behavior ',3,NULL,NULL,'',1,'2013-11-16 02:58:04','2013-11-16 02:58:04'),(45,1,5,'laws331','Criminal Law I',3,NULL,NULL,'',1,'2013-11-16 02:58:17','2013-11-16 02:58:17'),(46,1,3,'FLEN212','Basic Writing Skills',3,NULL,NULL,'',1,'2013-11-16 02:58:37','2013-11-16 02:58:37'),(47,1,2,'CIET331','CIVIC & ETHICAL EDUCATION',2,NULL,NULL,'',1,'2013-11-16 02:58:38','2013-11-16 02:58:38'),(48,1,1,'InTc416','Network Programming ',3,NULL,NULL,'',1,'2013-11-16 02:58:40','2013-11-16 02:58:40'),(49,1,5,'laws351','Law of Successions ',3,NULL,NULL,'',1,'2013-11-16 02:58:48','2013-11-16 02:58:48'),(50,1,6,'Laws422','Administrative Law',2,NULL,NULL,'',1,'2013-11-16 02:58:51','2013-11-16 02:58:51'),(51,1,4,'ABM222','Principlen of Crop Production and Management',4,NULL,NULL,'',1,'2013-11-16 02:58:57','2013-11-16 02:58:57'),(52,1,3,'HRML242','Leadership and Conflict Management',3,NULL,NULL,'',1,'2013-11-16 02:59:10','2013-11-16 02:59:10'),(53,1,5,'law242','Legal Reserch Methods ',3,NULL,NULL,'',1,'2013-11-16 02:59:21','2013-11-16 02:59:21'),(54,1,6,'Econ222','Macro Economics ',3,NULL,NULL,'',1,'2013-11-16 02:59:24','2013-11-16 02:59:24'),(55,1,2,'INTC201','BASIC COMPUTER APPLICATION',2,NULL,NULL,'',1,'2013-11-16 02:59:33','2013-11-16 02:59:33'),(56,1,4,'Psyc222','General pychology',2,NULL,NULL,'',1,'2013-11-16 02:59:40','2013-11-16 02:59:40'),(57,1,5,'law312','Law of Contract II',3,NULL,NULL,'',1,'2013-11-16 02:59:56','2013-11-16 02:59:56'),(58,1,3,'HRML341','Leadership and Theory and Practice',3,NULL,NULL,'',1,'2013-11-16 03:00:05','2013-11-16 03:00:05'),(59,1,6,'Laws361','Introdaction to Federalism',2,NULL,NULL,'',1,'2013-11-16 03:00:31','2013-11-16 03:00:31'),(60,1,3,'COMP321','Introduction to Basic Computer Skills',3,NULL,NULL,'',1,'2013-11-16 03:00:42','2013-11-16 03:00:42'),(61,1,3,'HRML351','Organizational Behavior',3,NULL,NULL,'',1,'2013-11-16 03:01:08','2013-11-16 03:01:08'),(62,1,5,'laws332','Criminal Law II',3,NULL,NULL,'',1,'2013-11-16 03:01:13','2013-11-16 03:01:13'),(63,1,2,'ACPF202','PRINCIPLES OF ACCOUNTIN II',3,NULL,NULL,'',1,'2013-11-16 03:01:26','2013-11-16 03:01:26'),(64,1,3,'HRML312','Administrative and Business Communication ',3,NULL,NULL,'',1,'2013-11-16 03:01:36','2013-11-16 03:01:36'),(65,1,1,'InTc222','system Analysis and Design',3,NULL,NULL,'',1,'2013-11-16 03:01:48','2013-11-16 03:01:48'),(66,1,4,'CiEt152','Civic and ethical Education',3,NULL,NULL,'',1,'2013-11-16 03:01:57','2013-11-16 03:02:26'),(67,1,6,'GoDM331','Development: Theories and Practice',3,NULL,NULL,'',1,'2013-11-16 03:02:01','2013-11-16 03:02:01'),(68,1,5,'laws361','federalism ',2,NULL,NULL,'',1,'2013-11-16 03:02:05','2013-11-16 03:03:08'),(69,1,2,'ECON202','MACROECONOMICS',3,NULL,NULL,'',1,'2013-11-16 03:02:10','2013-11-16 03:02:10'),(70,1,3,'SOCI331','Introduction to sociology',2,NULL,NULL,'',1,'2013-11-16 03:02:11','2013-11-16 03:02:11'),(71,1,6,'CiEt152','Civic and Ethics ',3,NULL,NULL,'',1,'2013-11-16 03:02:36','2013-11-17 06:20:25'),(72,1,3,'MGMT412','Introduction to Development Managment',2,NULL,NULL,'',1,'2013-11-16 03:02:53','2013-11-16 03:02:53'),(73,1,2,'ACPF222','REVENU GENERETION AND TAXATION',3,NULL,NULL,'',1,'2013-11-16 03:02:59','2013-11-16 03:02:59'),(74,1,4,'ACPF201','Principles of Acconting I',3,NULL,NULL,'',1,'2013-11-16 03:03:19','2013-11-16 03:03:19'),(75,1,3,'HRML332','Introdction to Public Administration',3,NULL,NULL,'',1,'2013-11-16 03:03:22','2013-11-16 03:03:22'),(76,1,1,'InTc324','Object Oriented system Analysis and Design',3,NULL,NULL,'',1,'2013-11-16 03:03:24','2013-11-16 03:03:24'),(77,1,5,'laws222','Interdisciplinary I ',3,NULL,NULL,'',1,'2013-11-16 03:03:38','2013-11-16 03:03:38'),(78,1,3,'HRML352','Statistics for Managment I',3,NULL,NULL,'',1,'2013-11-16 03:03:46','2013-11-16 03:03:46'),(79,1,2,'FLEN212','BASIC WRITING SKILLS',3,NULL,NULL,'',1,'2013-11-16 03:03:47','2013-11-16 03:03:47'),(80,1,6,'IT351','Introduction to Information Technology',3,NULL,NULL,'',1,'2013-11-16 03:03:48','2013-11-16 03:03:48'),(81,1,4,'ABM311','Introduction to Economics',3,NULL,NULL,'',1,'2013-11-16 03:04:08','2013-11-16 03:04:08'),(82,1,5,'law342','Eployment and Labour law ',4,NULL,NULL,'',1,'2013-11-16 03:04:10','2013-11-16 03:04:10'),(83,1,3,'MGMT322','Enterpreneurship and Small Business Managment',3,NULL,NULL,'',1,'2013-11-16 03:04:15','2013-11-16 03:04:15'),(84,1,2,'LAWS552','BUSINESS LAW',2,NULL,NULL,'',1,'2013-11-16 03:04:29','2013-11-16 03:04:29'),(85,1,5,'laws321','Interdisciplinary II ',3,NULL,NULL,'',1,'2013-11-16 03:04:39','2013-11-16 03:04:39'),(86,1,1,'InTc323','Fundamentals of Database  Systems ',3,NULL,NULL,'',1,'2013-11-16 03:04:40','2013-11-16 03:04:40'),(87,1,3,'HRML342','Mathematics for Management',3,NULL,NULL,'',1,'2013-11-16 03:04:54','2013-11-16 03:04:54'),(88,1,4,'ABM321','Marketing Management',3,NULL,NULL,'',1,'2013-11-16 03:05:06','2013-11-16 03:05:06'),(89,1,5,'laws302','Law of Civil Procedure I ',3,NULL,NULL,'',1,'2013-11-16 03:05:25','2013-11-16 03:05:25'),(90,1,3,'MGMT421','Management Information System',3,NULL,NULL,'',1,'2013-11-16 03:05:36','2013-11-16 03:05:36'),(91,1,2,'ACPF322','INTODUCTION TO STATISTICS',3,NULL,NULL,'',1,'2013-11-16 03:05:38','2013-11-16 03:05:38'),(92,1,6,'GoDM222','Introduction to politcal Science and Intenational relations',3,NULL,NULL,'',1,'2013-11-16 03:05:48','2013-11-16 03:05:48'),(93,1,4,'Soci331','Introduction to Sociology',2,NULL,NULL,'',1,'2013-11-16 03:05:52','2013-11-16 03:05:52'),(94,1,5,'laws322','Law of Traders and Business Organization ',3,NULL,NULL,'',1,'2013-11-16 03:06:12','2013-11-16 03:06:12'),(95,1,3,'HRML431','Public Policy Making and Analysis',3,NULL,NULL,'',1,'2013-11-16 03:06:22','2013-11-16 03:06:22'),(96,1,2,'HRML312','ADMINISTRETIV &BUSINESS COMMUNCATION',2,NULL,NULL,'',1,'2013-11-16 03:06:27','2013-11-16 03:06:27'),(97,1,6,'ACFP311','Principle of Accounting ',3,NULL,NULL,'',1,'2013-11-16 03:06:28','2013-11-16 03:06:28'),(98,1,1,'InTc325','Advanced Database System',3,NULL,NULL,'',1,'2013-11-16 03:06:40','2013-11-16 03:06:40'),(99,1,5,'laws352','jurisprudence ',3,NULL,NULL,'',1,'2013-11-16 03:06:44','2013-11-16 03:06:44'),(100,1,3,'HRML451','Statistics for Managment II',3,NULL,NULL,'',1,'2013-11-16 03:06:45','2013-11-16 03:06:45'),(101,1,4,'InTn201','Introduction to Basic Computer skills',3,NULL,NULL,'',1,'2013-11-16 03:06:50','2013-11-16 03:06:50'),(102,1,1,'InTc345','Fundamentals of Operating System',4,NULL,NULL,'',1,'2013-11-16 03:07:02','2013-11-16 03:07:02'),(103,1,3,'ACPF201','Principles of Accounting ',3,NULL,NULL,'',1,'2013-11-16 03:07:13','2013-11-16 03:07:13'),(104,1,4,'ACPF202','Principles of Acconting II',3,NULL,NULL,'',1,'2013-11-16 03:07:20','2013-11-16 03:07:20'),(105,1,5,'laws421','Extraconrtactual Liability ',3,NULL,NULL,'',1,'2013-11-16 03:07:24','2013-11-16 03:07:24'),(106,1,1,'InTc433','Introduction to Telecom Technologies',2,NULL,NULL,'',1,'2013-11-16 03:07:24','2013-11-16 03:07:24'),(107,1,2,'ACPF301','FINANCIAL ACCOUNTING I',4,NULL,NULL,'',1,'2013-11-16 03:07:27','2013-11-16 03:07:27'),(108,1,6,'GoDM321','Decentralization and Local Governance',2,NULL,NULL,'',1,'2013-11-16 03:07:44','2013-11-16 03:07:44'),(109,1,3,'HRML412','Change Managment Tools and Initiatives',3,NULL,NULL,'',1,'2013-11-16 03:07:50','2013-11-16 03:07:50'),(110,1,5,'laws401','Civil Procedure Law II ',3,NULL,NULL,'',1,'2013-11-16 03:07:52','2013-11-16 03:07:52'),(111,1,1,'InTc332','Data Communication and Computer Networks',4,NULL,NULL,'',1,'2013-11-16 03:07:55','2013-11-16 03:07:55'),(112,1,4,'ABM312','Managerial Economics',3,NULL,NULL,'',1,'2013-11-16 03:08:03','2013-11-16 03:08:03'),(113,1,2,'ACPF311','COST &MANAGEMENT ACCOUNTING  I',3,NULL,NULL,'',1,'2013-11-16 03:08:08','2013-11-16 03:08:08'),(114,1,1,'InTc436','Wireless Networking and Mobile Computing',3,NULL,NULL,'',1,'2013-11-16 03:08:22','2013-11-16 03:08:22'),(115,1,5,'laws411','criminal Procedure Law ',3,NULL,NULL,'',1,'2013-11-16 03:08:24','2013-11-16 03:08:24'),(116,1,3,'LAWS531','Employement Law',3,NULL,NULL,'',1,'2013-11-16 03:08:30','2013-11-16 03:08:30'),(117,1,1,'InTc444','Network Device Configuration',2,NULL,NULL,'',1,'2013-11-16 03:08:42','2013-11-16 03:08:42'),(118,1,4,'ACPF311','Cost and Management Accounting',3,NULL,NULL,'',1,'2013-11-16 03:08:46','2013-11-16 03:08:46'),(119,1,5,'laws242','Legal Writing ',2,NULL,NULL,'',1,'2013-11-16 03:08:48','2013-11-16 03:08:48'),(120,1,3,'HRML432','Performance Managment ',3,NULL,NULL,'',1,'2013-11-16 03:08:54','2013-11-16 03:08:54'),(121,1,6,'HRML342','Mathematics for Management',3,NULL,NULL,'',1,'2013-11-16 03:08:58','2013-11-16 03:08:58'),(122,1,1,'InTc443','Computer Maintenance and Technical Support',2,NULL,NULL,'',1,'2013-11-16 03:09:08','2013-11-16 03:09:08'),(123,1,5,'laws341','property law ',4,NULL,NULL,'',1,'2013-11-16 03:09:10','2013-11-16 03:09:10'),(124,1,3,'HRML471','Reward Managment',3,NULL,NULL,'',1,'2013-11-16 03:09:13','2013-11-16 03:09:13'),(125,1,2,'MGT521','CUSTOMER SERVICE DELIVER & CIVL SERVICE ETHICS',2,NULL,NULL,'',1,'2013-11-16 03:09:23','2013-11-16 03:09:23'),(126,1,1,'InTc447','System and Network Administration',4,NULL,NULL,'',1,'2013-11-16 03:09:27','2013-11-16 03:09:27'),(127,1,5,'laws441','Public International Law ',3,NULL,NULL,'',1,'2013-11-16 03:09:29','2013-11-16 03:10:05'),(128,1,6,'Phil211','Introduction to Logic ',3,NULL,NULL,'',1,'2013-11-16 03:09:33','2013-11-16 03:09:33'),(129,1,3,'HRML442','Research Method',3,NULL,NULL,'',1,'2013-11-16 03:09:41','2013-11-16 03:09:41'),(130,1,4,'ABM332','Supply Chain and Materials Management',3,NULL,NULL,'',1,'2013-11-16 03:09:43','2013-11-16 03:09:43'),(131,1,1,'InTc451','Internet Programming I',3,NULL,NULL,'',1,'2013-11-16 03:09:46','2013-11-16 03:09:46'),(132,1,3,'HRML311','Hrm Tehories and Practices',3,NULL,NULL,'',1,'2013-11-16 03:10:01','2013-11-16 03:10:01'),(133,1,1,'InTc452`','Internet Programming II',3,NULL,NULL,'',1,'2013-11-16 03:10:07','2013-11-16 03:10:07'),(134,1,2,'ACPF341','MATHEMATICS FOR FINANCE',3,NULL,NULL,'',1,'2013-11-16 03:10:09','2013-11-16 03:10:09'),(135,1,1,'InTc465','Multimedia Systems',3,NULL,NULL,'',1,'2013-11-16 03:10:26','2013-11-16 03:10:26'),(136,1,3,'ACPF431','Gevermnet Budget and Control',2,NULL,NULL,'',1,'2013-11-16 03:10:32','2013-11-16 03:10:32'),(137,1,5,'laws451','Tax Law ',3,NULL,NULL,'',1,'2013-11-16 03:10:33','2013-11-16 03:10:33'),(138,1,4,'ABM342','Establishing an Agribusiness',3,NULL,NULL,'',1,'2013-11-16 03:10:45','2013-11-16 03:10:45'),(139,1,2,'ACPF321','TAX ADMINISTRATION',3,NULL,NULL,'',1,'2013-11-16 03:10:46','2013-11-16 03:10:46'),(140,1,1,'InTc565','Human Computer Interaction',4,NULL,NULL,'',1,'2013-11-16 03:10:48','2013-11-16 03:10:48'),(141,1,3,'ACPF401','Introduction to Fayinancial Managment',3,NULL,NULL,'',1,'2013-11-16 03:11:00','2013-11-16 03:11:00'),(142,1,1,'InTc472','Data Mapping and Exchange',3,NULL,NULL,'',1,'2013-11-16 03:11:11','2013-11-16 03:11:11'),(143,1,5,'laws412','Environmental law ',2,NULL,NULL,'',1,'2013-11-16 03:11:21','2013-11-16 03:11:21'),(144,1,3,'Hrml461','Human Resource Training and Develpment ',3,NULL,NULL,'',1,'2013-11-16 03:11:29','2013-11-16 03:11:29'),(145,1,6,'GoDM311','Human Rights and Democracy',3,NULL,NULL,'',1,'2013-11-16 03:11:35','2013-11-16 03:11:35'),(146,1,1,'InTc574','Integrative Programming and Technologies',2,NULL,NULL,'',1,'2013-11-16 03:11:37','2013-11-16 03:11:37'),(147,1,4,'HRML252','Administrative and Business Communication',3,NULL,NULL,'',1,'2013-11-16 03:11:43','2013-11-16 03:11:43'),(148,1,5,'laws402','Law of Evidence ',3,NULL,NULL,'',1,'2013-11-16 03:11:51','2013-11-16 03:11:51'),(149,1,2,'MGT322','ENTREPRENEURSHIP &SMALL BUSINESS MGT',3,NULL,NULL,'',1,'2013-11-16 03:11:53','2013-11-16 03:11:53'),(150,1,3,'HRML421','Seminar in Emplyee Relations',2,NULL,NULL,'',1,'2013-11-16 03:12:06','2013-11-16 03:12:06'),(151,1,1,'InTc583','Current Trends in IT',2,NULL,NULL,'',1,'2013-11-16 03:12:07','2013-11-16 03:12:07'),(152,1,6,'Stat321','Inntroduction to Statistics ',3,NULL,NULL,'',1,'2013-11-16 03:12:11','2013-11-16 03:12:11'),(153,1,5,'laws452','Conflict of laws',4,NULL,NULL,'',1,'2013-11-16 03:12:17','2013-11-16 03:12:17'),(154,1,1,'InTc506','Expert Systems',3,NULL,NULL,'',1,'2013-11-16 03:12:25','2013-11-16 03:12:25'),(155,1,3,'MGMT521','Customer Service Delivery and Civil Service Ethics',2,NULL,NULL,'',1,'2013-11-16 03:12:40','2013-11-16 03:12:40'),(156,1,5,'laws422','Administative law ',2,NULL,NULL,'',1,'2013-11-16 03:12:41','2013-11-16 03:12:41'),(157,1,4,'ABM411','Natural Resource & Environmental Economics',3,NULL,NULL,'',1,'2013-11-16 03:12:43','2013-11-16 03:12:43'),(158,1,2,'ACPF431','GOVERNMENT BUDGETING',3,NULL,NULL,'',1,'2013-11-16 03:12:48','2013-11-16 03:12:48'),(159,1,1,'InTc505','Computer Security and Information  Assurance',3,NULL,NULL,'',1,'2013-11-16 03:12:51','2013-11-16 03:12:51'),(160,1,5,'laws432','Legilative Drafting ',2,NULL,NULL,'',1,'2013-11-16 03:12:59','2013-11-16 03:13:17'),(161,1,6,'GoDM342','Development Economics ',3,NULL,NULL,'',1,'2013-11-16 03:13:01','2013-11-16 03:13:01'),(162,1,3,'HRML411','Project Analaysis and Managment ',3,NULL,NULL,'',1,'2013-11-16 03:13:05','2013-11-16 03:13:05'),(163,1,1,'InTc494','IT Project Management',3,NULL,NULL,'',1,'2013-11-16 03:13:11','2013-11-16 03:13:11'),(164,1,4,'ABM421','Farm Business Management',3,NULL,NULL,'',1,'2013-11-16 03:13:21','2013-11-16 03:13:21'),(165,1,3,'LAWS512','Administrative Law',2,NULL,NULL,'',1,'2013-11-16 03:13:27','2013-11-16 03:13:27'),(166,1,5,'laws462','Gender and the law ',3,NULL,NULL,'',1,'2013-11-16 03:13:39','2013-11-16 03:13:39'),(167,1,1,'InTc591','Industrial Project 1',3,NULL,NULL,'',1,'2013-11-16 03:13:39','2013-11-16 03:13:39'),(168,1,2,'ACPF302','FINANCIAL ACCOUNTING II',4,NULL,NULL,'',1,'2013-11-16 03:13:45','2013-11-16 03:13:45'),(169,1,3,'HRML482','Senior Essay',3,NULL,NULL,'',1,'2013-11-16 03:13:53','2013-11-16 03:13:53'),(170,1,6,'GoDm312','Entrepreneurship and Development ',3,NULL,NULL,'',1,'2013-11-16 03:14:01','2013-11-16 03:14:01'),(171,1,3,'HRML462','Strategic Managment ',3,NULL,NULL,'',1,'2013-11-16 03:14:19','2013-11-16 03:14:19'),(172,1,1,'InTc592','Industrial Project II',3,NULL,NULL,'',1,'2013-11-16 03:14:28','2013-11-16 03:14:28'),(173,1,2,'ACPF312','COST & MANAGEMENT ACCOUNTING II',3,NULL,NULL,'',1,'2013-11-16 03:14:37','2013-11-16 03:14:37'),(174,1,5,'laws531','Human Rights law  ',3,NULL,NULL,'',1,'2013-11-16 03:14:47','2013-11-16 03:14:47'),(175,1,6,'GoDM341','Gender and Development ',2,NULL,NULL,'',1,'2013-11-16 03:14:49','2013-11-16 03:14:49'),(176,1,5,'laws521','Legal Profession and Ethics ',3,NULL,NULL,'',1,'2013-11-16 03:15:16','2013-11-16 03:15:39'),(177,1,2,'ACPF451','COMPUTERIZED ACCOUNTING',3,NULL,NULL,'',1,'2013-11-16 03:15:24','2013-11-16 03:15:24'),(178,1,6,'GoDm352','Reserch Methods in Social Science',3,NULL,NULL,'',1,'2013-11-16 03:16:14','2013-11-16 03:16:14'),(179,1,4,'ABM431','Management of Horticulture and Floriculture based  Enterprises',3,NULL,NULL,'',1,'2013-11-16 03:16:15','2013-11-16 03:17:30'),(180,1,1,'InTc496','Industrial  Attachmant',3,NULL,NULL,'',1,'2013-11-16 03:16:15','2013-11-16 03:16:15'),(181,1,2,'ACPF581','ADUITING I',3,NULL,NULL,'',1,'2013-11-16 03:16:20','2013-11-16 03:16:20'),(182,1,5,'laws511','Appellate Advacacy and Appellate moot court ',2,NULL,NULL,'',1,'2013-11-16 03:16:28','2013-11-16 03:16:28'),(183,1,6,'GoDM322','Urban Governance and Municipal ',3,NULL,NULL,'',1,'2013-11-16 03:17:05','2013-11-16 03:17:05'),(184,1,2,'ACPF422','RISK MANAGEMENT AND INSURANCE',3,NULL,NULL,'',1,'2013-11-16 03:17:20','2013-11-16 03:17:20'),(185,1,5,'laws602','externship ',1,NULL,NULL,'',1,'2013-11-16 03:17:28','2013-11-16 03:17:28'),(186,1,6,'GoDm372','Globalization and Development ',2,NULL,NULL,'',1,'2013-11-16 03:17:44','2013-11-16 03:17:44'),(187,1,1,'FIEN301','Basic Writing Skills ',3,NULL,NULL,'',1,'2013-11-16 03:18:08','2013-11-16 03:18:08'),(188,1,2,'ACPF432','PROCUREMENT AND PROPERTY MANAGEMENT',3,NULL,NULL,'',1,'2013-11-16 03:18:22','2013-11-16 03:18:22'),(189,1,4,'ABM441','Introduction to Statistics',3,NULL,NULL,'',1,'2013-11-16 03:18:23','2013-11-16 03:18:23'),(190,1,6,'GoDM332','Rural Governance and Development ',2,NULL,NULL,'',1,'2013-11-16 03:18:32','2013-11-16 03:18:32'),(191,1,4,'Law552','Business Law',2,NULL,NULL,'',1,'2013-11-16 03:18:46','2013-11-16 03:18:46'),(192,1,1,'CeEt352','Civic and Ethical Education ',2,NULL,NULL,'',1,'2013-11-16 03:19:06','2013-11-16 03:19:06'),(193,1,6,'GoDM451','Development Finance ',3,NULL,NULL,'',1,'2013-11-16 03:19:07','2013-11-16 03:48:25'),(194,1,4,'ABM412','Credit and Finance in Agribusiness ',3,NULL,NULL,'',1,'2013-11-16 03:19:13','2013-11-16 03:19:13'),(195,1,2,'ACPF401','FINANCIAL MANAGEMENT I',3,NULL,NULL,'',1,'2013-11-16 03:19:26','2013-11-16 03:19:26'),(196,1,4,'ABM422','International Trade and Marketing',3,NULL,NULL,'',1,'2013-11-16 03:19:31','2013-11-16 03:19:31'),(197,1,4,'ABM432','Research Method',3,NULL,NULL,'',1,'2013-11-16 03:19:47','2013-11-16 03:19:47'),(198,1,6,'GoDm431','Comparative Governance and Political System',3,NULL,NULL,'',1,'2013-11-16 03:19:53','2013-11-16 03:19:53'),(199,1,2,'ACPF582','AUDITING II',3,NULL,NULL,'',1,'2013-11-16 03:20:01','2013-11-16 03:20:01'),(200,1,4,'ABM442','Principle of Food Processing and Preservation',3,NULL,NULL,'',1,'2013-11-16 03:20:08','2013-11-16 03:20:08'),(201,1,1,'FIEn201','Communicative English Skills ',2,NULL,NULL,'',1,'2013-11-16 03:20:28','2013-11-16 03:20:28'),(202,1,4,'HRML231','Human Resource Management ',2,NULL,NULL,'',1,'2013-11-16 03:20:31','2013-11-16 03:20:31'),(203,1,2,'ACPF411','PROJECT ANALYSIS AND MANAGEMENT',3,NULL,NULL,'',1,'2013-11-16 03:20:47','2013-11-16 03:20:47'),(204,1,6,'GoDM441','Public Administration and Development Management ',3,NULL,NULL,'',1,'2013-11-16 03:20:52','2013-11-16 03:20:52'),(205,1,4,'ABM511','Organization and Management of Cooperatives',3,NULL,NULL,'',1,'2013-11-16 03:21:06','2013-11-16 03:21:06'),(206,1,4,'ABM521','Operation Research Method',3,NULL,NULL,'',1,'2013-11-16 03:21:37','2013-11-16 03:21:37'),(207,1,1,'HRML412','Administrative and Business  Communication ',2,NULL,NULL,'',1,'2013-11-16 03:21:42','2013-11-16 03:21:42'),(208,1,2,'ACPF501','GOVERNMENT AND NOT FOR PROFIT ACCOUNTING',3,NULL,NULL,'',1,'2013-11-16 03:21:42','2013-11-16 03:21:42'),(209,1,6,'GoDM362','Regional  Growth and Local Development ',3,NULL,NULL,'',1,'2013-11-16 03:21:45','2013-11-16 03:21:45'),(210,1,4,'ABM531','Senior Research Project I (Seminar)',1,NULL,NULL,'',1,'2013-11-16 03:21:57','2013-11-16 03:22:17'),(211,1,2,'ACPF551','RESEARCH METHOD',3,NULL,NULL,'',1,'2013-11-16 03:22:20','2013-11-16 03:22:20'),(212,1,6,'GoDM452','Public Polic Making and Analysis ',3,NULL,NULL,'',1,'2013-11-16 03:22:36','2013-11-16 03:22:36'),(213,1,4,'ABM541','Agriculture Project Planning and Analysis',3,NULL,NULL,'',1,'2013-11-16 03:22:38','2013-11-16 03:22:38'),(214,1,1,'InTc204','Logic in Computer Science',3,NULL,NULL,'',1,'2013-11-16 03:22:42','2013-11-16 03:22:42'),(215,1,4,'ABM322','Agricultural Marketing',3,NULL,NULL,'',1,'2013-11-16 03:22:55','2013-11-16 03:23:08'),(216,1,2,'ACPF452','ACCOUNTING INFORMATION SYSTEM',3,NULL,NULL,'',1,'2013-11-16 03:23:00','2013-11-16 03:23:00'),(217,1,6,'GoDM421','Conflict Managament and Peace Buiding ',3,NULL,NULL,'',1,'2013-11-16 03:23:29','2013-11-16 03:23:29'),(218,1,2,'ACPF402','FINANCIAL MANAGEMENT II',3,NULL,NULL,'',1,'2013-11-16 03:23:50','2013-11-16 03:23:50'),(219,1,1,'InTc382','IT  and Economic developmet',2,NULL,NULL,'',1,'2013-11-16 03:23:54','2013-11-16 03:23:54'),(220,1,6,'GoDm411','Development Project Planning and Management ',3,NULL,NULL,'',1,'2013-11-16 03:24:10','2013-11-16 03:24:10'),(221,1,2,'ACPF412','FINANCIAL INSTITUTION AND MARKETS',3,NULL,NULL,'',1,'2013-11-16 03:24:15','2013-11-16 03:24:15'),(222,1,2,'ACPF502','ADVANCED ACCOUNTING',3,NULL,NULL,'',1,'2013-11-16 03:24:30','2013-11-16 03:24:30'),(223,1,4,'ABM512','Agribusiness policy Analysis & Strategy',3,NULL,NULL,'',1,'2013-11-16 03:24:44','2013-11-16 03:30:51'),(224,1,2,'ACPF552','RESEARCH PROJECT',3,NULL,NULL,'\r\n',1,'2013-11-16 03:24:46','2013-11-16 03:24:46'),(225,1,6,'GoDm471','Seminar on Development Policy and Practices ',1,NULL,NULL,'',1,'2013-11-16 03:24:58','2013-11-16 03:24:58'),(226,1,1,'InTc582','professional issues and ethics in comuting ',2,NULL,NULL,'',1,'2013-11-16 03:25:06','2013-11-16 03:25:06'),(227,1,4,'ABM522','Senior Research Project (II)',3,NULL,NULL,'',1,'2013-11-16 03:25:38','2013-11-16 03:25:38'),(228,1,1,'math333','Applied mathematics ',4,NULL,NULL,'',1,'2013-11-16 03:25:39','2013-11-16 03:25:39'),(229,1,2,'ACPF532','PUBLIC EXPENDITURE MANAGEMENT',3,NULL,NULL,'',1,'2013-11-16 03:25:46','2013-11-16 03:25:46'),(230,1,6,'GoDM461','Populatio, Envaronment and Development',3,NULL,NULL,'',1,'2013-11-16 03:25:48','2013-11-16 03:48:05'),(231,1,6,'GoDM','Bugeting ',3,NULL,NULL,'',1,'2013-11-16 03:26:15','2013-11-16 03:26:15'),(232,1,4,'ABM532','Agribusiness Extension',3,NULL,NULL,'',1,'2013-11-16 03:26:29','2013-11-16 03:26:29'),(233,1,1,'math405','Discrete Mathematics and combiantory ',3,NULL,NULL,'',1,'2013-11-16 03:26:46','2013-11-16 03:26:46'),(234,1,6,'GoDM412','Foreign Policy and Diplomacy',3,NULL,NULL,'',1,'2013-11-16 03:27:05','2013-11-16 03:27:05'),(235,1,4,'ABM542','Gender and Development',2,NULL,NULL,'',1,'2013-11-16 03:27:09','2013-11-16 03:27:09'),(236,1,1,'mgmt351','Intrdduction to managment ',3,NULL,NULL,'',1,'2013-11-16 03:27:30','2013-11-16 03:27:30'),(237,1,6,'GoDm432','Public Sector Reform and Management',3,NULL,NULL,'',1,'2013-11-16 03:27:50','2013-11-16 03:27:50'),(238,1,1,'mgmt422','Enterprenurship and small business mangement ',3,NULL,NULL,'',1,'2013-11-16 03:28:03','2013-11-16 03:28:15'),(239,1,6,'GoDM462','Development Sociology',2,NULL,NULL,'',1,'2013-11-16 03:28:16','2013-11-16 03:28:16'),(240,1,6,'GoDM472','Senior Essay',3,NULL,NULL,'',1,'2013-11-16 03:28:37','2013-11-16 03:28:37'),(241,1,1,'stat202','introdution to statistical methods ',3,NULL,NULL,'',1,'2013-11-16 03:28:49','2013-11-16 03:28:49'),(242,1,6,'GoDM442','International Political Economy',3,NULL,NULL,'',1,'2013-11-16 03:29:02','2013-11-16 03:29:02'),(243,1,1,'intc526','computer Graphics ',3,NULL,NULL,'',1,'2013-11-16 03:29:26','2013-11-16 03:29:26'),(244,1,1,'intc527','gis and remote sensing ',3,NULL,NULL,'',1,'2013-11-16 03:29:53','2013-11-16 03:29:53'),(245,1,1,'intc548','introduction to distributed systems ',3,NULL,NULL,'',1,'2013-11-16 03:30:27','2013-11-16 03:30:27'),(246,1,1,'intc557','e-commerce ',3,NULL,NULL,'',1,'2013-11-16 03:30:52','2013-11-16 03:30:52');
/*!40000 ALTER TABLE `course` ENABLE KEYS */;
UNLOCK TABLES;

--
-- Table structure for table `course_checklist`
--

DROP TABLE IF EXISTS `course_checklist`;
/*!40101 SET @saved_cs_client     = @@character_set_client */;
/*!40101 SET character_set_client = utf8 */;
CREATE TABLE `course_checklist` (
  `id` bigint(20) NOT NULL AUTO_INCREMENT,
  `course_id` bigint(20) NOT NULL,
  `program_id` bigint(20) NOT NULL,
  `year` bigint(20) NOT NULL,
  `semester` bigint(20) NOT NULL,
  `course_type` varchar(50) DEFAULT NULL,
  `status` tinyint(1) DEFAULT '1',
  `created_at` datetime NOT NULL,
  `updated_at` datetime NOT NULL,
  PRIMARY KEY (`id`),
  UNIQUE KEY `course_checklist_index_idx` (`program_id`,`course_id`,`year`,`semester`),
  KEY `course_id_idx` (`course_id`),
  KEY `program_id_idx` (`program_id`),
  CONSTRAINT `course_checklist_course_id_course_id` FOREIGN KEY (`course_id`) REFERENCES `course` (`id`),
  CONSTRAINT `course_checklist_program_id_program_id` FOREIGN KEY (`program_id`) REFERENCES `program` (`id`)
) ENGINE=InnoDB AUTO_INCREMENT=850 DEFAULT CHARSET=latin1;
/*!40101 SET character_set_client = @saved_cs_client */;

--
-- Dumping data for table `course_checklist`
--

LOCK TABLES `course_checklist` WRITE;
/*!40000 ALTER TABLE `course_checklist` DISABLE KEYS */;
INSERT INTO `course_checklist` VALUES (22,1,11,1,1,NULL,1,'2013-11-16 04:01:52','2013-11-16 04:01:52'),(23,2,11,1,1,NULL,1,'2013-11-16 04:01:52','2013-11-16 04:01:52'),(24,3,11,1,1,NULL,1,'2013-11-16 04:01:52','2013-11-16 04:01:52'),(25,4,11,1,1,NULL,1,'2013-11-16 04:01:52','2013-11-16 04:01:52'),(31,7,11,1,2,NULL,1,'2013-11-16 04:02:54','2013-11-16 04:02:54'),(32,8,11,1,2,NULL,1,'2013-11-16 04:02:55','2013-11-16 04:02:55'),(33,11,11,1,2,NULL,1,'2013-11-16 04:02:55','2013-11-16 04:02:55'),(34,16,11,1,2,NULL,1,'2013-11-16 04:02:55','2013-11-16 04:02:55'),(35,15,7,1,1,NULL,1,'2013-11-16 04:03:51','2013-11-16 04:03:51'),(36,19,7,1,1,NULL,1,'2013-11-16 04:03:51','2013-11-16 04:03:51'),(37,10,7,1,1,NULL,1,'2013-11-16 04:03:51','2013-11-16 04:03:51'),(38,81,7,1,1,NULL,1,'2013-11-16 04:03:51','2013-11-16 04:03:51'),(39,14,7,1,1,NULL,1,'2013-11-16 04:03:51','2013-11-16 04:03:51'),(40,31,22,1,2,NULL,1,'2013-11-16 04:04:19','2013-11-16 04:04:19'),(42,44,22,1,2,NULL,1,'2013-11-16 04:04:19','2013-11-16 04:04:19'),(43,50,22,1,2,NULL,1,'2013-11-16 04:04:19','2013-11-16 04:04:19'),(44,54,22,1,2,NULL,1,'2013-11-16 04:04:19','2013-11-16 04:04:19'),(45,59,22,1,2,NULL,1,'2013-11-16 04:04:19','2013-11-16 04:04:19'),(60,67,22,2,1,NULL,1,'2013-11-16 04:07:26','2013-11-16 04:07:26'),(61,71,22,2,1,NULL,1,'2013-11-16 04:07:26','2013-11-16 04:07:26'),(62,80,22,2,1,NULL,1,'2013-11-16 04:07:26','2013-11-16 04:07:26'),(63,92,22,2,1,NULL,1,'2013-11-16 04:07:26','2013-11-16 04:07:26'),(64,97,22,2,1,NULL,1,'2013-11-16 04:07:26','2013-11-16 04:07:26'),(65,74,21,1,1,NULL,1,'2013-11-16 04:08:16','2013-11-16 04:08:16'),(66,236,21,1,1,NULL,1,'2013-11-16 04:08:16','2013-11-16 04:08:16'),(67,54,21,1,1,NULL,1,'2013-11-16 04:08:16','2013-11-16 04:08:16'),(68,14,21,1,1,NULL,1,'2013-11-16 04:08:16','2013-11-16 04:08:16'),(69,38,21,1,1,NULL,1,'2013-11-16 04:08:16','2013-11-16 04:08:16'),(70,47,21,1,1,NULL,1,'2013-11-16 04:08:16','2013-11-16 04:08:16'),(71,55,21,1,1,NULL,1,'2013-11-16 04:08:16','2013-11-16 04:08:16'),(72,108,22,2,2,NULL,1,'2013-11-16 04:08:50','2013-11-16 04:08:50'),(73,121,22,2,2,NULL,1,'2013-11-16 04:08:50','2013-11-16 04:08:50'),(74,4,22,2,2,NULL,1,'2013-11-16 04:08:50','2013-11-16 04:08:50'),(75,145,22,2,2,NULL,1,'2013-11-16 04:08:50','2013-11-16 04:08:50'),(76,152,22,2,2,NULL,1,'2013-11-16 04:08:50','2013-11-16 04:08:50'),(77,161,22,3,1,NULL,1,'2013-11-16 04:10:24','2013-11-16 04:10:24'),(78,170,22,3,1,NULL,1,'2013-11-16 04:10:25','2013-11-16 04:10:25'),(79,175,22,3,1,NULL,1,'2013-11-16 04:10:25','2013-11-16 04:10:25'),(80,178,22,3,1,NULL,1,'2013-11-16 04:10:25','2013-11-16 04:10:25'),(81,183,22,3,1,NULL,1,'2013-11-16 04:10:25','2013-11-16 04:10:25'),(82,186,22,3,1,NULL,1,'2013-11-16 04:10:25','2013-11-16 04:10:25'),(83,104,21,1,2,NULL,1,'2013-11-16 04:10:48','2013-11-16 04:10:48'),(84,27,21,1,2,NULL,1,'2013-11-16 04:10:48','2013-11-16 04:10:48'),(85,73,21,1,2,NULL,1,'2013-11-16 04:10:48','2013-11-16 04:10:48'),(86,46,21,1,2,NULL,1,'2013-11-16 04:10:48','2013-11-16 04:10:48'),(87,84,21,1,2,NULL,1,'2013-11-16 04:10:48','2013-11-16 04:10:48'),(89,207,21,1,2,NULL,1,'2013-11-16 04:10:48','2013-11-16 04:10:48'),(90,190,22,3,2,NULL,1,'2013-11-16 04:12:41','2013-11-16 04:12:41'),(91,193,22,3,2,NULL,1,'2013-11-16 04:12:41','2013-11-16 04:12:41'),(92,198,22,3,2,NULL,1,'2013-11-16 04:12:41','2013-11-16 04:12:41'),(93,204,22,3,2,NULL,1,'2013-11-16 04:12:41','2013-11-16 04:12:41'),(94,209,22,3,2,NULL,1,'2013-11-16 04:12:41','2013-11-16 04:12:41'),(108,95,22,4,1,NULL,1,'2013-11-16 04:15:10','2013-11-16 04:15:10'),(109,217,22,4,1,NULL,1,'2013-11-16 04:15:10','2013-11-16 04:15:10'),(110,220,22,4,1,NULL,1,'2013-11-16 04:15:10','2013-11-16 04:15:10'),(111,225,22,4,1,NULL,1,'2013-11-16 04:15:10','2013-11-16 04:15:10'),(112,230,22,4,1,NULL,1,'2013-11-16 04:15:10','2013-11-16 04:15:10'),(113,231,22,4,1,NULL,1,'2013-11-16 04:15:10','2013-11-16 04:15:10'),(114,234,22,4,2,NULL,1,'2013-11-16 04:16:48','2013-11-16 04:16:48'),(115,237,22,4,2,NULL,1,'2013-11-16 04:16:48','2013-11-16 04:16:48'),(116,239,22,4,2,NULL,1,'2013-11-16 04:16:48','2013-11-16 04:16:48'),(117,169,22,4,2,NULL,1,'2013-11-16 04:16:48','2013-11-16 04:16:48'),(118,242,22,4,2,NULL,1,'2013-11-16 04:16:48','2013-11-16 04:16:48'),(119,21,11,2,1,NULL,1,'2013-11-16 06:04:59','2013-11-16 06:04:59'),(120,26,11,2,1,NULL,1,'2013-11-16 06:04:59','2013-11-16 06:04:59'),(121,36,11,2,1,NULL,1,'2013-11-16 06:04:59','2013-11-16 06:04:59'),(122,40,11,2,1,NULL,1,'2013-11-16 06:04:59','2013-11-16 06:04:59'),(123,45,11,2,2,NULL,1,'2013-11-16 06:06:30','2013-11-16 06:06:30'),(124,49,11,2,2,NULL,1,'2013-11-16 06:06:30','2013-11-16 06:06:30'),(125,53,11,2,2,NULL,1,'2013-11-16 06:06:30','2013-11-16 06:06:30'),(126,57,11,2,2,NULL,1,'2013-11-16 06:06:30','2013-11-16 06:06:30'),(131,6,1,1,1,NULL,1,'2013-11-16 06:08:08','2013-11-16 06:08:08'),(132,228,1,1,1,NULL,1,'2013-11-16 06:08:09','2013-11-16 06:08:09'),(133,201,1,1,1,NULL,1,'2013-11-16 06:08:09','2013-11-16 06:08:09'),(134,17,1,1,1,NULL,1,'2013-11-16 06:08:09','2013-11-16 06:08:09'),(135,12,1,1,1,NULL,1,'2013-11-16 06:08:09','2013-11-16 06:08:09'),(136,85,11,3,2,NULL,1,'2013-11-16 06:08:21','2013-11-16 06:08:21'),(137,89,11,3,2,NULL,1,'2013-11-16 06:08:21','2013-11-16 06:08:21'),(138,94,11,3,2,NULL,1,'2013-11-16 06:08:21','2013-11-16 06:08:21'),(139,99,11,4,1,NULL,1,'2013-11-16 06:09:19','2013-11-16 06:09:19'),(140,105,11,4,1,NULL,1,'2013-11-16 06:09:19','2013-11-16 06:09:19'),(141,110,11,4,1,NULL,1,'2013-11-16 06:09:19','2013-11-16 06:09:19'),(142,115,11,4,1,NULL,1,'2013-11-16 06:09:19','2013-11-16 06:09:19'),(143,25,1,1,2,NULL,1,'2013-11-16 06:09:40','2013-11-16 06:09:40'),(144,214,1,1,2,NULL,1,'2013-11-16 06:09:40','2013-11-16 06:09:40'),(145,65,1,1,2,NULL,1,'2013-11-16 06:09:40','2013-11-16 06:09:40'),(146,241,1,1,2,NULL,1,'2013-11-16 06:09:40','2013-11-16 06:09:40'),(147,192,1,1,2,NULL,1,'2013-11-16 06:09:40','2013-11-16 06:09:40'),(148,187,1,1,2,NULL,1,'2013-11-16 06:09:40','2013-11-16 06:09:40'),(149,119,11,4,2,NULL,1,'2013-11-16 06:09:55','2013-11-16 06:09:55'),(150,123,11,4,2,NULL,1,'2013-11-16 06:09:55','2013-11-16 06:09:55'),(151,127,11,4,2,NULL,1,'2013-11-16 06:09:55','2013-11-16 06:09:55'),(152,137,11,4,2,NULL,1,'2013-11-16 06:09:55','2013-11-16 06:09:55'),(153,5,16,1,1,NULL,1,'2013-11-16 06:10:01','2013-11-16 06:10:01'),(154,18,16,1,1,NULL,1,'2013-11-16 06:10:01','2013-11-16 06:10:01'),(155,24,16,1,1,NULL,1,'2013-11-16 06:10:01','2013-11-16 06:10:01'),(156,28,16,1,1,NULL,1,'2013-11-16 06:10:01','2013-11-16 06:10:01'),(157,80,16,1,1,NULL,1,'2013-11-16 06:10:01','2013-11-16 06:10:01'),(158,9,16,1,1,NULL,1,'2013-11-16 06:10:01','2013-11-16 06:10:01'),(159,128,16,1,1,NULL,1,'2013-11-16 06:10:01','2013-11-16 06:10:01'),(160,33,1,2,1,NULL,1,'2013-11-16 06:10:50','2013-11-16 06:10:50'),(161,86,1,2,1,NULL,1,'2013-11-16 06:10:50','2013-11-16 06:10:50'),(162,42,1,2,1,NULL,1,'2013-11-16 06:10:50','2013-11-16 06:10:50'),(163,233,1,2,1,NULL,1,'2013-11-16 06:10:50','2013-11-16 06:10:50'),(164,76,1,2,1,NULL,1,'2013-11-16 06:10:50','2013-11-16 06:10:50'),(165,111,1,2,2,NULL,1,'2013-11-16 06:12:04','2013-11-16 06:12:04'),(166,219,1,2,2,NULL,1,'2013-11-16 06:12:04','2013-11-16 06:12:04'),(167,236,1,2,2,NULL,1,'2013-11-16 06:12:04','2013-11-16 06:12:04'),(168,102,1,2,2,NULL,1,'2013-11-16 06:12:04','2013-11-16 06:12:04'),(169,98,1,2,2,NULL,1,'2013-11-16 06:12:04','2013-11-16 06:12:04'),(170,160,11,5,1,NULL,1,'2013-11-16 06:13:15','2013-11-16 06:13:15'),(171,166,11,5,1,NULL,1,'2013-11-16 06:13:16','2013-11-16 06:13:16'),(172,174,11,5,1,NULL,1,'2013-11-16 06:13:16','2013-11-16 06:13:16'),(173,176,11,5,1,NULL,1,'2013-11-16 06:13:16','2013-11-16 06:13:16'),(174,182,11,5,1,NULL,1,'2013-11-16 06:13:16','2013-11-16 06:13:16'),(175,31,16,1,2,NULL,1,'2013-11-16 06:13:36','2013-11-16 06:13:36'),(176,92,16,1,2,NULL,1,'2013-11-16 06:13:36','2013-11-16 06:13:36'),(177,50,16,1,2,NULL,1,'2013-11-16 06:13:36','2013-11-16 06:13:36'),(178,71,16,1,2,NULL,1,'2013-11-16 06:13:36','2013-11-16 06:13:36'),(179,59,16,1,2,NULL,1,'2013-11-16 06:13:36','2013-11-16 06:13:36'),(180,44,16,1,2,NULL,1,'2013-11-16 06:13:36','2013-11-16 06:13:36'),(181,37,16,1,2,NULL,1,'2013-11-16 06:13:36','2013-11-16 06:13:36'),(182,54,16,1,2,NULL,1,'2013-11-16 06:13:36','2013-11-16 06:13:36'),(183,23,7,1,2,NULL,1,'2013-11-16 06:13:59','2013-11-16 06:13:59'),(184,43,7,1,2,NULL,1,'2013-11-16 06:13:59','2013-11-16 06:13:59'),(185,46,7,1,2,NULL,1,'2013-11-16 06:13:59','2013-11-16 06:13:59'),(186,39,7,1,2,NULL,1,'2013-11-16 06:13:59','2013-11-16 06:13:59'),(187,52,7,1,2,NULL,1,'2013-11-16 06:13:59','2013-11-16 06:13:59'),(188,185,11,5,2,NULL,1,'2013-11-16 06:14:03','2013-11-16 06:14:03'),(189,58,7,2,1,NULL,1,'2013-11-16 06:15:04','2013-11-16 06:15:04'),(190,60,7,2,1,NULL,1,'2013-11-16 06:15:04','2013-11-16 06:15:04'),(191,61,7,2,1,NULL,1,'2013-11-16 06:15:04','2013-11-16 06:15:04'),(192,70,7,2,1,NULL,1,'2013-11-16 06:15:04','2013-11-16 06:15:04'),(193,72,7,2,1,NULL,1,'2013-11-16 06:15:04','2013-11-16 06:15:04'),(194,145,16,2,1,NULL,1,'2013-11-16 06:15:10','2013-11-16 06:15:10'),(195,108,16,2,1,NULL,1,'2013-11-16 06:15:10','2013-11-16 06:15:10'),(196,121,16,2,1,NULL,1,'2013-11-16 06:15:10','2013-11-16 06:15:10'),(197,67,16,2,1,NULL,1,'2013-11-16 06:15:10','2013-11-16 06:15:10'),(198,175,16,2,1,NULL,1,'2013-11-16 06:15:10','2013-11-16 06:15:10'),(199,97,16,2,1,NULL,1,'2013-11-16 06:15:10','2013-11-16 06:15:10'),(200,152,16,2,1,NULL,1,'2013-11-16 06:15:10','2013-11-16 06:15:10'),(201,64,7,2,2,NULL,1,'2013-11-16 06:16:11','2013-11-16 06:16:11'),(202,75,7,2,2,NULL,1,'2013-11-16 06:16:11','2013-11-16 06:16:11'),(203,78,7,2,2,NULL,1,'2013-11-16 06:16:11','2013-11-16 06:16:11'),(204,83,7,2,2,NULL,1,'2013-11-16 06:16:11','2013-11-16 06:16:11'),(205,87,7,2,2,NULL,1,'2013-11-16 06:16:11','2013-11-16 06:16:11'),(206,170,16,2,2,NULL,1,'2013-11-16 06:16:32','2013-11-16 06:16:32'),(207,183,16,2,2,NULL,1,'2013-11-16 06:16:32','2013-11-16 06:16:32'),(208,190,16,2,2,NULL,1,'2013-11-16 06:16:32','2013-11-16 06:16:32'),(209,161,16,2,2,NULL,1,'2013-11-16 06:16:32','2013-11-16 06:16:32'),(210,178,16,2,2,NULL,1,'2013-11-16 06:16:32','2013-11-16 06:16:32'),(211,209,16,2,2,NULL,1,'2013-11-16 06:16:32','2013-11-16 06:16:32'),(212,186,16,2,2,NULL,1,'2013-11-16 06:16:32','2013-11-16 06:16:32'),(219,90,7,3,1,NULL,1,'2013-11-16 06:17:06','2013-11-16 06:17:06'),(220,95,7,3,1,NULL,1,'2013-11-16 06:17:06','2013-11-16 06:17:06'),(221,100,7,3,1,NULL,1,'2013-11-16 06:17:06','2013-11-16 06:17:06'),(222,103,7,3,1,NULL,1,'2013-11-16 06:17:06','2013-11-16 06:17:06'),(223,109,7,3,1,NULL,1,'2013-11-16 06:17:06','2013-11-16 06:17:06'),(224,131,1,3,1,NULL,1,'2013-11-16 06:17:51','2013-11-16 06:17:51'),(226,106,1,3,1,NULL,1,'2013-11-16 06:17:51','2013-11-16 06:17:51'),(227,135,1,3,1,NULL,1,'2013-11-16 06:17:51','2013-11-16 06:17:51'),(228,126,1,3,1,NULL,1,'2013-11-16 06:17:51','2013-11-16 06:17:51'),(229,163,1,3,1,NULL,1,'2013-11-16 06:17:51','2013-11-16 06:17:51'),(230,1,10,1,1,NULL,1,'2013-11-16 06:18:09','2013-11-16 06:18:09'),(231,2,10,1,1,NULL,1,'2013-11-16 06:18:09','2013-11-16 06:18:09'),(232,3,10,1,1,NULL,1,'2013-11-16 06:18:09','2013-11-16 06:18:09'),(233,4,10,1,1,NULL,1,'2013-11-16 06:18:09','2013-11-16 06:18:09'),(234,129,7,3,2,NULL,1,'2013-11-16 06:18:24','2013-11-16 06:18:24'),(235,132,7,3,2,NULL,1,'2013-11-16 06:18:24','2013-11-16 06:18:24'),(236,116,7,3,2,NULL,1,'2013-11-16 06:18:24','2013-11-16 06:18:24'),(237,120,7,3,2,NULL,1,'2013-11-16 06:18:24','2013-11-16 06:18:24'),(238,136,7,3,2,NULL,1,'2013-11-16 06:18:24','2013-11-16 06:18:24'),(239,150,7,3,2,NULL,1,'2013-11-16 06:18:24','2013-11-16 06:18:24'),(240,220,16,3,1,NULL,1,'2013-11-16 06:18:39','2013-11-16 06:18:39'),(241,217,16,3,1,NULL,1,'2013-11-16 06:18:40','2013-11-16 06:18:40'),(242,198,16,3,1,NULL,1,'2013-11-16 06:18:40','2013-11-16 06:18:40'),(243,204,16,3,1,NULL,1,'2013-11-16 06:18:40','2013-11-16 06:18:40'),(244,193,16,3,1,NULL,1,'2013-11-16 06:18:40','2013-11-16 06:18:40'),(245,230,16,3,1,NULL,1,'2013-11-16 06:18:40','2013-11-16 06:18:40'),(246,225,16,3,1,NULL,1,'2013-11-16 06:18:40','2013-11-16 06:18:40'),(247,7,10,1,2,NULL,1,'2013-11-16 06:18:45','2013-11-16 06:18:45'),(248,8,10,1,2,NULL,1,'2013-11-16 06:18:45','2013-11-16 06:18:45'),(249,11,10,1,2,NULL,1,'2013-11-16 06:18:45','2013-11-16 06:18:45'),(250,16,10,1,2,NULL,1,'2013-11-16 06:18:45','2013-11-16 06:18:45'),(251,114,1,3,2,NULL,1,'2013-11-16 06:18:54','2013-11-16 06:18:54'),(252,133,1,3,2,NULL,1,'2013-11-16 06:18:54','2013-11-16 06:18:54'),(253,207,1,3,2,NULL,1,'2013-11-16 06:18:54','2013-11-16 06:18:54'),(254,117,1,3,2,NULL,1,'2013-11-16 06:18:54','2013-11-16 06:18:54'),(255,142,1,3,2,NULL,1,'2013-11-16 06:18:54','2013-11-16 06:18:54'),(256,141,7,4,1,NULL,1,'2013-11-16 06:19:21','2013-11-16 06:19:21'),(257,124,7,4,1,NULL,1,'2013-11-16 06:19:21','2013-11-16 06:19:21'),(258,144,7,4,1,NULL,1,'2013-11-16 06:19:21','2013-11-16 06:19:21'),(259,162,7,4,1,NULL,1,'2013-11-16 06:19:21','2013-11-16 06:19:21'),(260,155,7,4,1,NULL,1,'2013-11-16 06:19:21','2013-11-16 06:19:21'),(261,21,10,2,1,NULL,1,'2013-11-16 06:19:45','2013-11-16 06:19:45'),(262,26,10,2,1,NULL,1,'2013-11-16 06:19:45','2013-11-16 06:19:45'),(263,36,10,2,1,NULL,1,'2013-11-16 06:19:45','2013-11-16 06:19:45'),(264,57,10,2,1,NULL,1,'2013-11-16 06:19:45','2013-11-16 06:19:45'),(265,165,7,4,2,NULL,1,'2013-11-16 06:20:11','2013-11-16 06:20:11'),(266,169,7,4,2,NULL,1,'2013-11-16 06:20:11','2013-11-16 06:20:11'),(267,171,7,4,2,NULL,1,'2013-11-16 06:20:11','2013-11-16 06:20:11'),(268,234,16,3,2,NULL,1,'2013-11-16 06:20:22','2013-11-16 06:20:22'),(269,231,16,3,2,NULL,1,'2013-11-16 06:20:22','2013-11-16 06:20:22'),(270,237,16,3,2,NULL,1,'2013-11-16 06:20:22','2013-11-16 06:20:22'),(271,242,16,3,2,NULL,1,'2013-11-16 06:20:22','2013-11-16 06:20:22'),(272,212,16,3,2,NULL,1,'2013-11-16 06:20:22','2013-11-16 06:20:22'),(273,239,16,3,2,NULL,1,'2013-11-16 06:20:22','2013-11-16 06:20:22'),(274,240,16,3,2,NULL,1,'2013-11-16 06:20:22','2013-11-16 06:20:22'),(279,5,14,1,1,NULL,1,'2013-11-16 06:21:58','2013-11-16 06:21:58'),(280,9,14,1,1,NULL,1,'2013-11-16 06:21:58','2013-11-16 06:21:58'),(281,18,14,1,1,NULL,1,'2013-11-16 06:21:58','2013-11-16 06:21:58'),(282,24,14,1,1,NULL,1,'2013-11-16 06:21:58','2013-11-16 06:21:58'),(283,28,14,1,1,NULL,1,'2013-11-16 06:21:58','2013-11-16 06:21:58'),(284,62,10,2,2,NULL,1,'2013-11-16 06:22:19','2013-11-16 06:22:19'),(285,68,10,2,2,NULL,1,'2013-11-16 06:22:19','2013-11-16 06:22:19'),(286,77,10,2,2,NULL,1,'2013-11-16 06:22:19','2013-11-16 06:22:19'),(287,82,10,2,2,NULL,1,'2013-11-16 06:22:19','2013-11-16 06:22:19'),(288,85,10,3,1,NULL,1,'2013-11-16 06:23:02','2013-11-16 06:23:02'),(289,89,10,3,1,NULL,1,'2013-11-16 06:23:02','2013-11-16 06:23:02'),(290,94,10,3,1,NULL,1,'2013-11-16 06:23:02','2013-11-16 06:23:02'),(291,99,10,3,2,NULL,1,'2013-11-16 06:24:18','2013-11-16 06:24:18'),(292,105,10,3,2,NULL,1,'2013-11-16 06:24:19','2013-11-16 06:24:19'),(293,110,10,3,2,NULL,1,'2013-11-16 06:24:19','2013-11-16 06:24:19'),(294,115,10,3,2,NULL,1,'2013-11-16 06:24:19','2013-11-16 06:24:19'),(295,31,14,1,2,NULL,1,'2013-11-16 06:24:19','2013-11-16 06:24:19'),(296,37,14,1,2,NULL,1,'2013-11-16 06:24:19','2013-11-16 06:24:19'),(297,44,14,1,2,NULL,1,'2013-11-16 06:24:19','2013-11-16 06:24:19'),(298,50,14,1,2,NULL,1,'2013-11-16 06:24:19','2013-11-16 06:24:19'),(299,54,14,1,2,NULL,1,'2013-11-16 06:24:19','2013-11-16 06:24:19'),(300,59,14,1,2,NULL,1,'2013-11-16 06:24:19','2013-11-16 06:24:19'),(301,119,10,4,1,NULL,1,'2013-11-16 06:24:55','2013-11-16 06:24:55'),(302,123,10,4,1,NULL,1,'2013-11-16 06:24:55','2013-11-16 06:24:55'),(303,127,10,4,1,NULL,1,'2013-11-16 06:24:55','2013-11-16 06:24:55'),(304,137,10,4,1,NULL,1,'2013-11-16 06:24:55','2013-11-16 06:24:55'),(305,10,24,1,1,NULL,1,'2013-11-16 06:25:01','2013-11-16 06:25:01'),(306,15,24,1,1,NULL,1,'2013-11-16 06:25:01','2013-11-16 06:25:01'),(307,19,24,1,1,NULL,1,'2013-11-16 06:25:01','2013-11-16 06:25:01'),(308,23,24,1,1,NULL,1,'2013-11-16 06:25:01','2013-11-16 06:25:01'),(309,29,24,1,1,NULL,1,'2013-11-16 06:25:01','2013-11-16 06:25:01'),(310,35,24,1,1,NULL,1,'2013-11-16 06:25:01','2013-11-16 06:25:01'),(311,39,24,1,1,NULL,1,'2013-11-16 06:25:01','2013-11-16 06:25:01'),(312,143,10,4,2,NULL,1,'2013-11-16 06:25:55','2013-11-16 06:25:55'),(313,148,10,4,2,NULL,1,'2013-11-16 06:25:55','2013-11-16 06:25:55'),(314,153,10,4,2,NULL,1,'2013-11-16 06:25:55','2013-11-16 06:25:55'),(315,43,24,1,2,NULL,1,'2013-11-16 06:26:10','2013-11-16 06:26:10'),(316,46,24,1,2,NULL,1,'2013-11-16 06:26:10','2013-11-16 06:26:10'),(317,52,24,1,2,NULL,1,'2013-11-16 06:26:10','2013-11-16 06:26:10'),(318,58,24,1,2,NULL,1,'2013-11-16 06:26:10','2013-11-16 06:26:10'),(319,60,24,1,2,NULL,1,'2013-11-16 06:26:10','2013-11-16 06:26:10'),(320,61,24,1,2,NULL,1,'2013-11-16 06:26:10','2013-11-16 06:26:10'),(321,64,24,1,2,NULL,1,'2013-11-16 06:26:10','2013-11-16 06:26:10'),(327,6,29,1,1,NULL,1,'2013-11-16 06:27:09','2013-11-16 06:27:09'),(328,17,29,1,1,NULL,1,'2013-11-16 06:27:09','2013-11-16 06:27:09'),(329,228,29,1,1,NULL,1,'2013-11-16 06:27:09','2013-11-16 06:27:09'),(330,201,29,1,1,NULL,1,'2013-11-16 06:27:09','2013-11-16 06:27:09'),(331,108,14,2,2,NULL,1,'2013-11-16 06:27:12','2013-11-16 06:27:12'),(332,121,14,2,2,NULL,1,'2013-11-16 06:27:12','2013-11-16 06:27:12'),(333,128,14,2,2,NULL,1,'2013-11-16 06:27:12','2013-11-16 06:27:12'),(334,145,14,2,2,NULL,1,'2013-11-16 06:27:12','2013-11-16 06:27:12'),(335,152,14,2,2,NULL,1,'2013-11-16 06:27:12','2013-11-16 06:27:12'),(336,156,10,5,1,NULL,1,'2013-11-16 06:27:18','2013-11-16 06:27:18'),(337,160,10,5,1,NULL,1,'2013-11-16 06:27:18','2013-11-16 06:27:18'),(338,166,10,5,1,NULL,1,'2013-11-16 06:27:18','2013-11-16 06:27:18'),(339,174,10,5,1,NULL,1,'2013-11-16 06:27:18','2013-11-16 06:27:18'),(340,14,9,1,1,NULL,1,'2013-11-16 06:27:38','2013-11-16 06:27:38'),(341,22,9,1,1,NULL,1,'2013-11-16 06:27:38','2013-11-16 06:27:38'),(342,30,9,1,1,NULL,1,'2013-11-16 06:27:38','2013-11-16 06:27:38'),(343,34,9,1,1,NULL,1,'2013-11-16 06:27:38','2013-11-16 06:27:38'),(344,70,24,2,1,NULL,1,'2013-11-16 06:27:57','2013-11-16 06:27:57'),(345,72,24,2,1,NULL,1,'2013-11-16 06:27:57','2013-11-16 06:27:57'),(346,75,24,2,1,NULL,1,'2013-11-16 06:27:57','2013-11-16 06:27:57'),(347,78,24,2,1,NULL,1,'2013-11-16 06:27:57','2013-11-16 06:27:57'),(348,83,24,2,1,NULL,1,'2013-11-16 06:27:57','2013-11-16 06:27:57'),(349,87,24,2,1,NULL,1,'2013-11-16 06:27:57','2013-11-16 06:27:57'),(350,90,24,2,1,NULL,1,'2013-11-16 06:27:57','2013-11-16 06:27:57'),(351,161,14,3,1,NULL,1,'2013-11-16 06:28:14','2013-11-16 06:28:14'),(352,170,14,3,1,NULL,1,'2013-11-16 06:28:14','2013-11-16 06:28:14'),(353,175,14,3,1,NULL,1,'2013-11-16 06:28:14','2013-11-16 06:28:14'),(354,178,14,3,1,NULL,1,'2013-11-16 06:28:14','2013-11-16 06:28:14'),(355,183,14,3,1,NULL,1,'2013-11-16 06:28:14','2013-11-16 06:28:14'),(356,186,14,3,1,NULL,1,'2013-11-16 06:28:14','2013-11-16 06:28:14'),(357,241,29,1,2,NULL,1,'2013-11-16 06:28:48','2013-11-16 06:28:48'),(358,214,29,1,2,NULL,1,'2013-11-16 06:28:48','2013-11-16 06:28:48'),(359,12,29,1,2,NULL,1,'2013-11-16 06:28:48','2013-11-16 06:28:48'),(360,65,29,1,2,NULL,1,'2013-11-16 06:28:48','2013-11-16 06:28:48'),(361,190,14,3,2,NULL,1,'2013-11-16 06:29:29','2013-11-16 06:29:29'),(362,193,14,3,2,NULL,1,'2013-11-16 06:29:29','2013-11-16 06:29:29'),(363,198,14,3,2,NULL,1,'2013-11-16 06:29:29','2013-11-16 06:29:29'),(364,204,14,3,2,NULL,1,'2013-11-16 06:29:29','2013-11-16 06:29:29'),(365,209,14,3,2,NULL,1,'2013-11-16 06:29:29','2013-11-16 06:29:29'),(366,195,21,3,1,NULL,1,'2013-11-16 06:29:36','2013-11-16 06:29:36'),(367,199,21,3,1,NULL,1,'2013-11-16 06:29:37','2013-11-16 06:29:37'),(368,203,21,3,1,NULL,1,'2013-11-16 06:29:37','2013-11-16 06:29:37'),(369,208,21,3,1,NULL,1,'2013-11-16 06:29:37','2013-11-16 06:29:37'),(370,211,21,3,1,NULL,1,'2013-11-16 06:29:37','2013-11-16 06:29:37'),(371,216,21,3,1,NULL,1,'2013-11-16 06:29:37','2013-11-16 06:29:37'),(372,176,10,5,2,NULL,1,'2013-11-16 06:29:43','2013-11-16 06:29:43'),(373,182,10,5,2,NULL,1,'2013-11-16 06:29:43','2013-11-16 06:29:43'),(374,185,10,5,2,NULL,1,'2013-11-16 06:29:43','2013-11-16 06:29:43'),(375,95,24,2,2,NULL,1,'2013-11-16 06:30:05','2013-11-16 06:30:05'),(376,100,24,2,2,NULL,1,'2013-11-16 06:30:05','2013-11-16 06:30:05'),(377,103,24,2,2,NULL,1,'2013-11-16 06:30:05','2013-11-16 06:30:05'),(378,109,24,2,2,NULL,1,'2013-11-16 06:30:05','2013-11-16 06:30:05'),(379,116,24,2,2,NULL,1,'2013-11-16 06:30:05','2013-11-16 06:30:05'),(380,120,24,2,2,NULL,1,'2013-11-16 06:30:05','2013-11-16 06:30:05'),(381,124,24,2,2,NULL,1,'2013-11-16 06:30:05','2013-11-16 06:30:05'),(382,236,29,2,1,NULL,1,'2013-11-16 06:30:06','2013-11-16 06:30:06'),(383,187,29,2,1,NULL,1,'2013-11-16 06:30:06','2013-11-16 06:30:06'),(384,25,29,2,1,NULL,1,'2013-11-16 06:30:06','2013-11-16 06:30:06'),(385,86,29,2,1,NULL,1,'2013-11-16 06:30:06','2013-11-16 06:30:06'),(386,192,29,2,1,NULL,1,'2013-11-16 06:30:06','2013-11-16 06:30:06'),(387,218,21,3,2,NULL,1,'2013-11-16 06:30:45','2013-11-16 06:30:45'),(388,221,21,3,2,NULL,1,'2013-11-16 06:30:45','2013-11-16 06:30:45'),(389,222,21,3,2,NULL,1,'2013-11-16 06:30:45','2013-11-16 06:30:45'),(390,224,21,3,2,NULL,1,'2013-11-16 06:30:45','2013-11-16 06:30:45'),(391,229,21,3,2,NULL,1,'2013-11-16 06:30:45','2013-11-16 06:30:45'),(392,212,14,4,1,NULL,1,'2013-11-16 06:30:47','2013-11-16 06:30:47'),(393,217,14,4,1,NULL,1,'2013-11-16 06:30:47','2013-11-16 06:30:47'),(394,220,14,4,1,NULL,1,'2013-11-16 06:30:47','2013-11-16 06:30:47'),(395,225,14,4,1,NULL,1,'2013-11-16 06:30:47','2013-11-16 06:30:47'),(396,230,14,4,1,NULL,1,'2013-11-16 06:30:47','2013-11-16 06:30:47'),(397,231,14,4,1,NULL,1,'2013-11-16 06:30:47','2013-11-16 06:30:47'),(398,111,29,2,2,NULL,1,'2013-11-16 06:31:07','2013-11-16 06:31:07'),(399,219,29,2,2,NULL,1,'2013-11-16 06:31:07','2013-11-16 06:31:07'),(400,42,29,2,2,NULL,1,'2013-11-16 06:31:07','2013-11-16 06:31:07'),(401,33,29,2,2,NULL,1,'2013-11-16 06:31:07','2013-11-16 06:31:07'),(402,41,9,1,2,NULL,1,'2013-11-16 06:31:26','2013-11-16 06:31:26'),(403,51,9,1,2,NULL,1,'2013-11-16 06:31:26','2013-11-16 06:31:26'),(404,56,9,1,2,NULL,1,'2013-11-16 06:31:26','2013-11-16 06:31:26'),(405,66,9,1,2,NULL,1,'2013-11-16 06:31:26','2013-11-16 06:31:26'),(406,74,9,1,2,NULL,1,'2013-11-16 06:31:26','2013-11-16 06:31:26'),(407,129,24,3,1,NULL,1,'2013-11-16 06:32:01','2013-11-16 06:32:01'),(408,132,24,3,1,NULL,1,'2013-11-16 06:32:01','2013-11-16 06:32:01'),(409,136,24,3,1,NULL,1,'2013-11-16 06:32:01','2013-11-16 06:32:01'),(410,141,24,3,1,NULL,1,'2013-11-16 06:32:01','2013-11-16 06:32:01'),(411,144,24,3,1,NULL,1,'2013-11-16 06:32:01','2013-11-16 06:32:01'),(412,150,24,3,1,NULL,1,'2013-11-16 06:32:01','2013-11-16 06:32:01'),(413,155,24,3,1,NULL,1,'2013-11-16 06:32:01','2013-11-16 06:32:01'),(418,81,9,2,1,NULL,1,'2013-11-16 06:32:57','2013-11-16 06:32:57'),(419,88,9,2,1,NULL,1,'2013-11-16 06:32:57','2013-11-16 06:32:57'),(420,93,9,2,1,NULL,1,'2013-11-16 06:32:57','2013-11-16 06:32:57'),(421,101,9,2,1,NULL,1,'2013-11-16 06:32:57','2013-11-16 06:32:57'),(422,104,9,2,1,NULL,1,'2013-11-16 06:32:57','2013-11-16 06:32:57'),(423,162,24,3,2,NULL,1,'2013-11-16 06:33:17','2013-11-16 06:33:17'),(424,165,24,3,2,NULL,1,'2013-11-16 06:33:17','2013-11-16 06:33:17'),(425,169,24,3,2,NULL,1,'2013-11-16 06:33:17','2013-11-16 06:33:17'),(426,171,24,3,2,NULL,1,'2013-11-16 06:33:17','2013-11-16 06:33:17'),(427,13,26,1,1,NULL,1,'2013-11-16 06:34:32','2013-11-16 06:34:32'),(428,20,26,1,1,NULL,1,'2013-11-16 06:34:32','2013-11-16 06:34:32'),(429,27,26,1,1,NULL,1,'2013-11-16 06:34:32','2013-11-16 06:34:32'),(430,32,26,1,1,NULL,1,'2013-11-16 06:34:32','2013-11-16 06:34:32'),(431,38,26,1,1,NULL,1,'2013-11-16 06:34:32','2013-11-16 06:34:32'),(432,47,26,1,1,NULL,1,'2013-11-16 06:34:32','2013-11-16 06:34:32'),(433,55,26,1,1,NULL,1,'2013-11-16 06:34:32','2013-11-16 06:34:32'),(434,112,9,2,2,NULL,1,'2013-11-16 06:34:48','2013-11-16 06:34:48'),(435,118,9,2,2,NULL,1,'2013-11-16 06:34:48','2013-11-16 06:34:48'),(436,130,9,2,2,NULL,1,'2013-11-16 06:34:48','2013-11-16 06:34:48'),(437,138,9,2,2,NULL,1,'2013-11-16 06:34:48','2013-11-16 06:34:48'),(438,147,9,2,2,NULL,1,'2013-11-16 06:34:48','2013-11-16 06:34:48'),(439,1,17,1,1,NULL,1,'2013-11-16 06:34:52','2013-11-16 06:34:52'),(440,2,17,1,1,NULL,1,'2013-11-16 06:34:52','2013-11-16 06:34:52'),(441,3,17,1,1,NULL,1,'2013-11-16 06:34:52','2013-11-16 06:34:52'),(442,4,17,1,1,NULL,1,'2013-11-16 06:34:52','2013-11-16 06:34:52'),(443,7,17,1,1,NULL,1,'2013-11-16 06:34:52','2013-11-16 06:34:52'),(444,98,29,3,1,NULL,1,'2013-11-16 06:35:07','2013-11-16 06:35:07'),(445,233,29,3,1,NULL,1,'2013-11-16 06:35:07','2013-11-16 06:35:07'),(446,102,29,3,1,NULL,1,'2013-11-16 06:35:07','2013-11-16 06:35:07'),(447,122,29,3,1,NULL,1,'2013-11-16 06:35:07','2013-11-16 06:35:07'),(448,63,26,1,2,NULL,1,'2013-11-16 06:35:51','2013-11-16 06:35:51'),(449,69,26,1,2,NULL,1,'2013-11-16 06:35:51','2013-11-16 06:35:51'),(450,73,26,1,2,NULL,1,'2013-11-16 06:35:51','2013-11-16 06:35:51'),(451,79,26,1,2,NULL,1,'2013-11-16 06:35:51','2013-11-16 06:35:51'),(452,84,26,1,2,NULL,1,'2013-11-16 06:35:51','2013-11-16 06:35:51'),(453,91,26,1,2,NULL,1,'2013-11-16 06:35:51','2013-11-16 06:35:51'),(454,96,26,1,2,NULL,1,'2013-11-16 06:35:51','2013-11-16 06:35:51'),(455,8,17,1,2,NULL,1,'2013-11-16 06:36:05','2013-11-16 06:36:05'),(456,11,17,1,2,NULL,1,'2013-11-16 06:36:05','2013-11-16 06:36:05'),(457,16,17,1,2,NULL,1,'2013-11-16 06:36:05','2013-11-16 06:36:05'),(458,21,17,1,2,NULL,1,'2013-11-16 06:36:05','2013-11-16 06:36:05'),(459,26,17,1,2,NULL,1,'2013-11-16 06:36:05','2013-11-16 06:36:05'),(460,157,9,3,1,NULL,1,'2013-11-16 06:36:21','2013-11-16 06:36:21'),(461,164,9,3,1,NULL,1,'2013-11-16 06:36:21','2013-11-16 06:36:21'),(462,179,9,3,1,NULL,1,'2013-11-16 06:36:21','2013-11-16 06:36:21'),(463,189,9,3,1,NULL,1,'2013-11-16 06:36:21','2013-11-16 06:36:21'),(464,191,9,3,1,NULL,1,'2013-11-16 06:36:21','2013-11-16 06:36:21'),(465,15,27,1,1,NULL,1,'2013-11-16 06:36:59','2013-11-16 06:36:59'),(466,19,27,1,1,NULL,1,'2013-11-16 06:37:00','2013-11-16 06:37:00'),(467,10,27,1,1,NULL,1,'2013-11-16 06:37:00','2013-11-16 06:37:00'),(468,29,27,1,1,NULL,1,'2013-11-16 06:37:00','2013-11-16 06:37:00'),(469,35,27,1,1,NULL,1,'2013-11-16 06:37:00','2013-11-16 06:37:00'),(470,36,17,2,1,NULL,1,'2013-11-16 06:37:04','2013-11-16 06:37:04'),(471,40,17,2,1,NULL,1,'2013-11-16 06:37:04','2013-11-16 06:37:04'),(472,45,17,2,1,NULL,1,'2013-11-16 06:37:04','2013-11-16 06:37:04'),(473,49,17,2,1,NULL,1,'2013-11-16 06:37:04','2013-11-16 06:37:04'),(474,53,17,2,1,NULL,1,'2013-11-16 06:37:04','2013-11-16 06:37:04'),(475,23,27,1,2,NULL,1,'2013-11-16 06:37:33','2013-11-16 06:37:33'),(476,43,27,1,2,NULL,1,'2013-11-16 06:37:33','2013-11-16 06:37:33'),(477,46,27,1,2,NULL,1,'2013-11-16 06:37:33','2013-11-16 06:37:33'),(478,39,27,1,2,NULL,1,'2013-11-16 06:37:33','2013-11-16 06:37:33'),(479,52,27,1,2,NULL,1,'2013-11-16 06:37:33','2013-11-16 06:37:33'),(480,107,26,2,1,NULL,1,'2013-11-16 06:37:43','2013-11-16 06:37:43'),(481,113,26,2,1,NULL,1,'2013-11-16 06:37:43','2013-11-16 06:37:43'),(482,125,26,2,1,NULL,1,'2013-11-16 06:37:43','2013-11-16 06:37:43'),(483,134,26,2,1,NULL,1,'2013-11-16 06:37:43','2013-11-16 06:37:43'),(484,139,26,2,1,NULL,1,'2013-11-16 06:37:43','2013-11-16 06:37:43'),(485,149,26,2,1,NULL,1,'2013-11-16 06:37:43','2013-11-16 06:37:43'),(486,158,26,2,1,NULL,1,'2013-11-16 06:37:43','2013-11-16 06:37:43'),(487,194,9,3,2,NULL,1,'2013-11-16 06:37:50','2013-11-16 06:37:50'),(488,196,9,3,2,NULL,1,'2013-11-16 06:37:50','2013-11-16 06:37:50'),(489,197,9,3,2,NULL,1,'2013-11-16 06:37:50','2013-11-16 06:37:50'),(490,200,9,3,2,NULL,1,'2013-11-16 06:37:50','2013-11-16 06:37:50'),(491,202,9,3,2,NULL,1,'2013-11-16 06:37:50','2013-11-16 06:37:50'),(492,58,27,2,1,NULL,1,'2013-11-16 06:38:16','2013-11-16 06:38:16'),(493,60,27,2,1,NULL,1,'2013-11-16 06:38:16','2013-11-16 06:38:16'),(494,61,27,2,1,NULL,1,'2013-11-16 06:38:16','2013-11-16 06:38:16'),(495,70,27,2,1,NULL,1,'2013-11-16 06:38:17','2013-11-16 06:38:17'),(496,72,27,2,1,NULL,1,'2013-11-16 06:38:17','2013-11-16 06:38:17'),(497,168,26,2,2,NULL,1,'2013-11-16 06:39:04','2013-11-16 06:39:04'),(498,173,26,2,2,NULL,1,'2013-11-16 06:39:04','2013-11-16 06:39:04'),(499,177,26,2,2,NULL,1,'2013-11-16 06:39:04','2013-11-16 06:39:04'),(500,181,26,2,2,NULL,1,'2013-11-16 06:39:04','2013-11-16 06:39:04'),(501,184,26,2,2,NULL,1,'2013-11-16 06:39:04','2013-11-16 06:39:04'),(502,188,26,2,2,NULL,1,'2013-11-16 06:39:04','2013-11-16 06:39:04'),(503,64,27,2,2,NULL,1,'2013-11-16 06:39:12','2013-11-16 06:39:12'),(504,75,27,2,2,NULL,1,'2013-11-16 06:39:12','2013-11-16 06:39:12'),(505,78,27,2,2,NULL,1,'2013-11-16 06:39:12','2013-11-16 06:39:12'),(506,83,27,2,2,NULL,1,'2013-11-16 06:39:12','2013-11-16 06:39:12'),(507,87,27,2,2,NULL,1,'2013-11-16 06:39:12','2013-11-16 06:39:12'),(508,205,9,4,1,NULL,1,'2013-11-16 06:39:30','2013-11-16 06:39:30'),(509,206,9,4,1,NULL,1,'2013-11-16 06:39:30','2013-11-16 06:39:30'),(510,210,9,4,1,NULL,1,'2013-11-16 06:39:30','2013-11-16 06:39:30'),(511,213,9,4,1,NULL,1,'2013-11-16 06:39:30','2013-11-16 06:39:30'),(512,215,9,4,1,NULL,1,'2013-11-16 06:39:30','2013-11-16 06:39:30'),(513,90,27,3,1,NULL,1,'2013-11-16 06:39:55','2013-11-16 06:39:55'),(514,95,27,3,1,NULL,1,'2013-11-16 06:39:55','2013-11-16 06:39:55'),(515,100,27,3,1,NULL,1,'2013-11-16 06:39:55','2013-11-16 06:39:55'),(516,103,27,3,1,NULL,1,'2013-11-16 06:39:55','2013-11-16 06:39:55'),(517,109,27,3,1,NULL,1,'2013-11-16 06:39:55','2013-11-16 06:39:55'),(518,62,17,2,2,NULL,1,'2013-11-16 06:40:21','2013-11-16 06:40:21'),(519,68,17,2,2,NULL,1,'2013-11-16 06:40:21','2013-11-16 06:40:21'),(520,77,17,2,2,NULL,1,'2013-11-16 06:40:21','2013-11-16 06:40:21'),(521,82,17,2,2,NULL,1,'2013-11-16 06:40:21','2013-11-16 06:40:21'),(522,85,17,2,2,NULL,1,'2013-11-16 06:40:21','2013-11-16 06:40:21'),(523,195,26,3,1,NULL,1,'2013-11-16 06:40:23','2013-11-16 06:40:23'),(524,199,26,3,1,NULL,1,'2013-11-16 06:40:23','2013-11-16 06:40:23'),(525,203,26,3,1,NULL,1,'2013-11-16 06:40:23','2013-11-16 06:40:23'),(526,208,26,3,1,NULL,1,'2013-11-16 06:40:23','2013-11-16 06:40:23'),(527,211,26,3,1,NULL,1,'2013-11-16 06:40:23','2013-11-16 06:40:23'),(528,216,26,3,1,NULL,1,'2013-11-16 06:40:23','2013-11-16 06:40:23'),(529,223,9,4,2,NULL,1,'2013-11-16 06:40:31','2013-11-16 06:40:31'),(530,227,9,4,2,NULL,1,'2013-11-16 06:40:31','2013-11-16 06:40:31'),(531,232,9,4,2,NULL,1,'2013-11-16 06:40:31','2013-11-16 06:40:31'),(532,235,9,4,2,NULL,1,'2013-11-16 06:40:31','2013-11-16 06:40:31'),(533,129,27,3,2,NULL,1,'2013-11-16 06:40:41','2013-11-16 06:40:41'),(534,132,27,3,2,NULL,1,'2013-11-16 06:40:41','2013-11-16 06:40:41'),(535,116,27,3,2,NULL,1,'2013-11-16 06:40:41','2013-11-16 06:40:41'),(536,120,27,3,2,NULL,1,'2013-11-16 06:40:41','2013-11-16 06:40:41'),(537,136,27,3,2,NULL,1,'2013-11-16 06:40:41','2013-11-16 06:40:41'),(538,150,27,3,2,NULL,1,'2013-11-16 06:40:41','2013-11-16 06:40:41'),(539,234,14,4,2,NULL,1,'2013-11-16 06:41:03','2013-11-16 06:41:03'),(540,237,14,4,2,NULL,1,'2013-11-16 06:41:03','2013-11-16 06:41:03'),(541,239,14,4,2,NULL,1,'2013-11-16 06:41:03','2013-11-16 06:41:03'),(542,240,14,4,2,NULL,1,'2013-11-16 06:41:03','2013-11-16 06:41:03'),(543,242,14,4,2,NULL,1,'2013-11-16 06:41:03','2013-11-16 06:41:03'),(544,141,27,4,1,NULL,1,'2013-11-16 06:41:47','2013-11-16 06:41:47'),(545,124,27,4,1,NULL,1,'2013-11-16 06:41:47','2013-11-16 06:41:47'),(546,144,27,4,1,NULL,1,'2013-11-16 06:41:47','2013-11-16 06:41:47'),(547,162,27,4,1,NULL,1,'2013-11-16 06:41:47','2013-11-16 06:41:47'),(548,155,27,4,1,NULL,1,'2013-11-16 06:41:47','2013-11-16 06:41:47'),(549,89,17,3,1,NULL,1,'2013-11-16 06:41:51','2013-11-16 06:41:51'),(550,94,17,3,1,NULL,1,'2013-11-16 06:41:51','2013-11-16 06:41:51'),(551,99,17,3,1,NULL,1,'2013-11-16 06:41:51','2013-11-16 06:41:51'),(552,105,17,3,1,NULL,1,'2013-11-16 06:41:51','2013-11-16 06:41:51'),(553,110,17,3,1,NULL,1,'2013-11-16 06:41:51','2013-11-16 06:41:51'),(554,165,27,4,2,NULL,1,'2013-11-16 06:42:16','2013-11-16 06:42:16'),(555,169,27,4,2,NULL,1,'2013-11-16 06:42:16','2013-11-16 06:42:16'),(556,171,27,4,2,NULL,1,'2013-11-16 06:42:16','2013-11-16 06:42:16'),(557,67,14,2,1,NULL,1,'2013-11-16 06:42:35','2013-11-16 06:42:35'),(558,71,14,2,1,NULL,1,'2013-11-16 06:42:35','2013-11-16 06:42:35'),(559,80,14,2,1,NULL,1,'2013-11-16 06:42:35','2013-11-16 06:42:35'),(560,92,14,2,1,NULL,1,'2013-11-16 06:42:35','2013-11-16 06:42:35'),(561,97,14,2,1,NULL,1,'2013-11-16 06:42:35','2013-11-16 06:42:35'),(562,115,17,3,2,NULL,1,'2013-11-16 06:42:45','2013-11-16 06:42:45'),(563,119,17,3,2,NULL,1,'2013-11-16 06:42:45','2013-11-16 06:42:45'),(564,123,17,3,2,NULL,1,'2013-11-16 06:42:45','2013-11-16 06:42:45'),(565,127,17,3,2,NULL,1,'2013-11-16 06:42:45','2013-11-16 06:42:45'),(566,137,17,3,2,NULL,1,'2013-11-16 06:42:45','2013-11-16 06:42:45'),(567,15,6,1,1,NULL,1,'2013-11-16 06:43:14','2013-11-16 06:43:14'),(568,19,6,1,1,NULL,1,'2013-11-16 06:43:14','2013-11-16 06:43:14'),(569,10,6,1,1,NULL,1,'2013-11-16 06:43:14','2013-11-16 06:43:14'),(570,29,6,1,1,NULL,1,'2013-11-16 06:43:14','2013-11-16 06:43:14'),(571,35,6,1,1,NULL,1,'2013-11-16 06:43:14','2013-11-16 06:43:14'),(572,143,17,4,1,NULL,1,'2013-11-16 06:43:38','2013-11-16 06:43:38'),(573,148,17,4,1,NULL,1,'2013-11-16 06:43:38','2013-11-16 06:43:38'),(574,153,17,4,1,NULL,1,'2013-11-16 06:43:38','2013-11-16 06:43:38'),(575,156,17,4,1,NULL,1,'2013-11-16 06:43:39','2013-11-16 06:43:39'),(576,160,17,4,1,NULL,1,'2013-11-16 06:43:39','2013-11-16 06:43:39'),(581,23,6,1,2,NULL,1,'2013-11-16 06:43:48','2013-11-16 06:43:48'),(582,43,6,1,2,NULL,1,'2013-11-16 06:43:48','2013-11-16 06:43:48'),(583,46,6,1,2,NULL,1,'2013-11-16 06:43:48','2013-11-16 06:43:48'),(584,39,6,1,2,NULL,1,'2013-11-16 06:43:48','2013-11-16 06:43:48'),(585,52,6,1,2,NULL,1,'2013-11-16 06:43:48','2013-11-16 06:43:48'),(586,58,6,2,1,NULL,1,'2013-11-16 06:44:28','2013-11-16 06:44:28'),(587,60,6,2,1,NULL,1,'2013-11-16 06:44:29','2013-11-16 06:44:29'),(588,61,6,2,1,NULL,1,'2013-11-16 06:44:29','2013-11-16 06:44:29'),(589,70,6,2,1,NULL,1,'2013-11-16 06:44:29','2013-11-16 06:44:29'),(590,72,6,2,1,NULL,1,'2013-11-16 06:44:29','2013-11-16 06:44:29'),(591,5,20,1,1,NULL,1,'2013-11-16 06:44:33','2013-11-16 06:44:33'),(592,9,20,1,1,NULL,1,'2013-11-16 06:44:33','2013-11-16 06:44:33'),(593,18,20,1,1,NULL,1,'2013-11-16 06:44:33','2013-11-16 06:44:33'),(594,24,20,1,1,NULL,1,'2013-11-16 06:44:33','2013-11-16 06:44:33'),(595,28,20,1,1,NULL,1,'2013-11-16 06:44:33','2013-11-16 06:44:33'),(596,166,17,4,2,NULL,1,'2013-11-16 06:44:37','2013-11-16 06:44:37'),(597,174,17,4,2,NULL,1,'2013-11-16 06:44:38','2013-11-16 06:44:38'),(598,176,17,4,2,NULL,1,'2013-11-16 06:44:38','2013-11-16 06:44:38'),(599,182,17,4,2,NULL,1,'2013-11-16 06:44:38','2013-11-16 06:44:38'),(600,185,17,4,2,NULL,1,'2013-11-16 06:44:38','2013-11-16 06:44:38'),(601,64,6,2,2,NULL,1,'2013-11-16 06:45:15','2013-11-16 06:45:15'),(602,75,6,2,2,NULL,1,'2013-11-16 06:45:15','2013-11-16 06:45:15'),(603,78,6,2,2,NULL,1,'2013-11-16 06:45:15','2013-11-16 06:45:15'),(604,83,6,2,2,NULL,1,'2013-11-16 06:45:15','2013-11-16 06:45:15'),(605,87,6,2,2,NULL,1,'2013-11-16 06:45:15','2013-11-16 06:45:15'),(606,31,20,1,2,NULL,1,'2013-11-16 06:45:16','2013-11-16 06:45:16'),(607,37,20,1,2,NULL,1,'2013-11-16 06:45:16','2013-11-16 06:45:16'),(608,44,20,1,2,NULL,1,'2013-11-16 06:45:16','2013-11-16 06:45:16'),(609,50,20,1,2,NULL,1,'2013-11-16 06:45:16','2013-11-16 06:45:16'),(610,54,20,1,2,NULL,1,'2013-11-16 06:45:16','2013-11-16 06:45:16'),(611,59,20,1,2,NULL,1,'2013-11-16 06:45:16','2013-11-16 06:45:16'),(612,90,6,3,1,NULL,1,'2013-11-16 06:46:07','2013-11-16 06:46:07'),(613,95,6,3,1,NULL,1,'2013-11-16 06:46:08','2013-11-16 06:46:08'),(614,100,6,3,1,NULL,1,'2013-11-16 06:46:08','2013-11-16 06:46:08'),(615,103,6,3,1,NULL,1,'2013-11-16 06:46:08','2013-11-16 06:46:08'),(616,109,6,3,1,NULL,1,'2013-11-16 06:46:08','2013-11-16 06:46:08'),(617,1,12,1,1,NULL,1,'2013-11-16 06:46:09','2013-11-16 06:46:09'),(618,2,12,1,1,NULL,1,'2013-11-16 06:46:09','2013-11-16 06:46:09'),(619,3,12,1,1,NULL,1,'2013-11-16 06:46:09','2013-11-16 06:46:09'),(620,4,12,1,1,NULL,1,'2013-11-16 06:46:09','2013-11-16 06:46:09'),(621,67,20,2,1,NULL,1,'2013-11-16 06:46:15','2013-11-16 06:46:15'),(622,71,20,2,1,NULL,1,'2013-11-16 06:46:16','2013-11-16 06:46:16'),(623,80,20,2,1,NULL,1,'2013-11-16 06:46:16','2013-11-16 06:46:16'),(624,92,20,2,1,NULL,1,'2013-11-16 06:46:16','2013-11-16 06:46:16'),(625,97,20,2,1,NULL,1,'2013-11-16 06:46:16','2013-11-16 06:46:16'),(626,131,29,3,2,NULL,1,'2013-11-16 06:46:29','2013-11-16 06:46:29'),(627,76,29,3,2,NULL,1,'2013-11-16 06:46:30','2013-11-16 06:46:30'),(628,106,29,3,2,NULL,1,'2013-11-16 06:46:30','2013-11-16 06:46:30'),(629,163,29,3,2,NULL,1,'2013-11-16 06:46:30','2013-11-16 06:46:30'),(630,117,29,3,2,NULL,1,'2013-11-16 06:46:30','2013-11-16 06:46:30'),(631,129,6,3,2,NULL,1,'2013-11-16 06:46:55','2013-11-16 06:46:55'),(632,7,12,1,2,NULL,1,'2013-11-16 06:46:55','2013-11-16 06:46:55'),(633,132,6,3,2,NULL,1,'2013-11-16 06:46:55','2013-11-16 06:46:55'),(634,8,12,1,2,NULL,1,'2013-11-16 06:46:55','2013-11-16 06:46:55'),(635,116,6,3,2,NULL,1,'2013-11-16 06:46:55','2013-11-16 06:46:55'),(636,11,12,1,2,NULL,1,'2013-11-16 06:46:55','2013-11-16 06:46:55'),(637,120,6,3,2,NULL,1,'2013-11-16 06:46:55','2013-11-16 06:46:55'),(638,16,12,1,2,NULL,1,'2013-11-16 06:46:55','2013-11-16 06:46:55'),(639,136,6,3,2,NULL,1,'2013-11-16 06:46:55','2013-11-16 06:46:55'),(640,150,6,3,2,NULL,1,'2013-11-16 06:46:55','2013-11-16 06:46:55'),(641,108,20,2,2,NULL,1,'2013-11-16 06:46:58','2013-11-16 06:46:58'),(642,121,20,2,2,NULL,1,'2013-11-16 06:46:58','2013-11-16 06:46:58'),(643,128,20,2,2,NULL,1,'2013-11-16 06:46:58','2013-11-16 06:46:58'),(644,145,20,2,2,NULL,1,'2013-11-16 06:46:58','2013-11-16 06:46:58'),(645,152,20,2,2,NULL,1,'2013-11-16 06:46:58','2013-11-16 06:46:58'),(646,14,8,1,1,NULL,1,'2013-11-16 06:47:22','2013-11-16 06:47:22'),(647,22,8,1,1,NULL,1,'2013-11-16 06:47:22','2013-11-16 06:47:22'),(648,30,8,1,1,NULL,1,'2013-11-16 06:47:22','2013-11-16 06:47:22'),(649,34,8,1,1,NULL,1,'2013-11-16 06:47:22','2013-11-16 06:47:22'),(650,133,29,4,1,NULL,1,'2013-11-16 06:47:33','2013-11-16 06:47:33'),(651,114,29,4,1,NULL,1,'2013-11-16 06:47:33','2013-11-16 06:47:33'),(652,142,29,4,1,NULL,1,'2013-11-16 06:47:33','2013-11-16 06:47:33'),(653,126,29,4,1,NULL,1,'2013-11-16 06:47:33','2013-11-16 06:47:33'),(654,21,12,2,1,NULL,1,'2013-11-16 06:47:41','2013-11-16 06:47:41'),(655,26,12,2,1,NULL,1,'2013-11-16 06:47:41','2013-11-16 06:47:41'),(656,36,12,2,1,NULL,1,'2013-11-16 06:47:41','2013-11-16 06:47:41'),(657,40,12,2,1,NULL,1,'2013-11-16 06:47:41','2013-11-16 06:47:41'),(658,141,6,4,1,NULL,1,'2013-11-16 06:47:43','2013-11-16 06:47:43'),(659,124,6,4,1,NULL,1,'2013-11-16 06:47:43','2013-11-16 06:47:43'),(660,144,6,4,1,NULL,1,'2013-11-16 06:47:43','2013-11-16 06:47:43'),(661,162,6,4,1,NULL,1,'2013-11-16 06:47:43','2013-11-16 06:47:43'),(662,155,6,4,1,NULL,1,'2013-11-16 06:47:43','2013-11-16 06:47:43'),(663,161,20,3,1,NULL,1,'2013-11-16 06:47:57','2013-11-16 06:47:57'),(664,170,20,3,1,NULL,1,'2013-11-16 06:47:57','2013-11-16 06:47:57'),(665,175,20,3,1,NULL,1,'2013-11-16 06:47:57','2013-11-16 06:47:57'),(666,178,20,3,1,NULL,1,'2013-11-16 06:47:57','2013-11-16 06:47:57'),(667,183,20,3,1,NULL,1,'2013-11-16 06:47:57','2013-11-16 06:47:57'),(668,186,20,3,1,NULL,1,'2013-11-16 06:47:57','2013-11-16 06:47:57'),(669,165,6,4,2,NULL,1,'2013-11-16 06:48:15','2013-11-16 06:48:15'),(670,169,6,4,2,NULL,1,'2013-11-16 06:48:15','2013-11-16 06:48:15'),(671,171,6,4,2,NULL,1,'2013-11-16 06:48:15','2013-11-16 06:48:15'),(672,135,29,4,2,NULL,1,'2013-11-16 06:48:27','2013-11-16 06:48:27'),(673,48,29,4,2,NULL,1,'2013-11-16 06:48:27','2013-11-16 06:48:27'),(674,207,29,4,2,NULL,1,'2013-11-16 06:48:27','2013-11-16 06:48:27'),(675,226,29,4,2,NULL,1,'2013-11-16 06:48:27','2013-11-16 06:48:27'),(676,140,29,4,2,NULL,1,'2013-11-16 06:48:27','2013-11-16 06:48:27'),(677,41,8,1,2,NULL,1,'2013-11-16 06:48:46','2013-11-16 06:48:46'),(678,51,8,1,2,NULL,1,'2013-11-16 06:48:46','2013-11-16 06:48:46'),(679,56,8,1,2,NULL,1,'2013-11-16 06:48:46','2013-11-16 06:48:46'),(680,66,8,1,2,NULL,1,'2013-11-16 06:48:46','2013-11-16 06:48:46'),(681,74,8,1,2,NULL,1,'2013-11-16 06:48:46','2013-11-16 06:48:46'),(682,190,20,3,2,NULL,1,'2013-11-16 06:48:52','2013-11-16 06:48:52'),(683,193,20,3,2,NULL,1,'2013-11-16 06:48:52','2013-11-16 06:48:52'),(684,198,20,3,2,NULL,1,'2013-11-16 06:48:52','2013-11-16 06:48:52'),(685,204,20,3,2,NULL,1,'2013-11-16 06:48:52','2013-11-16 06:48:52'),(686,209,20,3,2,NULL,1,'2013-11-16 06:48:52','2013-11-16 06:48:52'),(691,212,20,4,1,NULL,1,'2013-11-16 06:49:52','2013-11-16 06:49:52'),(692,217,20,4,1,NULL,1,'2013-11-16 06:49:52','2013-11-16 06:49:52'),(693,220,20,4,1,NULL,1,'2013-11-16 06:49:52','2013-11-16 06:49:52'),(694,225,20,4,1,NULL,1,'2013-11-16 06:49:52','2013-11-16 06:49:52'),(695,230,20,4,1,NULL,1,'2013-11-16 06:49:52','2013-11-16 06:49:52'),(696,231,20,4,1,NULL,1,'2013-11-16 06:49:52','2013-11-16 06:49:52'),(697,81,8,2,1,NULL,1,'2013-11-16 06:49:55','2013-11-16 06:49:55'),(698,88,8,2,1,NULL,1,'2013-11-16 06:49:55','2013-11-16 06:49:55'),(699,93,8,2,1,NULL,1,'2013-11-16 06:49:55','2013-11-16 06:49:55'),(700,101,8,2,1,NULL,1,'2013-11-16 06:49:55','2013-11-16 06:49:55'),(701,104,8,2,1,NULL,1,'2013-11-16 06:49:55','2013-11-16 06:49:55'),(702,62,12,2,2,NULL,1,'2013-11-16 06:50:20','2013-11-16 06:50:20'),(703,68,12,2,2,NULL,1,'2013-11-16 06:50:20','2013-11-16 06:50:20'),(704,77,12,2,2,NULL,1,'2013-11-16 06:50:20','2013-11-16 06:50:20'),(705,82,12,2,2,NULL,1,'2013-11-16 06:50:20','2013-11-16 06:50:20'),(706,234,20,4,2,NULL,1,'2013-11-16 06:50:45','2013-11-16 06:50:45'),(707,237,20,4,2,NULL,1,'2013-11-16 06:50:45','2013-11-16 06:50:45'),(708,239,20,4,2,NULL,1,'2013-11-16 06:50:45','2013-11-16 06:50:45'),(709,240,20,4,2,NULL,1,'2013-11-16 06:50:45','2013-11-16 06:50:45'),(710,242,20,4,2,NULL,1,'2013-11-16 06:50:45','2013-11-16 06:50:45'),(711,85,12,3,1,NULL,1,'2013-11-16 06:50:56','2013-11-16 06:50:56'),(712,89,12,3,1,NULL,1,'2013-11-16 06:50:56','2013-11-16 06:50:56'),(713,94,12,3,1,NULL,1,'2013-11-16 06:50:56','2013-11-16 06:50:56'),(714,107,21,2,1,NULL,1,'2013-11-16 06:51:18','2013-11-16 06:51:18'),(715,113,21,2,1,NULL,1,'2013-11-16 06:51:19','2013-11-16 06:51:19'),(716,125,21,2,1,NULL,1,'2013-11-16 06:51:19','2013-11-16 06:51:19'),(717,134,21,2,1,NULL,1,'2013-11-16 06:51:19','2013-11-16 06:51:19'),(718,139,21,2,1,NULL,1,'2013-11-16 06:51:19','2013-11-16 06:51:19'),(719,149,21,2,1,NULL,1,'2013-11-16 06:51:19','2013-11-16 06:51:19'),(720,158,21,2,1,NULL,1,'2013-11-16 06:51:19','2013-11-16 06:51:19'),(721,99,12,3,2,NULL,1,'2013-11-16 06:51:41','2013-11-16 06:51:41'),(722,105,12,3,2,NULL,1,'2013-11-16 06:51:41','2013-11-16 06:51:41'),(723,110,12,3,2,NULL,1,'2013-11-16 06:51:41','2013-11-16 06:51:41'),(724,115,12,3,2,NULL,1,'2013-11-16 06:51:41','2013-11-16 06:51:41'),(725,119,12,4,1,NULL,1,'2013-11-16 06:52:08','2013-11-16 06:52:08'),(726,123,12,4,1,NULL,1,'2013-11-16 06:52:08','2013-11-16 06:52:08'),(727,127,12,4,1,NULL,1,'2013-11-16 06:52:08','2013-11-16 06:52:08'),(728,137,12,4,1,NULL,1,'2013-11-16 06:52:08','2013-11-16 06:52:08'),(729,168,21,2,2,NULL,1,'2013-11-16 06:52:34','2013-11-16 06:52:34'),(730,173,21,2,2,NULL,1,'2013-11-16 06:52:34','2013-11-16 06:52:34'),(731,177,21,2,2,NULL,1,'2013-11-16 06:52:34','2013-11-16 06:52:34'),(732,181,21,2,2,NULL,1,'2013-11-16 06:52:34','2013-11-16 06:52:34'),(733,184,21,2,2,NULL,1,'2013-11-16 06:52:34','2013-11-16 06:52:34'),(734,188,21,2,2,NULL,1,'2013-11-16 06:52:34','2013-11-16 06:52:34'),(735,112,8,2,2,NULL,1,'2013-11-16 06:52:39','2013-11-16 06:52:39'),(736,118,8,2,2,NULL,1,'2013-11-16 06:52:39','2013-11-16 06:52:39'),(737,130,8,2,2,NULL,1,'2013-11-16 06:52:39','2013-11-16 06:52:39'),(738,147,8,2,2,NULL,1,'2013-11-16 06:52:39','2013-11-16 06:52:39'),(739,138,8,2,2,NULL,1,'2013-11-16 06:52:39','2013-11-16 06:52:39'),(740,143,12,4,2,NULL,1,'2013-11-16 06:52:46','2013-11-16 06:52:46'),(741,148,12,4,2,NULL,1,'2013-11-16 06:52:46','2013-11-16 06:52:46'),(742,153,12,4,2,NULL,1,'2013-11-16 06:52:46','2013-11-16 06:52:46'),(743,156,12,5,1,NULL,1,'2013-11-16 06:53:47','2013-11-16 06:53:47'),(744,160,12,5,1,NULL,1,'2013-11-16 06:53:47','2013-11-16 06:53:47'),(745,166,12,5,1,NULL,1,'2013-11-16 06:53:47','2013-11-16 06:53:47'),(746,174,12,5,1,NULL,1,'2013-11-16 06:53:47','2013-11-16 06:53:47'),(747,157,8,3,1,NULL,1,'2013-11-16 06:54:09','2013-11-16 06:54:09'),(748,164,8,3,1,NULL,1,'2013-11-16 06:54:09','2013-11-16 06:54:09'),(749,179,8,3,1,NULL,1,'2013-11-16 06:54:09','2013-11-16 06:54:09'),(750,189,8,3,1,NULL,1,'2013-11-16 06:54:09','2013-11-16 06:54:09'),(751,191,8,3,1,NULL,1,'2013-11-16 06:54:09','2013-11-16 06:54:09'),(752,176,12,5,2,NULL,1,'2013-11-16 06:54:28','2013-11-16 06:54:28'),(753,182,12,5,2,NULL,1,'2013-11-16 06:54:29','2013-11-16 06:54:29'),(754,185,12,5,2,NULL,1,'2013-11-16 06:54:29','2013-11-16 06:54:29'),(755,13,18,1,1,NULL,1,'2013-11-16 06:55:09','2013-11-16 06:55:09'),(756,20,18,1,1,NULL,1,'2013-11-16 06:55:09','2013-11-16 06:55:09'),(757,27,18,1,1,NULL,1,'2013-11-16 06:55:09','2013-11-16 06:55:09'),(758,32,18,1,1,NULL,1,'2013-11-16 06:55:09','2013-11-16 06:55:09'),(759,38,18,1,1,NULL,1,'2013-11-16 06:55:09','2013-11-16 06:55:09'),(760,47,18,1,1,NULL,1,'2013-11-16 06:55:09','2013-11-16 06:55:09'),(761,55,18,1,1,NULL,1,'2013-11-16 06:55:09','2013-11-16 06:55:09'),(762,194,8,3,2,NULL,1,'2013-11-16 06:55:51','2013-11-16 06:55:51'),(763,196,8,3,2,NULL,1,'2013-11-16 06:55:51','2013-11-16 06:55:51'),(764,197,8,3,2,NULL,1,'2013-11-16 06:55:51','2013-11-16 06:55:51'),(765,200,8,3,2,NULL,1,'2013-11-16 06:55:51','2013-11-16 06:55:51'),(766,202,8,3,2,NULL,1,'2013-11-16 06:55:51','2013-11-16 06:55:51'),(767,63,18,1,2,NULL,1,'2013-11-16 06:57:03','2013-11-16 06:57:03'),(768,69,18,1,2,NULL,1,'2013-11-16 06:57:03','2013-11-16 06:57:03'),(769,73,18,1,2,NULL,1,'2013-11-16 06:57:03','2013-11-16 06:57:03'),(770,79,18,1,2,NULL,1,'2013-11-16 06:57:03','2013-11-16 06:57:03'),(771,84,18,1,2,NULL,1,'2013-11-16 06:57:03','2013-11-16 06:57:03'),(772,91,18,1,2,NULL,1,'2013-11-16 06:57:03','2013-11-16 06:57:03'),(773,96,18,1,2,NULL,1,'2013-11-16 06:57:03','2013-11-16 06:57:03'),(774,205,8,4,1,NULL,1,'2013-11-16 06:57:43','2013-11-16 06:57:43'),(775,206,8,4,1,NULL,1,'2013-11-16 06:57:43','2013-11-16 06:57:43'),(776,210,8,4,1,NULL,1,'2013-11-16 06:57:43','2013-11-16 06:57:43'),(777,213,8,4,1,NULL,1,'2013-11-16 06:57:43','2013-11-16 06:57:43'),(778,215,8,4,1,NULL,1,'2013-11-16 06:57:43','2013-11-16 06:57:43'),(779,107,18,2,1,NULL,1,'2013-11-16 06:58:24','2013-11-16 06:58:24'),(780,113,18,2,1,NULL,1,'2013-11-16 06:58:24','2013-11-16 06:58:24'),(781,125,18,2,1,NULL,1,'2013-11-16 06:58:24','2013-11-16 06:58:24'),(782,134,18,2,1,NULL,1,'2013-11-16 06:58:24','2013-11-16 06:58:24'),(783,139,18,2,1,NULL,1,'2013-11-16 06:58:24','2013-11-16 06:58:24'),(784,149,18,2,1,NULL,1,'2013-11-16 06:58:24','2013-11-16 06:58:24'),(785,158,18,2,1,NULL,1,'2013-11-16 06:58:24','2013-11-16 06:58:24'),(786,168,18,2,2,NULL,1,'2013-11-16 07:00:05','2013-11-16 07:00:05'),(787,173,18,2,2,NULL,1,'2013-11-16 07:00:05','2013-11-16 07:00:05'),(788,177,18,2,2,NULL,1,'2013-11-16 07:00:05','2013-11-16 07:00:05'),(789,181,18,2,2,NULL,1,'2013-11-16 07:00:05','2013-11-16 07:00:05'),(790,184,18,2,2,NULL,1,'2013-11-16 07:00:05','2013-11-16 07:00:05'),(791,188,18,2,2,NULL,1,'2013-11-16 07:00:05','2013-11-16 07:00:05'),(792,223,8,4,2,NULL,1,'2013-11-16 07:02:20','2013-11-16 07:02:20'),(793,227,8,4,2,NULL,1,'2013-11-16 07:02:20','2013-11-16 07:02:20'),(794,232,8,4,2,NULL,1,'2013-11-16 07:02:20','2013-11-16 07:02:20'),(795,235,8,4,2,NULL,1,'2013-11-16 07:02:20','2013-11-16 07:02:20'),(796,14,25,1,1,NULL,1,'2013-11-16 07:04:55','2013-11-16 07:04:55'),(797,22,25,1,1,NULL,1,'2013-11-16 07:04:55','2013-11-16 07:04:55'),(798,30,25,1,1,NULL,1,'2013-11-16 07:04:55','2013-11-16 07:04:55'),(799,34,25,1,1,NULL,1,'2013-11-16 07:04:55','2013-11-16 07:04:55'),(800,41,25,1,2,NULL,1,'2013-11-16 07:06:17','2013-11-16 07:06:17'),(801,51,25,1,2,NULL,1,'2013-11-16 07:06:17','2013-11-16 07:06:17'),(802,56,25,1,2,NULL,1,'2013-11-16 07:06:17','2013-11-16 07:06:17'),(803,66,25,1,2,NULL,1,'2013-11-16 07:06:17','2013-11-16 07:06:17'),(804,74,25,1,2,NULL,1,'2013-11-16 07:06:17','2013-11-16 07:06:17'),(805,81,25,2,1,NULL,1,'2013-11-16 07:07:46','2013-11-16 07:07:46'),(806,88,25,2,1,NULL,1,'2013-11-16 07:07:46','2013-11-16 07:07:46'),(807,93,25,2,1,NULL,1,'2013-11-16 07:07:46','2013-11-16 07:07:46'),(808,101,25,2,1,NULL,1,'2013-11-16 07:07:46','2013-11-16 07:07:46'),(809,104,25,2,1,NULL,1,'2013-11-16 07:07:46','2013-11-16 07:07:46'),(810,112,25,2,2,NULL,1,'2013-11-16 07:09:36','2013-11-16 07:09:36'),(811,118,25,2,2,NULL,1,'2013-11-16 07:09:36','2013-11-16 07:09:36'),(812,130,25,2,2,NULL,1,'2013-11-16 07:09:36','2013-11-16 07:09:36'),(813,138,25,2,2,NULL,1,'2013-11-16 07:09:36','2013-11-16 07:09:36'),(814,147,25,2,2,NULL,1,'2013-11-16 07:09:36','2013-11-16 07:09:36'),(815,195,18,3,1,NULL,1,'2013-11-16 07:10:31','2013-11-16 07:10:31'),(816,199,18,3,1,NULL,1,'2013-11-16 07:10:31','2013-11-16 07:10:31'),(817,203,18,3,1,NULL,1,'2013-11-16 07:10:31','2013-11-16 07:10:31'),(818,208,18,3,1,NULL,1,'2013-11-16 07:10:31','2013-11-16 07:10:31'),(819,211,18,3,1,NULL,1,'2013-11-16 07:10:31','2013-11-16 07:10:31'),(820,216,18,3,1,NULL,1,'2013-11-16 07:10:31','2013-11-16 07:10:31'),(821,157,25,3,1,NULL,1,'2013-11-16 07:11:09','2013-11-16 07:11:09'),(822,164,25,3,1,NULL,1,'2013-11-16 07:11:09','2013-11-16 07:11:09'),(823,179,25,3,1,NULL,1,'2013-11-16 07:11:09','2013-11-16 07:11:09'),(824,189,25,3,1,NULL,1,'2013-11-16 07:11:09','2013-11-16 07:11:09'),(825,191,25,3,1,NULL,1,'2013-11-16 07:11:09','2013-11-16 07:11:09'),(826,194,25,3,2,NULL,1,'2013-11-16 07:12:47','2013-11-16 07:12:47'),(827,196,25,3,2,NULL,1,'2013-11-16 07:12:47','2013-11-16 07:12:47'),(828,197,25,3,2,NULL,1,'2013-11-16 07:12:47','2013-11-16 07:12:47'),(829,200,25,3,2,NULL,1,'2013-11-16 07:12:47','2013-11-16 07:12:47'),(830,202,25,3,2,NULL,1,'2013-11-16 07:12:47','2013-11-16 07:12:47'),(831,205,25,4,1,NULL,1,'2013-11-16 07:14:31','2013-11-16 07:14:31'),(832,206,25,4,1,NULL,1,'2013-11-16 07:14:31','2013-11-16 07:14:31'),(833,210,25,4,1,NULL,1,'2013-11-16 07:14:31','2013-11-16 07:14:31'),(834,213,25,4,1,NULL,1,'2013-11-16 07:14:31','2013-11-16 07:14:31'),(835,215,25,4,1,NULL,1,'2013-11-16 07:14:31','2013-11-16 07:14:31'),(836,218,18,3,2,NULL,1,'2013-11-16 07:14:56','2013-11-16 07:14:56'),(837,221,18,3,2,NULL,1,'2013-11-16 07:14:56','2013-11-16 07:14:56'),(838,222,18,3,2,NULL,1,'2013-11-16 07:14:56','2013-11-16 07:14:56'),(839,224,18,3,2,NULL,1,'2013-11-16 07:14:57','2013-11-16 07:14:57'),(840,229,18,3,2,NULL,1,'2013-11-16 07:14:57','2013-11-16 07:14:57'),(841,223,25,4,2,NULL,1,'2013-11-16 07:15:56','2013-11-16 07:15:56'),(842,227,25,4,2,NULL,1,'2013-11-16 07:15:56','2013-11-16 07:15:56'),(843,232,25,4,2,NULL,1,'2013-11-16 07:15:56','2013-11-16 07:15:56'),(844,235,25,4,2,NULL,1,'2013-11-16 07:15:56','2013-11-16 07:15:56'),(845,5,22,1,1,NULL,1,'2013-11-17 01:28:43','2013-11-17 01:28:43'),(846,9,22,1,1,NULL,1,'2013-11-17 01:28:43','2013-11-17 01:28:43'),(847,18,22,1,1,NULL,1,'2013-11-17 01:28:43','2013-11-17 01:28:43'),(848,24,22,1,1,NULL,1,'2013-11-17 01:28:43','2013-11-17 01:28:43'),(849,28,22,1,1,NULL,1,'2013-11-17 01:28:43','2013-11-17 01:28:43');
/*!40000 ALTER TABLE `course_checklist` ENABLE KEYS */;
UNLOCK TABLES;

--
-- Table structure for table `course_pool`
--

DROP TABLE IF EXISTS `course_pool`;
/*!40101 SET @saved_cs_client     = @@character_set_client */;
/*!40101 SET character_set_client = utf8 */;
CREATE TABLE `course_pool` (
  `id` bigint(20) NOT NULL AUTO_INCREMENT,
  `enrollment_info_id` bigint(20) NOT NULL,
  `course_id` bigint(20) NOT NULL,
  PRIMARY KEY (`id`),
  UNIQUE KEY `course_pool_index_idx` (`enrollment_info_id`,`course_id`),
  KEY `enrollment_info_id_idx` (`enrollment_info_id`),
  KEY `course_id_idx` (`course_id`),
  CONSTRAINT `course_pool_course_id_course_id` FOREIGN KEY (`course_id`) REFERENCES `course` (`id`) ON DELETE CASCADE,
  CONSTRAINT `course_pool_enrollment_info_id_enrollment_info_id` FOREIGN KEY (`enrollment_info_id`) REFERENCES `enrollment_info` (`id`) ON DELETE CASCADE
) ENGINE=InnoDB DEFAULT CHARSET=latin1;
/*!40101 SET character_set_client = @saved_cs_client */;

--
-- Dumping data for table `course_pool`
--

LOCK TABLES `course_pool` WRITE;
/*!40000 ALTER TABLE `course_pool` DISABLE KEYS */;
/*!40000 ALTER TABLE `course_pool` ENABLE KEYS */;
UNLOCK TABLES;

--
-- Table structure for table `course_relation_types`
--

DROP TABLE IF EXISTS `course_relation_types`;
/*!40101 SET @saved_cs_client     = @@character_set_client */;
/*!40101 SET character_set_client = utf8 */;
CREATE TABLE `course_relation_types` (
  `id` bigint(20) NOT NULL AUTO_INCREMENT,
  `relation_name` varchar(255) NOT NULL,
  `remark` varchar(255) NOT NULL,
  `created_at` datetime NOT NULL,
  `updated_at` datetime NOT NULL,
  PRIMARY KEY (`id`)
) ENGINE=InnoDB DEFAULT CHARSET=latin1;
/*!40101 SET character_set_client = @saved_cs_client */;

--
-- Dumping data for table `course_relation_types`
--

LOCK TABLES `course_relation_types` WRITE;
/*!40000 ALTER TABLE `course_relation_types` DISABLE KEYS */;
/*!40000 ALTER TABLE `course_relation_types` ENABLE KEYS */;
UNLOCK TABLES;

--
-- Table structure for table `department`
--

DROP TABLE IF EXISTS `department`;
/*!40101 SET @saved_cs_client     = @@character_set_client */;
/*!40101 SET character_set_client = utf8 */;
CREATE TABLE `department` (
  `id` bigint(20) NOT NULL AUTO_INCREMENT,
  `name` varchar(250) NOT NULL,
  `faculty_id` bigint(20) NOT NULL,
  `description` text,
  `created_at` datetime NOT NULL,
  `updated_at` datetime NOT NULL,
  PRIMARY KEY (`id`),
  UNIQUE KEY `name` (`name`),
  KEY `faculty_id_idx` (`faculty_id`),
  CONSTRAINT `department_faculty_id_faculty_id` FOREIGN KEY (`faculty_id`) REFERENCES `faculty` (`id`)
) ENGINE=InnoDB AUTO_INCREMENT=7 DEFAULT CHARSET=latin1;
/*!40101 SET character_set_client = @saved_cs_client */;

--
-- Dumping data for table `department`
--

LOCK TABLES `department` WRITE;
/*!40000 ALTER TABLE `department` DISABLE KEYS */;
INSERT INTO `department` VALUES (1,'Information Technology',1,'This is a department in the college','2013-11-16 02:03:09','2013-11-16 02:03:09'),(2,'Accounting',1,'This is a department in the college','2013-11-16 02:03:09','2013-11-16 02:03:09'),(3,'Human Resource Management',1,'This is a department in the college','2013-11-16 02:03:09','2013-11-16 02:03:09'),(4,'Agricultural Business Management',1,'This is a department in the college','2013-11-16 02:03:09','2013-11-16 02:03:09'),(5,'Law',1,'This is a department in the college','2013-11-16 02:03:09','2013-11-16 02:03:09'),(6,'Governance and Development Management',1,'This is a department in the college','2013-11-16 02:03:09','2013-11-16 02:03:09');
/*!40000 ALTER TABLE `department` ENABLE KEYS */;
UNLOCK TABLES;

--
-- Table structure for table `enrollment_info`
--

DROP TABLE IF EXISTS `enrollment_info`;
/*!40101 SET @saved_cs_client     = @@character_set_client */;
/*!40101 SET character_set_client = utf8 */;
CREATE TABLE `enrollment_info` (
  `id` bigint(20) NOT NULL AUTO_INCREMENT,
  `student_id` bigint(20) NOT NULL,
  `student_uid` varchar(255) DEFAULT NULL,
  `program_id` bigint(20) NOT NULL,
  `section_id` bigint(20) DEFAULT NULL,
  `academic_year` varchar(10) NOT NULL,
  `year` bigint(20) DEFAULT NULL,
  `semester` bigint(20) DEFAULT NULL,
  `leftout` tinyint(1) DEFAULT '0',
  `academic_status` bigint(20) DEFAULT '0',
  `semester_action` bigint(20) DEFAULT '0',
  `enrollment_action` bigint(20) DEFAULT '0',
  `mention` varchar(5) DEFAULT NULL,
  `previous_chrs` bigint(20) DEFAULT '0',
  `semester_chrs` bigint(20) DEFAULT '0',
  `total_chrs` bigint(20) DEFAULT '0',
  `previous_grade_points` float(18,2) DEFAULT '0.00',
  `semester_grade_points` float(18,2) DEFAULT '0.00',
  `total_grade_points` float(18,2) DEFAULT '0.00',
  `previous_repeated_chrs` float(18,2) DEFAULT '0.00',
  `semester_repeated_chrs` float(18,2) DEFAULT '0.00',
  `total_repeated_chrs` float(18,2) DEFAULT '0.00',
  `previous_repeated_grade_points` float(18,2) DEFAULT '0.00',
  `semester_repeated_grade_points` float(18,2) DEFAULT '0.00',
  `total_repeated_grade_points` float(18,2) DEFAULT '0.00',
  `program_checklist_id` bigint(20) DEFAULT '0',
  `created_at` datetime NOT NULL,
  `updated_at` datetime NOT NULL,
  PRIMARY KEY (`id`),
  KEY `student_id_idx` (`student_id`),
  KEY `program_id_idx` (`program_id`),
  KEY `section_id_idx` (`section_id`),
  CONSTRAINT `enrollment_info_program_id_program_id` FOREIGN KEY (`program_id`) REFERENCES `program` (`id`),
  CONSTRAINT `enrollment_info_section_id_program_section_id` FOREIGN KEY (`section_id`) REFERENCES `program_section` (`id`),
  CONSTRAINT `enrollment_info_student_id_student_id` FOREIGN KEY (`student_id`) REFERENCES `student` (`id`)
) ENGINE=InnoDB AUTO_INCREMENT=349 DEFAULT CHARSET=latin1;
/*!40101 SET character_set_client = @saved_cs_client */;

--
-- Dumping data for table `enrollment_info`
--

LOCK TABLES `enrollment_info` WRITE;
/*!40000 ALTER TABLE `enrollment_info` DISABLE KEYS */;
INSERT INTO `enrollment_info` VALUES (1,1,NULL,27,NULL,'2012/13',1,1,0,0,0,1,NULL,0,0,0,0.00,0.00,0.00,0.00,0.00,0.00,0.00,0.00,0.00,0,'2013-11-16 07:25:39','2013-11-16 07:25:39'),(2,2,NULL,29,1,'2013/14',1,1,0,0,0,1,NULL,0,0,0,0.00,0.00,0.00,0.00,0.00,0.00,0.00,0.00,0.00,0,'2013-11-16 07:26:36','2013-11-16 08:34:42'),(3,3,NULL,27,NULL,'2012/13',1,1,0,0,0,1,NULL,0,0,0,0.00,0.00,0.00,0.00,0.00,0.00,0.00,0.00,0.00,0,'2013-11-16 07:26:54','2013-11-16 07:26:54'),(4,4,NULL,27,NULL,'2012/13',1,1,0,0,0,1,NULL,0,0,0,0.00,0.00,0.00,0.00,0.00,0.00,0.00,0.00,0.00,0,'2013-11-16 07:27:48','2013-11-16 07:27:48'),(5,5,NULL,27,NULL,'2012/13',1,1,0,0,0,1,NULL,0,0,0,0.00,0.00,0.00,0.00,0.00,0.00,0.00,0.00,0.00,0,'2013-11-16 07:28:33','2013-11-16 07:28:33'),(6,6,NULL,27,NULL,'2012/13',1,1,0,0,0,1,NULL,0,0,0,0.00,0.00,0.00,0.00,0.00,0.00,0.00,0.00,0.00,0,'2013-11-16 07:29:34','2013-11-16 07:29:34'),(7,7,NULL,27,NULL,'2012/13',1,1,0,0,0,1,NULL,0,0,0,0.00,0.00,0.00,0.00,0.00,0.00,0.00,0.00,0.00,0,'2013-11-16 07:30:33','2013-11-16 07:30:33'),(8,8,NULL,29,1,'2013/14',1,1,0,0,0,1,NULL,0,0,0,0.00,0.00,0.00,0.00,0.00,0.00,0.00,0.00,0.00,0,'2013-11-16 07:30:49','2013-11-16 08:34:42'),(9,9,NULL,27,NULL,'2012/13',1,1,0,0,0,1,NULL,0,0,0,0.00,0.00,0.00,0.00,0.00,0.00,0.00,0.00,0.00,0,'2013-11-16 07:31:25','2013-11-16 07:31:25'),(10,10,NULL,27,NULL,'2012/13',1,1,0,0,0,1,NULL,0,0,0,0.00,0.00,0.00,0.00,0.00,0.00,0.00,0.00,0.00,0,'2013-11-16 07:32:30','2013-11-16 07:32:30'),(11,11,NULL,29,1,'2013/14',1,1,0,0,0,1,NULL,0,0,0,0.00,0.00,0.00,0.00,0.00,0.00,0.00,0.00,0.00,0,'2013-11-16 07:32:46','2013-11-16 08:34:42'),(12,12,NULL,27,NULL,'2012/13',1,1,0,0,0,1,NULL,0,0,0,0.00,0.00,0.00,0.00,0.00,0.00,0.00,0.00,0.00,0,'2013-11-16 07:33:12','2013-11-16 07:33:12'),(13,13,NULL,27,NULL,'2012/13',1,1,0,0,0,1,NULL,0,0,0,0.00,0.00,0.00,0.00,0.00,0.00,0.00,0.00,0.00,0,'2013-11-16 07:33:52','2013-11-16 07:33:52'),(14,14,NULL,29,1,'2013/14',1,1,0,0,0,1,NULL,0,0,0,0.00,0.00,0.00,0.00,0.00,0.00,0.00,0.00,0.00,0,'2013-11-16 07:34:16','2013-11-16 08:34:42'),(15,15,NULL,29,NULL,'2012/13',1,1,0,0,0,1,NULL,0,0,0,0.00,0.00,0.00,0.00,0.00,0.00,0.00,0.00,0.00,0,'2013-11-16 07:36:07','2013-11-16 07:36:07'),(16,16,NULL,27,NULL,'2002/03',1,1,0,0,0,1,NULL,0,0,0,0.00,0.00,0.00,0.00,0.00,0.00,0.00,0.00,0.00,0,'2013-11-16 07:37:01','2013-11-16 07:37:01'),(17,17,NULL,29,1,'2013/14',1,1,0,0,0,1,NULL,0,0,0,0.00,0.00,0.00,0.00,0.00,0.00,0.00,0.00,0.00,0,'2013-11-16 07:37:39','2013-11-16 08:34:42'),(18,18,NULL,27,NULL,'2002/03',1,1,0,0,0,1,NULL,0,0,0,0.00,0.00,0.00,0.00,0.00,0.00,0.00,0.00,0.00,0,'2013-11-16 07:37:57','2013-11-16 07:37:57'),(19,19,NULL,27,NULL,'2002/03',1,1,0,0,0,1,NULL,0,0,0,0.00,0.00,0.00,0.00,0.00,0.00,0.00,0.00,0.00,0,'2013-11-16 07:39:12','2013-11-16 07:39:12'),(20,20,NULL,27,NULL,'2002/03',1,1,0,0,0,1,NULL,0,0,0,0.00,0.00,0.00,0.00,0.00,0.00,0.00,0.00,0.00,0,'2013-11-16 07:39:52','2013-11-16 07:39:52'),(21,21,NULL,29,1,'2013/14',1,1,0,0,0,1,NULL,0,0,0,0.00,0.00,0.00,0.00,0.00,0.00,0.00,0.00,0.00,0,'2013-11-16 07:39:54','2013-11-16 08:34:42'),(22,22,NULL,27,NULL,'2002/03',1,1,0,0,0,1,NULL,0,0,0,0.00,0.00,0.00,0.00,0.00,0.00,0.00,0.00,0.00,0,'2013-11-16 07:41:03','2013-11-16 07:41:03'),(23,23,NULL,27,NULL,'2002/03',1,1,0,0,0,1,NULL,0,0,0,0.00,0.00,0.00,0.00,0.00,0.00,0.00,0.00,0.00,0,'2013-11-16 07:41:41','2013-11-16 07:41:41'),(24,24,NULL,27,NULL,'2002/03',1,1,0,0,0,1,NULL,0,0,0,0.00,0.00,0.00,0.00,0.00,0.00,0.00,0.00,0.00,0,'2013-11-16 07:42:26','2013-11-16 07:42:26'),(25,25,NULL,11,NULL,'2012/13',1,1,0,0,0,1,NULL,0,0,0,0.00,0.00,0.00,0.00,0.00,0.00,0.00,0.00,0.00,0,'2013-11-16 07:42:31','2013-11-16 07:42:31'),(26,26,NULL,27,NULL,'2002/03',1,1,0,0,0,1,NULL,0,0,0,0.00,0.00,0.00,0.00,0.00,0.00,0.00,0.00,0.00,0,'2013-11-16 07:43:13','2013-11-16 07:43:13'),(27,27,NULL,27,NULL,'2002/03',1,1,0,0,0,1,NULL,0,0,0,0.00,0.00,0.00,0.00,0.00,0.00,0.00,0.00,0.00,0,'2013-11-16 07:44:19','2013-11-16 07:44:19'),(28,28,NULL,11,NULL,'2012/13',1,1,0,0,0,1,NULL,0,0,0,0.00,0.00,0.00,0.00,0.00,0.00,0.00,0.00,0.00,0,'2013-11-16 07:44:51','2013-11-16 07:44:51'),(29,29,NULL,27,NULL,'2002/03',1,1,0,0,0,1,NULL,0,0,0,0.00,0.00,0.00,0.00,0.00,0.00,0.00,0.00,0.00,0,'2013-11-16 07:44:54','2013-11-16 07:44:54'),(30,30,NULL,29,1,'2013/14',1,1,0,0,0,1,NULL,0,0,0,0.00,0.00,0.00,0.00,0.00,0.00,0.00,0.00,0.00,0,'2013-11-16 07:45:47','2013-11-16 08:34:42'),(31,31,NULL,11,NULL,'2012/13',1,1,0,0,0,1,NULL,0,0,0,0.00,0.00,0.00,0.00,0.00,0.00,0.00,0.00,0.00,0,'2013-11-16 07:46:50','2013-11-16 07:46:50'),(32,32,NULL,11,NULL,'2012/13',1,1,0,0,0,1,NULL,0,0,0,0.00,0.00,0.00,0.00,0.00,0.00,0.00,0.00,0.00,0,'2013-11-16 07:47:47','2013-11-16 07:47:47'),(33,33,NULL,25,NULL,'2002/03',1,1,0,0,0,1,NULL,0,0,0,0.00,0.00,0.00,0.00,0.00,0.00,0.00,0.00,0.00,0,'2013-11-16 07:48:20','2013-11-16 07:48:20'),(34,34,NULL,11,NULL,'2012/13',1,1,0,0,0,1,NULL,0,0,0,0.00,0.00,0.00,0.00,0.00,0.00,0.00,0.00,0.00,0,'2013-11-16 07:48:42','2013-11-16 07:48:42'),(35,35,NULL,29,1,'2013/14',1,1,0,0,0,1,NULL,0,0,0,0.00,0.00,0.00,0.00,0.00,0.00,0.00,0.00,0.00,0,'2013-11-16 07:48:47','2013-11-16 08:34:42'),(36,36,NULL,7,NULL,'2002/03',1,1,0,0,0,1,NULL,0,0,0,0.00,0.00,0.00,0.00,0.00,0.00,0.00,0.00,0.00,0,'2013-11-16 07:49:19','2013-11-16 07:49:19'),(37,37,NULL,29,1,'2013/14',1,1,0,0,0,1,NULL,0,0,0,0.00,0.00,0.00,0.00,0.00,0.00,0.00,0.00,0.00,0,'2013-11-16 07:49:56','2013-11-16 08:34:42'),(38,38,NULL,29,1,'2013/14',1,1,0,0,0,1,NULL,0,0,0,0.00,0.00,0.00,0.00,0.00,0.00,0.00,0.00,0.00,0,'2013-11-16 07:51:13','2013-11-16 08:34:42'),(39,39,NULL,18,NULL,'2012/13',1,1,0,0,0,1,NULL,0,0,0,0.00,0.00,0.00,0.00,0.00,0.00,0.00,0.00,0.00,0,'2013-11-16 07:54:34','2013-11-16 07:54:34'),(40,40,NULL,7,NULL,'2012/13',1,1,0,0,0,1,NULL,0,0,0,0.00,0.00,0.00,0.00,0.00,0.00,0.00,0.00,0.00,0,'2013-11-16 07:54:39','2013-11-16 07:54:39'),(41,41,NULL,11,NULL,'2012/13',1,1,0,0,0,1,NULL,0,0,0,0.00,0.00,0.00,0.00,0.00,0.00,0.00,0.00,0.00,0,'2013-11-16 07:54:46','2013-11-16 07:54:46'),(42,42,NULL,7,NULL,'2012/13',1,1,0,0,0,1,NULL,0,0,0,0.00,0.00,0.00,0.00,0.00,0.00,0.00,0.00,0.00,0,'2013-11-16 07:55:32','2013-11-16 07:55:32'),(43,43,NULL,29,NULL,'2012/13',1,1,0,0,0,1,NULL,0,0,0,0.00,0.00,0.00,0.00,0.00,0.00,0.00,0.00,0.00,0,'2013-11-16 07:55:54','2013-11-16 07:55:54'),(44,44,NULL,18,NULL,'2012/13',1,1,0,0,0,1,NULL,0,0,0,0.00,0.00,0.00,0.00,0.00,0.00,0.00,0.00,0.00,0,'2013-11-16 07:55:58','2013-11-16 07:55:58'),(45,45,NULL,7,NULL,'2012/13',1,1,0,0,0,1,NULL,0,0,0,0.00,0.00,0.00,0.00,0.00,0.00,0.00,0.00,0.00,0,'2013-11-16 07:56:32','2013-11-16 07:56:32'),(46,46,NULL,11,NULL,'2012/13',1,1,0,0,0,1,NULL,0,0,0,0.00,0.00,0.00,0.00,0.00,0.00,0.00,0.00,0.00,0,'2013-11-16 07:56:39','2013-11-16 07:56:39'),(47,47,NULL,7,NULL,'2012/13',1,1,0,0,0,1,NULL,0,0,0,0.00,0.00,0.00,0.00,0.00,0.00,0.00,0.00,0.00,0,'2013-11-16 07:57:16','2013-11-16 07:57:16'),(48,48,NULL,7,NULL,'2012/13',1,1,0,0,0,1,NULL,0,0,0,0.00,0.00,0.00,0.00,0.00,0.00,0.00,0.00,0.00,0,'2013-11-16 07:57:52','2013-11-16 07:57:52'),(49,49,NULL,11,NULL,'2012/13',1,1,0,0,0,1,NULL,0,0,0,0.00,0.00,0.00,0.00,0.00,0.00,0.00,0.00,0.00,0,'2013-11-16 07:59:15','2013-11-16 07:59:15'),(50,50,NULL,7,NULL,'2012/13',1,1,0,0,0,1,NULL,0,0,0,0.00,0.00,0.00,0.00,0.00,0.00,0.00,0.00,0.00,0,'2013-11-16 08:00:00','2013-11-16 08:00:00'),(51,51,NULL,18,NULL,'2012/13',1,1,0,0,0,1,NULL,0,0,0,0.00,0.00,0.00,0.00,0.00,0.00,0.00,0.00,0.00,0,'2013-11-16 08:00:01','2013-11-16 08:00:01'),(52,52,NULL,1,32,'2012/13',1,1,0,0,0,1,NULL,0,0,0,0.00,0.00,0.00,0.00,0.00,0.00,0.00,0.00,0.00,0,'2013-11-16 08:01:21','2013-11-17 01:15:49'),(53,53,NULL,1,32,'2012/13',1,1,0,0,0,1,NULL,0,0,0,0.00,0.00,0.00,0.00,0.00,0.00,0.00,0.00,0.00,0,'2013-11-16 08:02:50','2013-11-17 01:15:49'),(54,54,NULL,1,32,'2012/13',1,1,0,0,0,1,NULL,0,0,0,0.00,0.00,0.00,0.00,0.00,0.00,0.00,0.00,0.00,0,'2013-11-16 08:03:25','2013-11-17 01:15:49'),(55,55,NULL,1,32,'2012/13',1,1,0,0,0,1,NULL,0,0,0,0.00,0.00,0.00,0.00,0.00,0.00,0.00,0.00,0.00,0,'2013-11-16 08:04:19','2013-11-17 01:15:49'),(56,56,NULL,1,32,'2012/13',1,1,0,0,0,1,NULL,0,0,0,0.00,0.00,0.00,0.00,0.00,0.00,0.00,0.00,0.00,0,'2013-11-16 08:05:36','2013-11-17 01:15:49'),(57,57,NULL,1,32,'2012/13',1,1,0,0,0,1,NULL,0,0,0,0.00,0.00,0.00,0.00,0.00,0.00,0.00,0.00,0.00,0,'2013-11-16 08:06:37','2013-11-17 01:15:49'),(58,58,NULL,1,32,'2012/13',1,1,0,0,0,1,NULL,0,0,0,0.00,0.00,0.00,0.00,0.00,0.00,0.00,0.00,0.00,0,'2013-11-16 08:11:29','2013-11-17 01:15:49'),(59,59,NULL,1,32,'2012/13',1,1,0,0,0,1,NULL,0,0,0,0.00,0.00,0.00,0.00,0.00,0.00,0.00,0.00,0.00,0,'2013-11-16 08:14:06','2013-11-17 01:15:49'),(60,60,NULL,9,NULL,'2012/13',1,1,0,0,0,1,NULL,0,0,0,0.00,0.00,0.00,0.00,0.00,0.00,0.00,0.00,0.00,0,'2013-11-16 08:14:48','2013-11-16 08:14:48'),(61,61,NULL,1,32,'2012/13',1,1,0,0,0,1,NULL,0,0,0,0.00,0.00,0.00,0.00,0.00,0.00,0.00,0.00,0.00,0,'2013-11-16 08:15:00','2013-11-17 01:15:49'),(62,62,NULL,18,NULL,'2012/13',1,1,0,0,0,1,NULL,0,0,0,0.00,0.00,0.00,0.00,0.00,0.00,0.00,0.00,0.00,0,'2013-11-16 08:15:07','2013-11-16 08:15:07'),(63,63,NULL,9,NULL,'2012/13',1,1,0,0,0,1,NULL,0,0,0,0.00,0.00,0.00,0.00,0.00,0.00,0.00,0.00,0.00,0,'2013-11-16 08:15:36','2013-11-16 08:15:36'),(64,64,NULL,1,32,'2012/13',1,1,0,0,0,1,NULL,0,0,0,0.00,0.00,0.00,0.00,0.00,0.00,0.00,0.00,0.00,0,'2013-11-16 08:16:29','2013-11-17 01:15:49'),(65,65,NULL,18,NULL,'2012/13',1,1,0,0,0,1,NULL,0,0,0,0.00,0.00,0.00,0.00,0.00,0.00,0.00,0.00,0.00,0,'2013-11-16 08:16:39','2013-11-16 08:16:39'),(66,66,NULL,9,NULL,'2012/13',1,1,0,0,0,1,NULL,0,0,0,0.00,0.00,0.00,0.00,0.00,0.00,0.00,0.00,0.00,0,'2013-11-16 08:17:38','2013-11-16 08:17:38'),(67,67,NULL,16,NULL,'2012/13',1,1,0,0,0,1,NULL,0,0,0,0.00,0.00,0.00,0.00,0.00,0.00,0.00,0.00,0.00,0,'2013-11-16 08:18:03','2013-11-16 08:18:03'),(68,68,NULL,9,NULL,'2012/13',1,1,0,0,0,1,NULL,0,0,0,0.00,0.00,0.00,0.00,0.00,0.00,0.00,0.00,0.00,0,'2013-11-16 08:19:55','2013-11-16 08:19:55'),(69,69,NULL,18,NULL,'2012/13',1,1,0,0,0,1,NULL,0,0,0,0.00,0.00,0.00,0.00,0.00,0.00,0.00,0.00,0.00,0,'2013-11-16 08:19:59','2013-11-16 08:19:59'),(70,70,NULL,18,NULL,'2012/13',1,1,0,0,0,1,NULL,0,0,0,0.00,0.00,0.00,0.00,0.00,0.00,0.00,0.00,0.00,0,'2013-11-16 08:26:30','2013-11-16 08:26:30'),(71,71,NULL,16,NULL,'2012/13',1,1,0,0,0,1,NULL,0,0,0,0.00,0.00,0.00,0.00,0.00,0.00,0.00,0.00,0.00,0,'2013-11-16 08:32:14','2013-11-16 08:32:14'),(72,72,NULL,16,NULL,'2012/13',1,1,0,0,0,1,NULL,0,0,0,0.00,0.00,0.00,0.00,0.00,0.00,0.00,0.00,0.00,0,'2013-11-16 08:34:03','2013-11-16 08:34:03'),(73,73,NULL,18,NULL,'2012/13',1,1,0,0,0,1,NULL,0,0,0,0.00,0.00,0.00,0.00,0.00,0.00,0.00,0.00,0.00,0,'2013-11-16 08:34:59','2013-11-16 08:34:59'),(74,74,NULL,24,NULL,'2012/13',1,1,0,0,0,1,NULL,0,0,0,0.00,0.00,0.00,0.00,0.00,0.00,0.00,0.00,0.00,0,'2013-11-16 09:01:33','2013-11-16 09:01:33'),(75,75,NULL,24,NULL,'2012/13',1,1,0,0,0,1,NULL,0,0,0,0.00,0.00,0.00,0.00,0.00,0.00,0.00,0.00,0.00,0,'2013-11-16 09:02:20','2013-11-16 09:02:20'),(76,76,NULL,24,NULL,'2012/13',1,1,0,0,0,1,NULL,0,0,0,0.00,0.00,0.00,0.00,0.00,0.00,0.00,0.00,0.00,0,'2013-11-16 09:13:02','2013-11-16 09:13:02'),(77,77,NULL,24,NULL,'2012/13',1,1,0,0,0,1,NULL,0,0,0,0.00,0.00,0.00,0.00,0.00,0.00,0.00,0.00,0.00,0,'2013-11-16 09:18:23','2013-11-16 09:18:23'),(78,78,NULL,24,NULL,'2012/13',1,1,0,0,0,1,NULL,0,0,0,0.00,0.00,0.00,0.00,0.00,0.00,0.00,0.00,0.00,0,'2013-11-16 09:19:41','2013-11-16 09:19:41'),(79,79,NULL,24,NULL,'2012/13',1,1,0,0,0,1,NULL,0,0,0,0.00,0.00,0.00,0.00,0.00,0.00,0.00,0.00,0.00,0,'2013-11-16 09:20:25','2013-11-16 09:20:25'),(80,80,NULL,24,NULL,'2012/13',1,1,0,0,0,1,NULL,0,0,0,0.00,0.00,0.00,0.00,0.00,0.00,0.00,0.00,0.00,0,'2013-11-16 09:21:22','2013-11-16 09:21:22'),(81,81,NULL,24,NULL,'2012/13',1,1,0,0,0,1,NULL,0,0,0,0.00,0.00,0.00,0.00,0.00,0.00,0.00,0.00,0.00,0,'2013-11-16 09:22:02','2013-11-16 09:22:02'),(82,82,NULL,24,NULL,'2012/13',1,1,0,0,0,1,NULL,0,0,0,0.00,0.00,0.00,0.00,0.00,0.00,0.00,0.00,0.00,0,'2013-11-16 09:22:46','2013-11-16 09:22:46'),(83,83,NULL,24,NULL,'2012/13',1,1,0,0,0,1,NULL,0,0,0,0.00,0.00,0.00,0.00,0.00,0.00,0.00,0.00,0.00,0,'2013-11-16 09:23:34','2013-11-16 09:23:34'),(84,84,NULL,18,NULL,'2012/13',1,1,0,0,0,1,NULL,0,0,0,0.00,0.00,0.00,0.00,0.00,0.00,0.00,0.00,0.00,0,'2013-11-17 01:28:44','2013-11-17 01:28:44'),(85,85,NULL,7,NULL,'2002/03',1,1,0,0,0,1,NULL,0,0,0,0.00,0.00,0.00,0.00,0.00,0.00,0.00,0.00,0.00,0,'2013-11-17 01:28:54','2013-11-17 01:28:54'),(86,86,NULL,21,NULL,'2010/11',1,1,0,0,0,1,NULL,0,0,0,0.00,0.00,0.00,0.00,0.00,0.00,0.00,0.00,0.00,0,'2013-11-17 01:34:41','2013-11-17 01:34:41'),(87,87,NULL,27,79,'2010/11',1,1,0,0,1,1,NULL,0,0,0,0.00,0.00,0.00,0.00,0.00,0.00,0.00,0.00,0.00,0,'2013-11-17 02:37:09','2013-11-17 04:27:19'),(88,88,NULL,27,65,'2010/11',1,1,0,0,1,1,NULL,0,0,0,0.00,0.00,0.00,0.00,0.00,0.00,0.00,0.00,0.00,0,'2013-11-17 02:38:12','2013-11-17 04:26:47'),(89,89,NULL,27,65,'2010/11',1,1,0,0,1,1,NULL,0,0,0,0.00,0.00,0.00,0.00,0.00,0.00,0.00,0.00,0.00,0,'2013-11-17 02:39:10','2013-11-17 04:26:47'),(90,90,NULL,27,65,'2010/11',1,1,0,0,1,1,NULL,0,0,0,0.00,0.00,0.00,0.00,0.00,0.00,0.00,0.00,0.00,0,'2013-11-17 02:40:07','2013-11-17 04:26:47'),(91,91,NULL,27,65,'2010/11',1,1,0,0,1,1,NULL,0,0,0,0.00,0.00,0.00,0.00,0.00,0.00,0.00,0.00,0.00,0,'2013-11-17 02:41:00','2013-11-17 04:26:47'),(92,92,NULL,27,65,'2010/11',1,1,0,0,1,1,NULL,0,0,0,0.00,0.00,0.00,0.00,0.00,0.00,0.00,0.00,0.00,0,'2013-11-17 02:41:51','2013-11-17 04:26:48'),(93,93,NULL,27,65,'2010/11',1,1,0,0,1,1,NULL,0,0,0,0.00,0.00,0.00,0.00,0.00,0.00,0.00,0.00,0.00,0,'2013-11-17 02:42:45','2013-11-17 04:26:48'),(94,94,NULL,27,65,'2010/11',1,1,0,0,1,1,NULL,0,0,0,0.00,0.00,0.00,0.00,0.00,0.00,0.00,0.00,0.00,0,'2013-11-17 02:43:49','2013-11-17 04:26:48'),(95,95,NULL,27,65,'2010/11',1,1,0,0,1,1,NULL,0,0,0,0.00,0.00,0.00,0.00,0.00,0.00,0.00,0.00,0.00,0,'2013-11-17 02:44:52','2013-11-17 04:26:48'),(96,96,NULL,27,65,'2010/11',1,1,0,0,1,1,NULL,0,0,0,0.00,0.00,0.00,0.00,0.00,0.00,0.00,0.00,0.00,0,'2013-11-17 02:45:52','2013-11-17 04:26:48'),(97,97,NULL,27,79,'2010/11',1,1,0,0,1,1,NULL,0,0,0,0.00,0.00,0.00,0.00,0.00,0.00,0.00,0.00,0.00,0,'2013-11-17 02:49:10','2013-11-17 04:27:19'),(98,98,NULL,27,79,'2010/11',1,1,0,0,1,1,NULL,0,0,0,0.00,0.00,0.00,0.00,0.00,0.00,0.00,0.00,0.00,0,'2013-11-17 02:50:06','2013-11-17 04:27:19'),(99,99,NULL,27,79,'2010/11',1,1,0,0,1,1,NULL,0,0,0,0.00,0.00,0.00,0.00,0.00,0.00,0.00,0.00,0.00,0,'2013-11-17 02:50:56','2013-11-17 04:27:19'),(100,100,NULL,27,79,'2010/11',1,1,0,0,1,1,NULL,0,0,0,0.00,0.00,0.00,0.00,0.00,0.00,0.00,0.00,0.00,0,'2013-11-17 02:51:51','2013-11-17 04:27:19'),(101,101,NULL,27,79,'2010/11',1,1,0,0,1,1,NULL,0,0,0,0.00,0.00,0.00,0.00,0.00,0.00,0.00,0.00,0.00,0,'2013-11-17 02:52:43','2013-11-17 04:27:19'),(102,102,NULL,27,79,'2010/11',1,1,0,0,1,1,NULL,0,0,0,0.00,0.00,0.00,0.00,0.00,0.00,0.00,0.00,0.00,0,'2013-11-17 02:53:37','2013-11-17 04:27:19'),(103,103,NULL,27,79,'2010/11',1,1,0,0,1,1,NULL,0,0,0,0.00,0.00,0.00,0.00,0.00,0.00,0.00,0.00,0.00,0,'2013-11-17 02:54:36','2013-11-17 04:27:19'),(104,104,NULL,16,64,'2010/11',1,1,0,0,1,1,NULL,0,12,12,0.00,39.75,39.75,0.00,0.00,0.00,0.00,0.00,0.00,0,'2013-11-17 02:56:43','2013-11-17 06:36:38'),(105,105,NULL,29,73,'2010/11',1,1,0,0,1,1,NULL,0,0,0,0.00,0.00,0.00,0.00,0.00,0.00,0.00,0.00,0.00,0,'2013-11-17 02:58:08','2013-11-17 04:10:45'),(106,106,NULL,12,67,'2010/11',1,1,0,0,1,1,NULL,0,0,0,0.00,0.00,0.00,0.00,0.00,0.00,0.00,0.00,0.00,0,'2013-11-17 02:58:24','2013-11-17 04:13:55'),(107,107,NULL,16,64,'2010/11',1,1,0,0,1,1,NULL,0,12,12,0.00,43.50,43.50,0.00,0.00,0.00,0.00,0.00,0.00,0,'2013-11-17 02:58:32','2013-11-17 06:36:38'),(108,108,NULL,12,67,'2010/11',1,1,0,0,1,1,NULL,0,0,0,0.00,0.00,0.00,0.00,0.00,0.00,0.00,0.00,0.00,0,'2013-11-17 02:59:10','2013-11-17 04:13:55'),(109,109,NULL,29,73,'2010/11',1,1,0,0,1,1,NULL,0,0,0,0.00,0.00,0.00,0.00,0.00,0.00,0.00,0.00,0.00,0,'2013-11-17 02:59:11','2013-11-17 04:10:46'),(110,110,NULL,12,67,'2010/11',1,1,0,0,1,1,NULL,0,0,0,0.00,0.00,0.00,0.00,0.00,0.00,0.00,0.00,0.00,0,'2013-11-17 02:59:50','2013-11-17 04:13:55'),(111,112,NULL,29,73,'2010/11',1,1,0,0,1,1,NULL,0,0,0,0.00,0.00,0.00,0.00,0.00,0.00,0.00,0.00,0.00,0,'2013-11-17 02:59:57','2013-11-17 04:10:46'),(112,114,NULL,12,67,'2010/11',1,1,0,0,1,1,NULL,0,0,0,0.00,0.00,0.00,0.00,0.00,0.00,0.00,0.00,0.00,0,'2013-11-17 03:00:11','2013-11-17 04:13:55'),(113,115,NULL,16,64,'2010/11',1,1,0,0,1,1,NULL,0,12,12,0.00,23.25,23.25,0.00,0.00,0.00,0.00,0.00,0.00,0,'2013-11-17 03:00:18','2013-11-17 06:36:38'),(114,116,NULL,18,69,'2010/11',1,1,0,0,0,1,NULL,0,0,0,0.00,0.00,0.00,0.00,0.00,0.00,0.00,0.00,0.00,0,'2013-11-17 03:00:40','2013-11-17 04:21:03'),(115,117,NULL,29,73,'2010/11',1,1,0,0,1,1,NULL,0,0,0,0.00,0.00,0.00,0.00,0.00,0.00,0.00,0.00,0.00,0,'2013-11-17 03:00:49','2013-11-17 04:10:46'),(116,118,NULL,12,67,'2010/11',1,1,0,0,1,1,NULL,0,0,0,0.00,0.00,0.00,0.00,0.00,0.00,0.00,0.00,0.00,0,'2013-11-17 03:01:20','2013-11-17 04:13:55'),(117,119,NULL,29,73,'2010/11',1,1,0,0,1,1,NULL,0,0,0,0.00,0.00,0.00,0.00,0.00,0.00,0.00,0.00,0.00,0,'2013-11-17 03:01:31','2013-11-17 04:10:46'),(118,120,NULL,16,64,'2010/11',1,1,0,0,1,1,NULL,0,12,12,0.00,43.50,43.50,0.00,0.00,0.00,0.00,0.00,0.00,0,'2013-11-17 03:01:32','2013-11-17 06:36:38'),(119,121,NULL,29,73,'2010/11',1,1,0,0,1,1,NULL,0,0,0,0.00,0.00,0.00,0.00,0.00,0.00,0.00,0.00,0.00,0,'2013-11-17 03:02:06','2013-11-17 04:10:46'),(120,122,NULL,12,67,'2010/11',1,1,0,0,1,1,NULL,0,0,0,0.00,0.00,0.00,0.00,0.00,0.00,0.00,0.00,0.00,0,'2013-11-17 03:02:26','2013-11-17 04:13:55'),(121,123,NULL,18,69,'2010/11',1,1,0,0,0,1,NULL,0,0,0,0.00,0.00,0.00,0.00,0.00,0.00,0.00,0.00,0.00,0,'2013-11-17 03:02:32','2013-11-17 04:21:03'),(122,124,NULL,29,73,'2010/11',1,1,0,0,1,1,NULL,0,0,0,0.00,0.00,0.00,0.00,0.00,0.00,0.00,0.00,0.00,0,'2013-11-17 03:02:47','2013-11-17 04:10:47'),(123,125,NULL,27,NULL,'2010/11',1,1,0,0,0,1,NULL,0,0,0,0.00,0.00,0.00,0.00,0.00,0.00,0.00,0.00,0.00,0,'2013-11-17 03:02:53','2013-11-17 03:02:53'),(124,126,NULL,16,64,'2010/11',1,1,0,0,1,1,NULL,0,12,12,0.00,36.00,36.00,0.00,0.00,0.00,0.00,0.00,0.00,0,'2013-11-17 03:03:00','2013-11-17 06:36:38'),(125,127,NULL,12,67,'2010/11',1,1,0,0,1,1,NULL,0,0,0,0.00,0.00,0.00,0.00,0.00,0.00,0.00,0.00,0.00,0,'2013-11-17 03:03:18','2013-11-17 04:13:56'),(126,128,NULL,29,73,'2010/11',1,1,0,0,1,1,NULL,0,0,0,0.00,0.00,0.00,0.00,0.00,0.00,0.00,0.00,0.00,0,'2013-11-17 03:03:37','2013-11-17 04:10:47'),(127,129,NULL,27,NULL,'2010/11',1,1,0,0,0,1,NULL,0,0,0,0.00,0.00,0.00,0.00,0.00,0.00,0.00,0.00,0.00,0,'2013-11-17 03:04:00','2013-11-17 03:04:00'),(128,130,NULL,12,67,'2010/11',1,1,0,0,1,1,NULL,0,0,0,0.00,0.00,0.00,0.00,0.00,0.00,0.00,0.00,0.00,0,'2013-11-17 03:04:05','2013-11-17 04:13:56'),(129,131,NULL,29,73,'2010/11',1,1,0,0,1,1,NULL,0,0,0,0.00,0.00,0.00,0.00,0.00,0.00,0.00,0.00,0.00,0,'2013-11-17 03:04:31','2013-11-17 04:10:47'),(130,132,NULL,18,69,'2010/11',1,1,0,0,0,1,NULL,0,0,0,0.00,0.00,0.00,0.00,0.00,0.00,0.00,0.00,0.00,0,'2013-11-17 03:04:42','2013-11-17 04:21:03'),(131,133,NULL,12,67,'2010/11',1,1,0,0,1,1,NULL,0,0,0,0.00,0.00,0.00,0.00,0.00,0.00,0.00,0.00,0.00,0,'2013-11-17 03:04:43','2013-11-17 04:13:56'),(132,134,NULL,16,64,'2010/11',1,1,0,0,1,1,NULL,0,12,12,0.00,41.25,41.25,0.00,0.00,0.00,0.00,0.00,0.00,0,'2013-11-17 03:04:46','2013-11-17 06:36:38'),(133,135,NULL,29,73,'2010/11',1,1,0,0,1,1,NULL,0,0,0,0.00,0.00,0.00,0.00,0.00,0.00,0.00,0.00,0.00,0,'2013-11-17 03:05:17','2013-11-17 04:10:47'),(134,136,NULL,12,67,'2010/11',1,1,0,0,1,1,NULL,0,0,0,0.00,0.00,0.00,0.00,0.00,0.00,0.00,0.00,0.00,0,'2013-11-17 03:05:31','2013-11-17 04:13:56'),(135,137,NULL,18,69,'2010/11',1,1,0,0,0,1,NULL,0,0,0,0.00,0.00,0.00,0.00,0.00,0.00,0.00,0.00,0.00,0,'2013-11-17 03:05:45','2013-11-17 04:21:03'),(136,138,NULL,29,73,'2010/11',1,1,0,0,1,1,NULL,0,0,0,0.00,0.00,0.00,0.00,0.00,0.00,0.00,0.00,0.00,0,'2013-11-17 03:05:52','2013-11-17 04:10:47'),(137,139,NULL,16,64,'2010/11',1,1,0,0,1,1,NULL,0,12,12,0.00,43.50,43.50,0.00,0.00,0.00,0.00,0.00,0.00,0,'2013-11-17 03:06:26','2013-11-17 06:36:38'),(138,140,NULL,29,73,'2010/11',1,1,0,0,1,1,NULL,0,0,0,0.00,0.00,0.00,0.00,0.00,0.00,0.00,0.00,0.00,0,'2013-11-17 03:06:32','2013-11-17 04:10:47'),(139,141,NULL,18,69,'2010/11',1,1,0,0,0,1,NULL,0,0,0,0.00,0.00,0.00,0.00,0.00,0.00,0.00,0.00,0.00,0,'2013-11-17 03:06:54','2013-11-17 04:21:04'),(140,142,NULL,12,68,'2010/11',1,1,0,0,1,1,NULL,0,0,0,0.00,0.00,0.00,0.00,0.00,0.00,0.00,0.00,0.00,0,'2013-11-17 03:07:18','2013-11-17 04:14:30'),(141,143,NULL,12,68,'2010/11',1,1,0,0,1,1,NULL,0,0,0,0.00,0.00,0.00,0.00,0.00,0.00,0.00,0.00,0.00,0,'2013-11-17 03:07:55','2013-11-17 04:14:30'),(142,144,NULL,18,69,'2010/11',1,1,0,0,0,1,NULL,0,0,0,0.00,0.00,0.00,0.00,0.00,0.00,0.00,0.00,0.00,0,'2013-11-17 03:08:02','2013-11-17 04:21:04'),(143,145,NULL,29,73,'2010/11',1,1,0,0,1,1,NULL,0,0,0,0.00,0.00,0.00,0.00,0.00,0.00,0.00,0.00,0.00,0,'2013-11-17 03:08:18','2013-11-17 04:10:47'),(144,146,NULL,16,64,'2010/11',1,1,0,0,1,1,NULL,0,12,12,0.00,42.75,42.75,0.00,0.00,0.00,0.00,0.00,0.00,0,'2013-11-17 03:08:23','2013-11-17 06:36:38'),(145,147,NULL,12,68,'2010/11',1,1,0,0,1,1,NULL,0,0,0,0.00,0.00,0.00,0.00,0.00,0.00,0.00,0.00,0.00,0,'2013-11-17 03:08:38','2013-11-17 04:14:31'),(146,148,NULL,18,69,'2010/11',1,1,0,0,0,1,NULL,0,0,0,0.00,0.00,0.00,0.00,0.00,0.00,0.00,0.00,0.00,0,'2013-11-17 03:08:59','2013-11-17 04:21:04'),(147,149,NULL,29,73,'2010/11',1,1,0,0,1,1,NULL,0,0,0,0.00,0.00,0.00,0.00,0.00,0.00,0.00,0.00,0.00,0,'2013-11-17 03:09:15','2013-11-17 04:10:47'),(148,150,NULL,12,68,'2010/11',1,1,0,0,1,1,NULL,0,0,0,0.00,0.00,0.00,0.00,0.00,0.00,0.00,0.00,0.00,0,'2013-11-17 03:09:16','2013-11-17 04:14:31'),(149,151,NULL,16,64,'2010/11',1,1,0,0,1,1,NULL,0,12,12,0.00,6.75,6.75,0.00,0.00,0.00,0.00,0.00,0.00,0,'2013-11-17 03:09:33','2013-11-17 06:36:38'),(150,152,NULL,12,68,'2010/11',1,1,0,0,1,1,NULL,0,0,0,0.00,0.00,0.00,0.00,0.00,0.00,0.00,0.00,0.00,0,'2013-11-17 03:09:51','2013-11-17 04:14:31'),(151,153,NULL,29,73,'2010/11',1,1,0,0,1,1,NULL,0,0,0,0.00,0.00,0.00,0.00,0.00,0.00,0.00,0.00,0.00,0,'2013-11-17 03:10:07','2013-11-17 04:10:47'),(152,154,NULL,18,69,'2010/11',1,1,0,0,0,1,NULL,0,0,0,0.00,0.00,0.00,0.00,0.00,0.00,0.00,0.00,0.00,0,'2013-11-17 03:10:10','2013-11-17 04:21:04'),(153,155,NULL,12,68,'2010/11',1,1,0,0,1,1,NULL,0,0,0,0.00,0.00,0.00,0.00,0.00,0.00,0.00,0.00,0.00,0,'2013-11-17 03:10:20','2013-11-17 04:14:31'),(154,156,NULL,12,68,'2010/11',1,1,0,0,1,1,NULL,0,0,0,0.00,0.00,0.00,0.00,0.00,0.00,0.00,0.00,0.00,0,'2013-11-17 03:11:04','2013-11-17 04:14:31'),(155,157,NULL,16,64,'2010/11',1,1,0,0,1,1,NULL,0,12,12,0.00,39.75,39.75,0.00,0.00,0.00,0.00,0.00,0.00,0,'2013-11-17 03:11:10','2013-11-17 06:36:38'),(156,158,NULL,12,68,'2010/11',1,1,0,0,1,1,NULL,0,0,0,0.00,0.00,0.00,0.00,0.00,0.00,0.00,0.00,0.00,0,'2013-11-17 03:11:37','2013-11-17 04:14:31'),(157,159,NULL,18,69,'2010/11',1,1,0,0,0,1,NULL,0,0,0,0.00,0.00,0.00,0.00,0.00,0.00,0.00,0.00,0.00,0,'2013-11-17 03:11:50','2013-11-17 04:21:04'),(158,160,NULL,7,80,'2010/11',1,1,0,0,1,1,NULL,0,0,0,0.00,0.00,0.00,0.00,0.00,0.00,0.00,0.00,0.00,0,'2013-11-17 03:12:01','2013-11-17 04:25:46'),(159,161,NULL,12,68,'2010/11',1,1,0,0,1,1,NULL,0,0,0,0.00,0.00,0.00,0.00,0.00,0.00,0.00,0.00,0.00,0,'2013-11-17 03:12:17','2013-11-17 04:14:31'),(160,162,NULL,18,69,'2010/11',1,1,0,0,0,1,NULL,0,0,0,0.00,0.00,0.00,0.00,0.00,0.00,0.00,0.00,0.00,0,'2013-11-17 03:12:41','2013-11-17 04:21:04'),(161,163,NULL,7,80,'2010/11',1,1,0,0,1,1,NULL,0,0,0,0.00,0.00,0.00,0.00,0.00,0.00,0.00,0.00,0.00,0,'2013-11-17 03:12:47','2013-11-17 04:25:47'),(162,164,NULL,12,68,'2010/11',1,1,0,0,1,1,NULL,0,0,0,0.00,0.00,0.00,0.00,0.00,0.00,0.00,0.00,0.00,0,'2013-11-17 03:12:56','2013-11-17 04:14:31'),(163,165,NULL,7,80,'2010/11',1,1,0,0,1,1,NULL,0,0,0,0.00,0.00,0.00,0.00,0.00,0.00,0.00,0.00,0.00,0,'2013-11-17 03:13:35','2013-11-17 04:25:47'),(164,166,NULL,14,81,'2010/11',1,1,0,0,1,1,NULL,0,0,0,0.00,0.00,0.00,0.00,0.00,0.00,0.00,0.00,0.00,0,'2013-11-17 03:14:21','2013-11-17 04:15:36'),(165,167,NULL,7,80,'2010/11',1,1,0,0,1,1,NULL,0,0,0,0.00,0.00,0.00,0.00,0.00,0.00,0.00,0.00,0.00,0,'2013-11-17 03:14:33','2013-11-17 04:25:47'),(166,168,NULL,21,NULL,'2002/03',1,1,0,0,0,1,NULL,0,0,0,0.00,0.00,0.00,0.00,0.00,0.00,0.00,0.00,0.00,0,'2013-11-17 03:14:49','2013-11-17 03:14:49'),(167,169,NULL,7,80,'2010/11',1,1,0,0,1,1,NULL,0,0,0,0.00,0.00,0.00,0.00,0.00,0.00,0.00,0.00,0.00,0,'2013-11-17 03:15:30','2013-11-17 04:25:47'),(168,170,NULL,14,81,'2010/11',1,1,0,0,1,1,NULL,0,0,0,0.00,0.00,0.00,0.00,0.00,0.00,0.00,0.00,0.00,0,'2013-11-17 03:15:31','2013-11-17 04:15:36'),(169,171,NULL,11,70,'2010/11',1,1,0,0,1,1,NULL,0,0,0,0.00,0.00,0.00,0.00,0.00,0.00,0.00,0.00,0.00,0,'2013-11-17 03:15:37','2013-11-17 04:12:44'),(170,172,NULL,21,NULL,'2002/03',1,1,0,0,0,1,NULL,0,0,0,0.00,0.00,0.00,0.00,0.00,0.00,0.00,0.00,0.00,0,'2013-11-17 03:15:42','2013-11-17 03:15:42'),(171,173,NULL,1,74,'2010/11',1,1,0,0,1,1,NULL,0,17,17,0.00,13.00,13.00,0.00,0.00,0.00,0.00,0.00,0.00,0,'2013-11-17 03:15:53','2013-11-17 06:37:02'),(172,174,NULL,11,70,'2010/11',1,1,0,0,1,1,NULL,0,0,0,0.00,0.00,0.00,0.00,0.00,0.00,0.00,0.00,0.00,0,'2013-11-17 03:16:03','2013-11-17 04:12:44'),(173,175,NULL,14,81,'2010/11',1,1,0,0,1,1,NULL,0,0,0,0.00,0.00,0.00,0.00,0.00,0.00,0.00,0.00,0.00,0,'2013-11-17 03:16:24','2013-11-17 04:15:37'),(174,176,NULL,1,74,'2010/11',1,1,0,0,1,1,NULL,0,17,17,0.00,19.00,19.00,0.00,0.00,0.00,0.00,0.00,0.00,0,'2013-11-17 03:16:35','2013-11-17 06:37:02'),(175,177,NULL,11,70,'2010/11',1,1,0,0,1,1,NULL,0,0,0,0.00,0.00,0.00,0.00,0.00,0.00,0.00,0.00,0.00,0,'2013-11-17 03:16:35','2013-11-17 04:12:44'),(176,178,NULL,7,80,'2010/11',1,1,0,0,1,1,NULL,0,0,0,0.00,0.00,0.00,0.00,0.00,0.00,0.00,0.00,0.00,0,'2013-11-17 03:16:50','2013-11-17 04:25:47'),(177,179,NULL,21,NULL,'2002/03',1,1,0,0,0,1,NULL,0,0,0,0.00,0.00,0.00,0.00,0.00,0.00,0.00,0.00,0.00,0,'2013-11-17 03:16:57','2013-11-17 03:16:57'),(178,180,NULL,1,74,'2010/11',1,1,0,0,1,1,NULL,0,17,17,0.00,27.00,27.00,0.00,0.00,0.00,0.00,0.00,0.00,0,'2013-11-17 03:17:10','2013-11-17 06:37:02'),(179,181,NULL,11,70,'2010/11',1,1,0,0,1,1,NULL,0,0,0,0.00,0.00,0.00,0.00,0.00,0.00,0.00,0.00,0.00,0,'2013-11-17 03:17:11','2013-11-17 04:12:44'),(180,182,NULL,14,81,'2010/11',1,1,0,0,1,1,NULL,0,0,0,0.00,0.00,0.00,0.00,0.00,0.00,0.00,0.00,0.00,0,'2013-11-17 03:17:15','2013-11-17 04:15:37'),(181,183,NULL,7,80,'2010/11',1,1,0,0,1,1,NULL,0,0,0,0.00,0.00,0.00,0.00,0.00,0.00,0.00,0.00,0.00,0,'2013-11-17 03:17:37','2013-11-17 04:25:47'),(182,184,NULL,11,70,'2010/11',1,1,0,0,1,1,NULL,0,0,0,0.00,0.00,0.00,0.00,0.00,0.00,0.00,0.00,0.00,0,'2013-11-17 03:17:44','2013-11-17 04:12:44'),(183,185,NULL,21,NULL,'2002/03',1,1,0,0,0,1,NULL,0,0,0,0.00,0.00,0.00,0.00,0.00,0.00,0.00,0.00,0.00,0,'2013-11-17 03:17:47','2013-11-17 03:17:47'),(184,186,NULL,14,81,'2010/11',1,1,0,0,1,1,NULL,0,0,0,0.00,0.00,0.00,0.00,0.00,0.00,0.00,0.00,0.00,0,'2013-11-17 03:18:02','2013-11-17 04:15:37'),(185,187,NULL,7,80,'2010/11',1,1,0,0,1,1,NULL,0,0,0,0.00,0.00,0.00,0.00,0.00,0.00,0.00,0.00,0.00,0,'2013-11-17 03:18:26','2013-11-17 04:25:47'),(186,188,NULL,21,NULL,'2002/03',1,1,0,0,0,1,NULL,0,0,0,0.00,0.00,0.00,0.00,0.00,0.00,0.00,0.00,0.00,0,'2013-11-17 03:18:27','2013-11-17 03:18:27'),(187,189,NULL,11,70,'2010/11',1,1,0,0,1,1,NULL,0,0,0,0.00,0.00,0.00,0.00,0.00,0.00,0.00,0.00,0.00,0,'2013-11-17 03:18:28','2013-11-17 04:12:44'),(188,190,NULL,14,81,'2010/11',1,1,0,0,1,1,NULL,0,0,0,0.00,0.00,0.00,0.00,0.00,0.00,0.00,0.00,0.00,0,'2013-11-17 03:19:07','2013-11-17 04:15:37'),(189,191,NULL,11,70,'2010/11',1,1,0,0,1,1,NULL,0,0,0,0.00,0.00,0.00,0.00,0.00,0.00,0.00,0.00,0.00,0,'2013-11-17 03:19:10','2013-11-17 04:12:44'),(190,192,NULL,7,80,'2010/11',1,1,0,0,1,1,NULL,0,0,0,0.00,0.00,0.00,0.00,0.00,0.00,0.00,0.00,0.00,0,'2013-11-17 03:19:16','2013-11-17 04:25:47'),(191,193,NULL,1,74,'2010/11',1,1,0,0,1,1,NULL,0,17,17,0.00,47.00,47.00,0.00,0.00,0.00,0.00,0.00,0.00,0,'2013-11-17 03:19:17','2013-11-17 06:37:02'),(192,194,NULL,21,NULL,'2002/03',1,1,0,0,0,1,NULL,0,0,0,0.00,0.00,0.00,0.00,0.00,0.00,0.00,0.00,0.00,0,'2013-11-17 03:19:37','2013-11-17 03:19:37'),(193,195,NULL,11,70,'2010/11',1,1,0,0,1,1,NULL,0,0,0,0.00,0.00,0.00,0.00,0.00,0.00,0.00,0.00,0.00,0,'2013-11-17 03:19:49','2013-11-17 04:12:44'),(194,196,NULL,7,80,'2010/11',1,1,0,0,1,1,NULL,0,0,0,0.00,0.00,0.00,0.00,0.00,0.00,0.00,0.00,0.00,0,'2013-11-17 03:19:53','2013-11-17 04:25:48'),(195,197,NULL,14,81,'2010/11',1,1,0,0,1,1,NULL,0,0,0,0.00,0.00,0.00,0.00,0.00,0.00,0.00,0.00,0.00,0,'2013-11-17 03:19:56','2013-11-17 04:15:37'),(196,198,NULL,1,74,'2010/11',1,1,0,0,1,1,NULL,0,17,17,0.00,36.00,36.00,0.00,0.00,0.00,0.00,0.00,0.00,0,'2013-11-17 03:20:01','2013-11-17 06:37:02'),(197,199,NULL,11,70,'2010/11',1,1,0,0,1,1,NULL,0,0,0,0.00,0.00,0.00,0.00,0.00,0.00,0.00,0.00,0.00,0,'2013-11-17 03:20:22','2013-11-17 04:12:45'),(198,200,NULL,21,NULL,'2002/03',1,1,0,0,0,1,NULL,0,0,0,0.00,0.00,0.00,0.00,0.00,0.00,0.00,0.00,0.00,0,'2013-11-17 03:20:38','2013-11-17 03:20:38'),(199,201,NULL,1,74,'2010/11',1,1,0,0,1,1,NULL,0,17,17,0.00,49.75,49.75,0.00,0.00,0.00,0.00,0.00,0.00,0,'2013-11-17 03:20:43','2013-11-17 06:37:02'),(200,202,NULL,14,81,'2010/11',1,1,0,0,1,1,NULL,0,0,0,0.00,0.00,0.00,0.00,0.00,0.00,0.00,0.00,0.00,0,'2013-11-17 03:20:43','2013-11-17 04:15:37'),(201,203,NULL,11,70,'2010/11',1,1,0,0,1,1,NULL,0,0,0,0.00,0.00,0.00,0.00,0.00,0.00,0.00,0.00,0.00,0,'2013-11-17 03:20:52','2013-11-17 04:12:45'),(202,204,NULL,1,74,'2010/11',1,1,0,0,1,1,NULL,0,17,17,0.00,44.25,44.25,0.00,0.00,0.00,0.00,0.00,0.00,0,'2013-11-17 03:21:21','2013-11-17 06:37:02'),(203,205,NULL,7,82,'2010/11',1,1,0,0,1,1,NULL,0,0,0,0.00,0.00,0.00,0.00,0.00,0.00,0.00,0.00,0.00,0,'2013-11-17 03:21:28','2013-11-17 04:26:15'),(204,206,NULL,21,NULL,'2002/03',1,1,0,0,0,1,NULL,0,0,0,0.00,0.00,0.00,0.00,0.00,0.00,0.00,0.00,0.00,0,'2013-11-17 03:21:45','2013-11-17 03:21:45'),(205,207,NULL,14,81,'2010/11',1,1,0,0,1,1,NULL,0,0,0,0.00,0.00,0.00,0.00,0.00,0.00,0.00,0.00,0.00,0,'2013-11-17 03:21:48','2013-11-17 04:15:37'),(206,208,NULL,1,74,'2010/11',1,1,0,0,1,1,NULL,0,17,17,0.00,33.50,33.50,0.00,0.00,0.00,0.00,0.00,0.00,0,'2013-11-17 03:22:00','2013-11-17 06:37:02'),(207,209,NULL,7,82,'2010/11',1,1,0,0,1,1,NULL,0,0,0,0.00,0.00,0.00,0.00,0.00,0.00,0.00,0.00,0.00,0,'2013-11-17 03:22:04','2013-11-17 04:26:16'),(208,210,NULL,21,NULL,'2002/03',1,1,0,0,0,1,NULL,0,0,0,0.00,0.00,0.00,0.00,0.00,0.00,0.00,0.00,0.00,0,'2013-11-17 03:22:47','2013-11-17 03:22:47'),(209,211,NULL,7,82,'2010/11',1,1,0,0,1,1,NULL,0,0,0,0.00,0.00,0.00,0.00,0.00,0.00,0.00,0.00,0.00,0,'2013-11-17 03:22:51','2013-11-17 04:26:16'),(210,212,NULL,14,81,'2010/11',1,1,0,0,1,1,NULL,0,0,0,0.00,0.00,0.00,0.00,0.00,0.00,0.00,0.00,0.00,0,'2013-11-17 03:23:04','2013-11-17 04:15:37'),(211,213,NULL,1,74,'2010/11',1,1,0,0,1,1,NULL,0,17,17,0.00,49.50,49.50,0.00,0.00,0.00,0.00,0.00,0.00,0,'2013-11-17 03:23:15','2013-11-17 06:37:02'),(212,214,NULL,7,82,'2010/11',1,1,0,0,1,1,NULL,0,0,0,0.00,0.00,0.00,0.00,0.00,0.00,0.00,0.00,0.00,0,'2013-11-17 03:23:29','2013-11-17 04:26:16'),(213,215,NULL,21,NULL,'2002/03',1,1,0,0,0,1,NULL,0,0,0,0.00,0.00,0.00,0.00,0.00,0.00,0.00,0.00,0.00,0,'2013-11-17 03:23:51','2013-11-17 03:23:51'),(214,216,NULL,1,74,'2010/11',1,1,0,0,1,1,NULL,0,17,17,0.00,50.00,50.00,0.00,0.00,0.00,0.00,0.00,0.00,0,'2013-11-17 03:24:01','2013-11-17 06:37:02'),(215,217,NULL,14,81,'2010/11',1,1,0,0,1,1,NULL,0,0,0,0.00,0.00,0.00,0.00,0.00,0.00,0.00,0.00,0.00,0,'2013-11-17 03:24:20','2013-11-17 04:15:38'),(216,218,NULL,7,82,'2010/11',1,1,0,0,1,1,NULL,0,0,0,0.00,0.00,0.00,0.00,0.00,0.00,0.00,0.00,0.00,0,'2013-11-17 03:24:24','2013-11-17 04:26:16'),(217,219,NULL,7,82,'2010/11',1,1,0,0,1,1,NULL,0,0,0,0.00,0.00,0.00,0.00,0.00,0.00,0.00,0.00,0.00,0,'2013-11-17 03:25:26','2013-11-17 04:26:16'),(218,220,NULL,7,82,'2010/11',1,1,0,0,1,1,NULL,0,0,0,0.00,0.00,0.00,0.00,0.00,0.00,0.00,0.00,0.00,0,'2013-11-17 03:26:04','2013-11-17 04:26:16'),(219,221,NULL,11,75,'2010/11',1,1,0,0,1,1,NULL,0,0,0,0.00,0.00,0.00,0.00,0.00,0.00,0.00,0.00,0.00,0,'2013-11-17 03:26:24','2013-11-17 04:13:17'),(220,222,NULL,7,82,'2010/11',1,1,0,0,1,1,NULL,0,0,0,0.00,0.00,0.00,0.00,0.00,0.00,0.00,0.00,0.00,0,'2013-11-17 03:26:37','2013-11-17 04:26:16'),(221,223,NULL,11,75,'2010/11',1,1,0,0,1,1,NULL,0,0,0,0.00,0.00,0.00,0.00,0.00,0.00,0.00,0.00,0.00,0,'2013-11-17 03:27:06','2013-11-17 04:13:17'),(222,224,NULL,7,82,'2010/11',1,1,0,0,1,1,NULL,0,0,0,0.00,0.00,0.00,0.00,0.00,0.00,0.00,0.00,0.00,0,'2013-11-17 03:27:28','2013-11-17 04:26:16'),(223,225,NULL,11,75,'2010/11',1,1,0,0,1,1,NULL,0,0,0,0.00,0.00,0.00,0.00,0.00,0.00,0.00,0.00,0.00,0,'2013-11-17 03:27:34','2013-11-17 04:13:18'),(224,226,NULL,7,82,'2010/11',1,1,0,0,1,1,NULL,0,0,0,0.00,0.00,0.00,0.00,0.00,0.00,0.00,0.00,0.00,0,'2013-11-17 03:28:00','2013-11-17 04:26:16'),(225,227,NULL,11,75,'2010/11',1,1,0,0,1,1,NULL,0,0,0,0.00,0.00,0.00,0.00,0.00,0.00,0.00,0.00,0.00,0,'2013-11-17 03:28:04','2013-11-17 04:13:18'),(226,228,NULL,11,75,'2010/11',1,1,0,0,1,1,NULL,0,0,0,0.00,0.00,0.00,0.00,0.00,0.00,0.00,0.00,0.00,0,'2013-11-17 03:28:33','2013-11-17 04:13:18'),(227,229,NULL,11,75,'2010/11',1,1,0,0,1,1,NULL,0,0,0,0.00,0.00,0.00,0.00,0.00,0.00,0.00,0.00,0.00,0,'2013-11-17 03:29:06','2013-11-17 04:13:18'),(228,230,NULL,11,75,'2010/11',1,1,0,0,1,1,NULL,0,0,0,0.00,0.00,0.00,0.00,0.00,0.00,0.00,0.00,0.00,0,'2013-11-17 03:29:38','2013-11-17 04:13:18'),(229,231,NULL,6,86,'2010/11',1,1,0,0,1,1,NULL,0,15,15,0.00,9.75,9.75,0.00,0.00,0.00,0.00,0.00,0.00,0,'2013-11-17 03:29:39','2013-11-17 06:36:29'),(230,232,NULL,23,NULL,'2012/13',1,1,0,0,0,1,NULL,0,0,0,0.00,0.00,0.00,0.00,0.00,0.00,0.00,0.00,0.00,0,'2013-11-17 03:29:48','2013-11-17 03:29:48'),(231,233,NULL,16,64,'2010/11',1,1,0,0,1,1,NULL,0,12,12,0.00,15.75,15.75,0.00,0.00,0.00,0.00,0.00,0.00,0,'2013-11-17 03:30:04','2013-11-17 06:36:38'),(232,234,NULL,6,86,'2010/11',1,1,0,0,1,1,NULL,0,15,15,0.00,20.25,20.25,0.00,0.00,0.00,0.00,0.00,0.00,0,'2013-11-17 03:30:12','2013-11-17 06:36:30'),(233,235,NULL,11,75,'2010/11',1,1,0,0,1,1,NULL,0,0,0,0.00,0.00,0.00,0.00,0.00,0.00,0.00,0.00,0.00,0,'2013-11-17 03:30:14','2013-11-17 04:13:18'),(234,236,NULL,29,87,'2011/12',1,1,0,0,0,1,NULL,0,0,0,0.00,0.00,0.00,0.00,0.00,0.00,0.00,0.00,0.00,0,'2013-11-17 03:30:23','2013-11-17 03:38:35'),(235,237,NULL,23,NULL,'2012/13',1,1,0,0,0,1,NULL,0,0,0,0.00,0.00,0.00,0.00,0.00,0.00,0.00,0.00,0.00,0,'2013-11-17 03:30:31','2013-11-17 03:30:31'),(236,238,NULL,11,75,'2010/11',1,1,0,0,1,1,NULL,0,0,0,0.00,0.00,0.00,0.00,0.00,0.00,0.00,0.00,0.00,0,'2013-11-17 03:30:42','2013-11-17 04:13:18'),(237,239,NULL,6,86,'2010/11',1,1,0,0,1,1,NULL,0,15,15,0.00,18.00,18.00,0.00,0.00,0.00,0.00,0.00,0.00,0,'2013-11-17 03:30:43','2013-11-17 06:36:30'),(238,240,NULL,16,64,'2010/11',1,1,0,0,1,1,NULL,0,12,12,0.00,41.25,41.25,0.00,0.00,0.00,0.00,0.00,0.00,0,'2013-11-17 03:30:52','2013-11-17 06:36:38'),(239,241,NULL,29,87,'2011/12',1,1,0,0,0,1,NULL,0,0,0,0.00,0.00,0.00,0.00,0.00,0.00,0.00,0.00,0.00,0,'2013-11-17 03:31:04','2013-11-17 03:38:35'),(240,242,NULL,6,86,'2010/11',1,1,0,0,1,1,NULL,0,15,15,0.00,24.00,24.00,0.00,0.00,0.00,0.00,0.00,0.00,0,'2013-11-17 03:31:12','2013-11-17 06:36:30'),(241,243,NULL,11,75,'2010/11',1,1,0,0,1,1,NULL,0,0,0,0.00,0.00,0.00,0.00,0.00,0.00,0.00,0.00,0.00,0,'2013-11-17 03:31:16','2013-11-17 04:13:18'),(242,244,NULL,23,NULL,'2012/13',1,1,0,0,0,1,NULL,0,0,0,0.00,0.00,0.00,0.00,0.00,0.00,0.00,0.00,0.00,0,'2013-11-17 03:31:20','2013-11-17 03:31:20'),(243,245,NULL,29,87,'2011/12',1,1,0,0,0,1,NULL,0,0,0,0.00,0.00,0.00,0.00,0.00,0.00,0.00,0.00,0.00,0,'2013-11-17 03:31:51','2013-11-17 03:38:35'),(244,246,NULL,6,86,'2010/11',1,1,0,0,1,1,NULL,0,15,15,0.00,35.25,35.25,0.00,0.00,0.00,0.00,0.00,0.00,0,'2013-11-17 03:31:53','2013-11-17 06:36:30'),(245,247,NULL,23,NULL,'2012/13',1,1,0,0,0,1,NULL,0,0,0,0.00,0.00,0.00,0.00,0.00,0.00,0.00,0.00,0.00,0,'2013-11-17 03:32:06','2013-11-17 03:32:06'),(246,248,NULL,6,86,'2010/11',1,1,0,0,1,1,NULL,0,15,15,0.00,31.50,31.50,0.00,0.00,0.00,0.00,0.00,0.00,0,'2013-11-17 03:32:27','2013-11-17 06:36:30'),(247,249,NULL,10,76,'2010/11',1,1,0,0,1,1,NULL,0,0,0,0.00,0.00,0.00,0.00,0.00,0.00,0.00,0.00,0.00,0,'2013-11-17 03:32:33','2013-11-17 04:16:45'),(248,250,NULL,29,87,'2011/12',1,1,0,0,0,1,NULL,0,0,0,0.00,0.00,0.00,0.00,0.00,0.00,0.00,0.00,0.00,0,'2013-11-17 03:32:40','2013-11-17 03:38:35'),(249,251,NULL,10,76,'2010/11',1,1,0,0,1,1,NULL,0,0,0,0.00,0.00,0.00,0.00,0.00,0.00,0.00,0.00,0.00,0,'2013-11-17 03:32:59','2013-11-17 04:16:45'),(250,252,NULL,6,86,'2010/11',1,1,0,0,1,1,NULL,0,15,15,0.00,45.00,45.00,0.00,0.00,0.00,0.00,0.00,0.00,0,'2013-11-17 03:33:04','2013-11-17 06:36:30'),(251,253,NULL,23,NULL,'2012/13',1,1,0,0,0,1,NULL,0,0,0,0.00,0.00,0.00,0.00,0.00,0.00,0.00,0.00,0.00,0,'2013-11-17 03:33:10','2013-11-17 03:33:10'),(252,254,NULL,29,87,'2011/12',1,1,0,0,0,1,NULL,0,0,0,0.00,0.00,0.00,0.00,0.00,0.00,0.00,0.00,0.00,0,'2013-11-17 03:33:27','2013-11-17 03:38:35'),(253,255,NULL,10,76,'2010/11',1,1,0,0,1,1,NULL,0,0,0,0.00,0.00,0.00,0.00,0.00,0.00,0.00,0.00,0.00,0,'2013-11-17 03:33:30','2013-11-17 04:16:46'),(254,256,NULL,6,86,'2010/11',1,1,0,0,1,1,NULL,0,15,15,0.00,38.25,38.25,0.00,0.00,0.00,0.00,0.00,0.00,0,'2013-11-17 03:33:38','2013-11-17 06:36:30'),(255,257,NULL,10,76,'2010/11',1,1,0,0,1,1,NULL,0,0,0,0.00,0.00,0.00,0.00,0.00,0.00,0.00,0.00,0.00,0,'2013-11-17 03:34:03','2013-11-17 04:16:46'),(256,258,NULL,29,87,'2011/12',1,1,0,0,0,1,NULL,0,0,0,0.00,0.00,0.00,0.00,0.00,0.00,0.00,0.00,0.00,0,'2013-11-17 03:34:07','2013-11-17 03:38:35'),(257,259,NULL,6,86,'2010/11',1,1,0,0,1,1,NULL,0,15,15,0.00,36.00,36.00,0.00,0.00,0.00,0.00,0.00,0.00,0,'2013-11-17 03:34:16','2013-11-17 06:36:30'),(258,260,NULL,23,NULL,'2012/13',1,1,0,0,0,1,NULL,0,0,0,0.00,0.00,0.00,0.00,0.00,0.00,0.00,0.00,0.00,0,'2013-11-17 03:34:19','2013-11-17 03:34:19'),(259,261,NULL,10,76,'2010/11',1,1,0,0,1,1,NULL,0,0,0,0.00,0.00,0.00,0.00,0.00,0.00,0.00,0.00,0.00,0,'2013-11-17 03:34:45','2013-11-17 04:16:46'),(260,262,NULL,29,87,'2011/12',1,1,0,0,0,1,NULL,0,0,0,0.00,0.00,0.00,0.00,0.00,0.00,0.00,0.00,0.00,0,'2013-11-17 03:34:49','2013-11-17 03:38:35'),(261,263,NULL,6,86,'2010/11',1,1,0,0,1,1,NULL,0,15,15,0.00,48.75,48.75,0.00,0.00,0.00,0.00,0.00,0.00,0,'2013-11-17 03:34:53','2013-11-17 06:36:30'),(262,264,NULL,10,76,'2010/11',1,1,0,0,1,1,NULL,0,0,0,0.00,0.00,0.00,0.00,0.00,0.00,0.00,0.00,0.00,0,'2013-11-17 03:35:19','2013-11-17 04:16:46'),(263,265,NULL,29,87,'2011/12',1,1,0,0,0,1,NULL,0,0,0,0.00,0.00,0.00,0.00,0.00,0.00,0.00,0.00,0.00,0,'2013-11-17 03:35:30','2013-11-17 03:38:35'),(264,266,NULL,23,NULL,'2012/13',1,1,0,0,0,1,NULL,0,0,0,0.00,0.00,0.00,0.00,0.00,0.00,0.00,0.00,0.00,0,'2013-11-17 03:35:37','2013-11-17 03:35:37'),(265,267,NULL,10,76,'2010/11',1,1,0,0,1,1,NULL,0,0,0,0.00,0.00,0.00,0.00,0.00,0.00,0.00,0.00,0.00,0,'2013-11-17 03:35:47','2013-11-17 04:16:46'),(266,268,NULL,24,88,'2010/11',1,1,0,0,1,1,NULL,0,0,0,0.00,0.00,0.00,0.00,0.00,0.00,0.00,0.00,0.00,0,'2013-11-17 03:36:05','2013-11-17 04:25:10'),(267,269,NULL,10,76,'2010/11',1,1,0,0,1,1,NULL,0,0,0,0.00,0.00,0.00,0.00,0.00,0.00,0.00,0.00,0.00,0,'2013-11-17 03:36:19','2013-11-17 04:16:46'),(268,270,NULL,24,88,'2010/11',1,1,0,0,1,1,NULL,0,0,0,0.00,0.00,0.00,0.00,0.00,0.00,0.00,0.00,0.00,0,'2013-11-17 03:36:37','2013-11-17 04:25:10'),(269,271,NULL,23,NULL,'2012/13',1,1,0,0,0,1,NULL,0,0,0,0.00,0.00,0.00,0.00,0.00,0.00,0.00,0.00,0.00,0,'2013-11-17 03:36:46','2013-11-17 03:36:46'),(270,272,NULL,10,76,'2010/11',1,1,0,0,1,1,NULL,0,0,0,0.00,0.00,0.00,0.00,0.00,0.00,0.00,0.00,0.00,0,'2013-11-17 03:36:49','2013-11-17 04:16:46'),(271,273,NULL,29,87,'2011/12',1,1,0,0,0,1,NULL,0,0,0,0.00,0.00,0.00,0.00,0.00,0.00,0.00,0.00,0.00,0,'2013-11-17 03:36:56','2013-11-17 03:38:35'),(272,274,NULL,24,88,'2010/11',1,1,0,0,1,1,NULL,0,0,0,0.00,0.00,0.00,0.00,0.00,0.00,0.00,0.00,0.00,0,'2013-11-17 03:37:14','2013-11-17 04:25:10'),(273,275,NULL,23,NULL,'2012/13',1,1,0,0,0,1,NULL,0,0,0,0.00,0.00,0.00,0.00,0.00,0.00,0.00,0.00,0.00,0,'2013-11-17 03:37:38','2013-11-17 03:37:38'),(274,276,NULL,29,87,'2011/12',1,1,0,0,0,1,NULL,0,0,0,0.00,0.00,0.00,0.00,0.00,0.00,0.00,0.00,0.00,0,'2013-11-17 03:38:07','2013-11-17 03:38:35'),(275,277,NULL,23,NULL,'2012/13',1,1,0,0,0,1,NULL,0,0,0,0.00,0.00,0.00,0.00,0.00,0.00,0.00,0.00,0.00,0,'2013-11-17 03:38:43','2013-11-17 03:38:43'),(276,278,NULL,24,88,'2010/11',1,1,0,0,1,1,NULL,0,0,0,0.00,0.00,0.00,0.00,0.00,0.00,0.00,0.00,0.00,0,'2013-11-17 03:39:45','2013-11-17 04:25:10'),(277,279,NULL,24,88,'2010/11',1,1,0,0,1,1,NULL,0,0,0,0.00,0.00,0.00,0.00,0.00,0.00,0.00,0.00,0.00,0,'2013-11-17 03:41:18','2013-11-17 04:25:11'),(278,280,NULL,1,89,'2011/12',1,1,0,0,0,1,NULL,0,0,0,0.00,0.00,0.00,0.00,0.00,0.00,0.00,0.00,0.00,0,'2013-11-17 03:41:27','2013-11-17 03:49:22'),(279,281,NULL,26,NULL,'2012/13',1,1,0,0,0,1,NULL,0,0,0,0.00,0.00,0.00,0.00,0.00,0.00,0.00,0.00,0.00,0,'2013-11-17 03:41:40','2013-11-17 03:41:40'),(280,282,NULL,24,88,'2010/11',1,1,0,0,1,1,NULL,0,0,0,0.00,0.00,0.00,0.00,0.00,0.00,0.00,0.00,0.00,0,'2013-11-17 03:42:00','2013-11-17 04:25:11'),(281,283,NULL,1,89,'2011/12',1,1,0,0,0,1,NULL,0,0,0,0.00,0.00,0.00,0.00,0.00,0.00,0.00,0.00,0.00,0,'2013-11-17 03:42:14','2013-11-17 03:49:22'),(282,284,NULL,26,NULL,'2012/13',1,1,0,0,0,1,NULL,0,0,0,0.00,0.00,0.00,0.00,0.00,0.00,0.00,0.00,0.00,0,'2013-11-17 03:42:21','2013-11-17 03:42:21'),(283,285,NULL,24,88,'2010/11',1,1,0,0,1,1,NULL,0,0,0,0.00,0.00,0.00,0.00,0.00,0.00,0.00,0.00,0.00,0,'2013-11-17 03:43:02','2013-11-17 04:25:11'),(284,286,NULL,1,89,'2011/12',1,1,0,0,0,1,NULL,0,0,0,0.00,0.00,0.00,0.00,0.00,0.00,0.00,0.00,0.00,0,'2013-11-17 03:43:08','2013-11-17 03:49:22'),(285,287,NULL,14,91,'2011/12',1,1,0,0,0,1,NULL,0,0,0,0.00,0.00,0.00,0.00,0.00,0.00,0.00,0.00,0.00,0,'2013-11-17 03:43:16','2013-11-17 03:56:35'),(286,288,NULL,26,NULL,'2012/13',1,1,0,0,0,1,NULL,0,0,0,0.00,0.00,0.00,0.00,0.00,0.00,0.00,0.00,0.00,0,'2013-11-17 03:43:32','2013-11-17 03:43:32'),(287,289,NULL,14,91,'2011/12',1,1,0,0,0,1,NULL,0,0,0,0.00,0.00,0.00,0.00,0.00,0.00,0.00,0.00,0.00,0,'2013-11-17 03:43:45','2013-11-17 03:56:35'),(288,290,NULL,24,88,'2010/11',1,1,0,0,1,1,NULL,0,0,0,0.00,0.00,0.00,0.00,0.00,0.00,0.00,0.00,0.00,0,'2013-11-17 03:43:48','2013-11-17 04:25:11'),(289,291,NULL,1,89,'2011/12',1,1,0,0,0,1,NULL,0,0,0,0.00,0.00,0.00,0.00,0.00,0.00,0.00,0.00,0.00,0,'2013-11-17 03:43:58','2013-11-17 03:49:22'),(290,292,NULL,10,76,'2010/11',1,1,0,0,1,1,NULL,0,0,0,0.00,0.00,0.00,0.00,0.00,0.00,0.00,0.00,0.00,0,'2013-11-17 03:44:01','2013-11-17 04:16:47'),(291,293,NULL,26,NULL,'2012/13',1,1,0,0,0,1,NULL,0,0,0,0.00,0.00,0.00,0.00,0.00,0.00,0.00,0.00,0.00,0,'2013-11-17 03:44:12','2013-11-17 03:44:12'),(292,294,NULL,24,88,'2010/11',1,1,0,0,1,1,NULL,0,0,0,0.00,0.00,0.00,0.00,0.00,0.00,0.00,0.00,0.00,0,'2013-11-17 03:44:39','2013-11-17 04:25:12'),(293,295,NULL,14,91,'2011/12',1,1,0,0,0,1,NULL,0,0,0,0.00,0.00,0.00,0.00,0.00,0.00,0.00,0.00,0.00,0,'2013-11-17 03:44:42','2013-11-17 03:56:35'),(294,296,NULL,1,89,'2011/12',1,1,0,0,0,1,NULL,0,0,0,0.00,0.00,0.00,0.00,0.00,0.00,0.00,0.00,0.00,0,'2013-11-17 03:44:55','2013-11-17 03:49:22'),(295,297,NULL,24,88,'2010/11',1,1,0,0,1,1,NULL,0,0,0,0.00,0.00,0.00,0.00,0.00,0.00,0.00,0.00,0.00,0,'2013-11-17 03:45:21','2013-11-17 04:25:12'),(296,298,NULL,26,NULL,'2012/13',1,1,0,0,0,1,NULL,0,0,0,0.00,0.00,0.00,0.00,0.00,0.00,0.00,0.00,0.00,0,'2013-11-17 03:45:31','2013-11-17 03:45:31'),(297,299,NULL,14,91,'2011/12',1,1,0,0,0,1,NULL,0,0,0,0.00,0.00,0.00,0.00,0.00,0.00,0.00,0.00,0.00,0,'2013-11-17 03:45:31','2013-11-17 03:56:35'),(298,300,NULL,1,89,'2011/12',1,1,0,0,0,1,NULL,0,0,0,0.00,0.00,0.00,0.00,0.00,0.00,0.00,0.00,0.00,0,'2013-11-17 03:45:38','2013-11-17 03:49:22'),(299,301,NULL,17,77,'2010/11',1,1,0,0,1,1,NULL,0,9,9,0.00,5.25,5.25,0.00,0.00,0.00,0.00,0.00,0.00,0,'2013-11-17 03:45:58','2013-11-17 06:36:59'),(300,302,NULL,26,NULL,'2012/13',1,1,0,0,0,1,NULL,0,0,0,0.00,0.00,0.00,0.00,0.00,0.00,0.00,0.00,0.00,0,'2013-11-17 03:46:13','2013-11-17 03:46:13'),(301,303,NULL,14,91,'2011/12',1,1,0,0,0,1,NULL,0,0,0,0.00,0.00,0.00,0.00,0.00,0.00,0.00,0.00,0.00,0,'2013-11-17 03:46:22','2013-11-17 03:56:35'),(302,304,NULL,17,77,'2010/11',1,1,0,0,1,1,NULL,0,9,9,0.00,9.75,9.75,0.00,0.00,0.00,0.00,0.00,0.00,0,'2013-11-17 03:46:24','2013-11-17 06:36:59'),(303,305,NULL,1,89,'2011/12',1,1,0,0,0,1,NULL,0,0,0,0.00,0.00,0.00,0.00,0.00,0.00,0.00,0.00,0.00,0,'2013-11-17 03:46:28','2013-11-17 03:49:22'),(304,306,NULL,17,77,'2010/11',1,1,0,0,1,1,NULL,0,9,9,0.00,11.25,11.25,0.00,0.00,0.00,0.00,0.00,0.00,0,'2013-11-17 03:46:56','2013-11-17 06:36:59'),(305,307,NULL,26,NULL,'2012/13',1,1,0,0,0,1,NULL,0,0,0,0.00,0.00,0.00,0.00,0.00,0.00,0.00,0.00,0.00,0,'2013-11-17 03:47:06','2013-11-17 03:47:06'),(306,308,NULL,1,89,'2011/12',1,1,0,0,0,1,NULL,0,0,0,0.00,0.00,0.00,0.00,0.00,0.00,0.00,0.00,0.00,0,'2013-11-17 03:47:08','2013-11-17 03:49:22'),(307,309,NULL,14,91,'2011/12',1,1,0,0,0,1,NULL,0,0,0,0.00,0.00,0.00,0.00,0.00,0.00,0.00,0.00,0.00,0,'2013-11-17 03:47:10','2013-11-17 03:56:35'),(308,310,NULL,17,77,'2010/11',1,1,0,0,1,1,NULL,0,9,9,0.00,29.25,29.25,0.00,0.00,0.00,0.00,0.00,0.00,0,'2013-11-17 03:47:26','2013-11-17 06:36:59'),(309,311,NULL,17,77,'2010/11',1,1,0,0,1,1,NULL,0,9,9,0.00,30.75,30.75,0.00,0.00,0.00,0.00,0.00,0.00,0,'2013-11-17 03:47:55','2013-11-17 06:36:59'),(310,312,NULL,1,89,'2011/12',1,1,0,0,0,1,NULL,0,0,0,0.00,0.00,0.00,0.00,0.00,0.00,0.00,0.00,0.00,0,'2013-11-17 03:47:55','2013-11-17 03:49:22'),(311,313,NULL,26,NULL,'2012/13',1,1,0,0,0,1,NULL,0,0,0,0.00,0.00,0.00,0.00,0.00,0.00,0.00,0.00,0.00,0,'2013-11-17 03:48:01','2013-11-17 03:48:01'),(312,314,NULL,14,91,'2011/12',1,1,0,0,0,1,NULL,0,0,0,0.00,0.00,0.00,0.00,0.00,0.00,0.00,0.00,0.00,0,'2013-11-17 03:48:13','2013-11-17 03:56:35'),(313,315,NULL,17,77,'2010/11',1,1,0,0,1,1,NULL,0,9,9,0.00,16.50,16.50,0.00,0.00,0.00,0.00,0.00,0.00,0,'2013-11-17 03:48:26','2013-11-17 06:36:59'),(314,316,NULL,1,89,'2011/12',1,1,0,0,0,1,NULL,0,0,0,0.00,0.00,0.00,0.00,0.00,0.00,0.00,0.00,0.00,0,'2013-11-17 03:48:49','2013-11-17 03:49:22'),(315,317,NULL,17,77,'2010/11',1,1,0,0,1,1,NULL,0,9,9,0.00,27.75,27.75,0.00,0.00,0.00,0.00,0.00,0.00,0,'2013-11-17 03:48:53','2013-11-17 06:36:59'),(316,318,NULL,14,91,'2011/12',1,1,0,0,0,1,NULL,0,0,0,0.00,0.00,0.00,0.00,0.00,0.00,0.00,0.00,0.00,0,'2013-11-17 03:48:56','2013-11-17 03:56:35'),(317,319,NULL,26,NULL,'2012/13',1,1,0,0,0,1,NULL,0,0,0,0.00,0.00,0.00,0.00,0.00,0.00,0.00,0.00,0.00,0,'2013-11-17 03:48:58','2013-11-17 03:48:58'),(318,320,NULL,17,77,'2010/11',1,1,0,0,1,1,NULL,0,9,9,0.00,28.50,28.50,0.00,0.00,0.00,0.00,0.00,0.00,0,'2013-11-17 03:49:18','2013-11-17 06:36:59'),(319,321,NULL,17,77,'2010/11',1,1,0,0,1,1,NULL,0,9,9,0.00,21.75,21.75,0.00,0.00,0.00,0.00,0.00,0.00,0,'2013-11-17 03:49:43','2013-11-17 06:36:59'),(320,322,NULL,14,91,'2011/12',1,1,0,0,0,1,NULL,0,0,0,0.00,0.00,0.00,0.00,0.00,0.00,0.00,0.00,0.00,0,'2013-11-17 03:49:48','2013-11-17 03:56:35'),(321,323,NULL,26,NULL,'2012/13',1,1,0,0,0,1,NULL,0,0,0,0.00,0.00,0.00,0.00,0.00,0.00,0.00,0.00,0.00,0,'2013-11-17 03:49:49','2013-11-17 03:49:49'),(322,324,NULL,17,77,'2010/11',1,1,0,0,1,1,NULL,0,9,9,0.00,30.75,30.75,0.00,0.00,0.00,0.00,0.00,0.00,0,'2013-11-17 03:50:15','2013-11-17 06:36:59'),(323,325,NULL,14,91,'2011/12',1,1,0,0,0,1,NULL,0,0,0,0.00,0.00,0.00,0.00,0.00,0.00,0.00,0.00,0.00,0,'2013-11-17 03:50:43','2013-11-17 03:56:35'),(324,326,NULL,18,92,'2010/11',1,1,0,0,0,1,NULL,0,0,0,0.00,0.00,0.00,0.00,0.00,0.00,0.00,0.00,0.00,0,'2013-11-17 03:58:47','2013-11-17 04:25:39'),(325,327,NULL,18,92,'2010/11',1,1,0,0,0,1,NULL,0,0,0,0.00,0.00,0.00,0.00,0.00,0.00,0.00,0.00,0.00,0,'2013-11-17 03:59:47','2013-11-17 04:25:39'),(326,328,NULL,18,92,'2010/11',1,1,0,0,0,1,NULL,0,0,0,0.00,0.00,0.00,0.00,0.00,0.00,0.00,0.00,0.00,0,'2013-11-17 04:00:34','2013-11-17 04:25:39'),(327,329,NULL,16,95,'2011/12',1,1,0,0,0,1,NULL,0,0,0,0.00,0.00,0.00,0.00,0.00,0.00,0.00,0.00,0.00,0,'2013-11-17 04:00:53','2013-11-17 04:07:44'),(328,330,NULL,18,92,'2010/11',1,1,0,0,0,1,NULL,0,0,0,0.00,0.00,0.00,0.00,0.00,0.00,0.00,0.00,0.00,0,'2013-11-17 04:01:29','2013-11-17 04:25:39'),(329,331,NULL,16,95,'2011/12',1,1,0,0,0,1,NULL,0,0,0,0.00,0.00,0.00,0.00,0.00,0.00,0.00,0.00,0.00,0,'2013-11-17 04:01:33','2013-11-17 04:07:44'),(330,332,NULL,16,95,'2011/12',1,1,0,0,0,1,NULL,0,0,0,0.00,0.00,0.00,0.00,0.00,0.00,0.00,0.00,0.00,0,'2013-11-17 04:02:14','2013-11-17 04:07:44'),(331,333,NULL,16,95,'2011/12',1,1,0,0,0,1,NULL,0,0,0,0.00,0.00,0.00,0.00,0.00,0.00,0.00,0.00,0.00,0,'2013-11-17 04:02:47','2013-11-17 04:07:44'),(332,334,NULL,18,92,'2010/11',1,1,0,0,0,1,NULL,0,0,0,0.00,0.00,0.00,0.00,0.00,0.00,0.00,0.00,0.00,0,'2013-11-17 04:03:11','2013-11-17 04:25:39'),(333,335,NULL,16,95,'2011/12',1,1,0,0,0,1,NULL,0,0,0,0.00,0.00,0.00,0.00,0.00,0.00,0.00,0.00,0.00,0,'2013-11-17 04:03:23','2013-11-17 04:07:44'),(334,336,NULL,18,92,'2010/11',1,1,0,0,0,1,NULL,0,0,0,0.00,0.00,0.00,0.00,0.00,0.00,0.00,0.00,0.00,0,'2013-11-17 04:04:03','2013-11-17 04:25:39'),(335,337,NULL,16,95,'2011/12',1,1,0,0,0,1,NULL,0,0,0,0.00,0.00,0.00,0.00,0.00,0.00,0.00,0.00,0.00,0,'2013-11-17 04:04:11','2013-11-17 04:07:44'),(336,338,NULL,18,92,'2010/11',1,1,0,0,0,1,NULL,0,0,0,0.00,0.00,0.00,0.00,0.00,0.00,0.00,0.00,0.00,0,'2013-11-17 04:04:50','2013-11-17 04:25:39'),(337,339,NULL,16,95,'2011/12',1,1,0,0,0,1,NULL,0,0,0,0.00,0.00,0.00,0.00,0.00,0.00,0.00,0.00,0.00,0,'2013-11-17 04:04:58','2013-11-17 04:07:44'),(338,340,NULL,16,95,'2011/12',1,1,0,0,0,1,NULL,0,0,0,0.00,0.00,0.00,0.00,0.00,0.00,0.00,0.00,0.00,0,'2013-11-17 04:05:37','2013-11-17 04:07:44'),(339,341,NULL,18,92,'2010/11',1,1,0,0,0,1,NULL,0,0,0,0.00,0.00,0.00,0.00,0.00,0.00,0.00,0.00,0.00,0,'2013-11-17 04:05:43','2013-11-17 04:25:39'),(340,342,NULL,16,95,'2011/12',1,1,0,0,0,1,NULL,0,0,0,0.00,0.00,0.00,0.00,0.00,0.00,0.00,0.00,0.00,0,'2013-11-17 04:06:12','2013-11-17 04:07:44'),(341,343,NULL,16,95,'2011/12',1,1,0,0,0,1,NULL,0,0,0,0.00,0.00,0.00,0.00,0.00,0.00,0.00,0.00,0.00,0,'2013-11-17 04:06:44','2013-11-17 04:07:44'),(342,344,NULL,18,92,'2010/11',1,1,0,0,0,1,NULL,0,0,0,0.00,0.00,0.00,0.00,0.00,0.00,0.00,0.00,0.00,0,'2013-11-17 04:06:55','2013-11-17 04:25:39'),(343,345,NULL,18,92,'2010/11',1,1,0,0,0,1,NULL,0,0,0,0.00,0.00,0.00,0.00,0.00,0.00,0.00,0.00,0.00,0,'2013-11-17 04:07:34','2013-11-17 04:25:39'),(344,346,NULL,21,78,'2010/11',1,1,0,0,0,1,NULL,0,0,0,0.00,0.00,0.00,0.00,0.00,0.00,0.00,0.00,0.00,0,'2013-11-17 04:09:33','2013-11-17 04:31:08'),(345,347,NULL,21,78,'2010/11',1,1,0,0,0,1,NULL,0,0,0,0.00,0.00,0.00,0.00,0.00,0.00,0.00,0.00,0.00,0,'2013-11-17 04:10:17','2013-11-17 04:31:08'),(346,348,NULL,21,78,'2010/11',1,1,0,0,0,1,NULL,0,0,0,0.00,0.00,0.00,0.00,0.00,0.00,0.00,0.00,0.00,0,'2013-11-17 04:11:02','2013-11-17 04:31:08'),(347,349,NULL,21,78,'2010/11',1,1,0,0,0,1,NULL,0,0,0,0.00,0.00,0.00,0.00,0.00,0.00,0.00,0.00,0.00,0,'2013-11-17 04:16:19','2013-11-17 04:31:08'),(348,350,NULL,21,78,'2010/11',1,1,0,0,0,1,NULL,0,0,0,0.00,0.00,0.00,0.00,0.00,0.00,0.00,0.00,0.00,0,'2013-11-17 04:17:05','2013-11-17 04:31:08');
/*!40000 ALTER TABLE `enrollment_info` ENABLE KEYS */;
UNLOCK TABLES;

--
-- Table structure for table `enrollment_type`
--

DROP TABLE IF EXISTS `enrollment_type`;
/*!40101 SET @saved_cs_client     = @@character_set_client */;
/*!40101 SET character_set_client = utf8 */;
CREATE TABLE `enrollment_type` (
  `id` bigint(20) NOT NULL AUTO_INCREMENT,
  `name` varchar(255) NOT NULL,
  `overload` bigint(20) NOT NULL,
  `underload` bigint(20) NOT NULL,
  `created_at` datetime NOT NULL,
  `updated_at` datetime NOT NULL,
  PRIMARY KEY (`id`),
  UNIQUE KEY `name` (`name`)
) ENGINE=InnoDB AUTO_INCREMENT=5 DEFAULT CHARSET=latin1;
/*!40101 SET character_set_client = @saved_cs_client */;

--
-- Dumping data for table `enrollment_type`
--

LOCK TABLES `enrollment_type` WRITE;
/*!40000 ALTER TABLE `enrollment_type` DISABLE KEYS */;
INSERT INTO `enrollment_type` VALUES (1,'Distance',12,9,'2013-11-16 02:03:09','2013-11-16 02:03:09'),(2,'Regular',24,15,'2013-11-16 02:03:09','2013-11-16 02:03:09'),(3,'Extension',15,9,'2013-11-16 02:03:09','2013-11-16 02:03:09'),(4,'Weekend',15,9,'2013-11-16 02:03:09','2013-11-16 02:03:09');
/*!40000 ALTER TABLE `enrollment_type` ENABLE KEYS */;
UNLOCK TABLES;

--
-- Table structure for table `faculty`
--

DROP TABLE IF EXISTS `faculty`;
/*!40101 SET @saved_cs_client     = @@character_set_client */;
/*!40101 SET character_set_client = utf8 */;
CREATE TABLE `faculty` (
  `id` bigint(20) NOT NULL AUTO_INCREMENT,
  `name` varchar(250) NOT NULL,
  `description` text,
  `created_at` datetime NOT NULL,
  `updated_at` datetime NOT NULL,
  PRIMARY KEY (`id`),
  UNIQUE KEY `name` (`name`)
) ENGINE=InnoDB AUTO_INCREMENT=2 DEFAULT CHARSET=latin1;
/*!40101 SET character_set_client = @saved_cs_client */;

--
-- Dumping data for table `faculty`
--

LOCK TABLES `faculty` WRITE;
/*!40000 ALTER TABLE `faculty` DISABLE KEYS */;
INSERT INTO `faculty` VALUES (1,'Public Service College of Oromia','This is public service college found in Oromia','2013-11-16 02:03:09','2013-11-16 02:03:09');
/*!40000 ALTER TABLE `faculty` ENABLE KEYS */;
UNLOCK TABLES;

--
-- Table structure for table `grade`
--

DROP TABLE IF EXISTS `grade`;
/*!40101 SET @saved_cs_client     = @@character_set_client */;
/*!40101 SET character_set_client = utf8 */;
CREATE TABLE `grade` (
  `id` bigint(20) NOT NULL AUTO_INCREMENT,
  `grade_type_id` bigint(20) NOT NULL,
  `gradechar` varchar(15) NOT NULL,
  `is_removable` tinyint(1) NOT NULL,
  `is_repeated` tinyint(1) NOT NULL,
  `is_calculated` tinyint(1) NOT NULL,
  `min_value` float(18,2) NOT NULL,
  `max_value` float(18,2) NOT NULL,
  `value` float(18,2) NOT NULL,
  `created_at` datetime NOT NULL,
  `updated_at` datetime NOT NULL,
  PRIMARY KEY (`id`),
  UNIQUE KEY `gradechar` (`gradechar`),
  KEY `grade_type_id_idx` (`grade_type_id`),
  CONSTRAINT `grade_grade_type_id_grade_type_id` FOREIGN KEY (`grade_type_id`) REFERENCES `grade_type` (`id`)
) ENGINE=InnoDB AUTO_INCREMENT=16 DEFAULT CHARSET=latin1;
/*!40101 SET character_set_client = @saved_cs_client */;

--
-- Dumping data for table `grade`
--

LOCK TABLES `grade` WRITE;
/*!40000 ALTER TABLE `grade` DISABLE KEYS */;
INSERT INTO `grade` VALUES (1,1,'A+',0,0,1,4.00,4.00,4.00,'2013-11-16 02:03:09','2013-11-16 02:03:09'),(2,1,'A',0,0,1,4.00,4.00,4.00,'2013-11-16 02:03:09','2013-11-16 02:03:09'),(3,1,'A-',0,0,1,3.75,3.75,3.75,'2013-11-16 02:03:09','2013-11-16 02:03:09'),(4,1,'B+',0,0,1,3.50,3.50,3.50,'2013-11-16 02:03:09','2013-11-16 02:03:09'),(5,1,'B',0,0,1,3.00,3.00,3.00,'2013-11-16 02:03:09','2013-11-16 02:03:09'),(6,1,'B-',0,0,1,2.75,2.75,2.75,'2013-11-16 02:03:09','2013-11-16 02:03:09'),(7,1,'C+',0,0,1,2.50,2.50,2.50,'2013-11-16 02:03:09','2013-11-16 02:03:09'),(8,1,'C',0,0,1,2.00,2.00,2.00,'2013-11-16 02:03:09','2013-11-16 02:03:09'),(9,1,'C-',0,0,1,1.75,1.75,1.75,'2013-11-16 02:03:09','2013-11-16 02:03:09'),(10,1,'D+',0,0,1,1.50,1.50,1.50,'2013-11-16 02:03:09','2013-11-16 02:03:09'),(11,1,'D',0,0,1,1.00,1.00,1.00,'2013-11-16 02:03:09','2013-11-16 02:03:09'),(12,1,'D-',0,0,1,0.75,0.75,0.75,'2013-11-16 02:03:09','2013-11-16 02:03:09'),(13,1,'F',0,0,1,0.00,0.00,0.00,'2013-11-16 02:03:09','2013-11-16 02:03:09'),(14,1,'I',1,0,0,0.00,0.00,0.00,'2013-11-16 02:03:09','2013-11-16 02:03:09'),(15,1,'NG',1,0,0,0.00,0.00,0.00,'2013-11-16 02:03:09','2013-11-16 02:03:09');
/*!40000 ALTER TABLE `grade` ENABLE KEYS */;
UNLOCK TABLES;

--
-- Table structure for table `grade_type`
--

DROP TABLE IF EXISTS `grade_type`;
/*!40101 SET @saved_cs_client     = @@character_set_client */;
/*!40101 SET character_set_client = utf8 */;
CREATE TABLE `grade_type` (
  `id` bigint(20) NOT NULL AUTO_INCREMENT,
  `name` varchar(250) NOT NULL,
  `description` text,
  `created_at` datetime NOT NULL,
  `updated_at` datetime NOT NULL,
  PRIMARY KEY (`id`),
  UNIQUE KEY `name` (`name`)
) ENGINE=InnoDB AUTO_INCREMENT=4 DEFAULT CHARSET=latin1;
/*!40101 SET character_set_client = @saved_cs_client */;

--
-- Dumping data for table `grade_type`
--

LOCK TABLES `grade_type` WRITE;
/*!40000 ALTER TABLE `grade_type` DISABLE KEYS */;
INSERT INTO `grade_type` VALUES (1,'Letter Grade','Grade types like A, A+, B, B+, C, D ...','2013-11-16 02:03:09','2013-11-16 02:03:09'),(2,'Pass/Fail','Grade types like Pass or Fail ...','2013-11-16 02:03:09','2013-11-16 02:03:09'),(3,'Subjective','Grade types like Excellent, Very good, Good ...','2013-11-16 02:03:09','2013-11-16 02:03:09');
/*!40000 ALTER TABLE `grade_type` ENABLE KEYS */;
UNLOCK TABLES;

--
-- Table structure for table `instructor`
--

DROP TABLE IF EXISTS `instructor`;
/*!40101 SET @saved_cs_client     = @@character_set_client */;
/*!40101 SET character_set_client = utf8 */;
CREATE TABLE `instructor` (
  `id` bigint(20) NOT NULL AUTO_INCREMENT,
  `department_id` bigint(20) NOT NULL,
  `academic_position_id` bigint(20) NOT NULL,
  `instructor_id_number` varchar(250) NOT NULL,
  `date_of_birth` date NOT NULL,
  `gender` varchar(30) NOT NULL,
  `picture` varchar(250) DEFAULT NULL,
  `title` varchar(250) NOT NULL,
  `qualification` varchar(255) NOT NULL,
  `acadamic_position` varchar(255) NOT NULL,
  `town` varchar(255) NOT NULL,
  `woreda` varchar(250) NOT NULL,
  `kebele` varchar(250) NOT NULL,
  `house_number` varchar(250) NOT NULL,
  `nationality` varchar(255) NOT NULL,
  `ethnicity` varchar(255) NOT NULL,
  `telephone` varchar(250) DEFAULT NULL,
  `remark` text,
  `created_at` datetime NOT NULL,
  `updated_at` datetime NOT NULL,
  PRIMARY KEY (`id`),
  UNIQUE KEY `instructor_id_number` (`instructor_id_number`),
  KEY `department_id_idx` (`department_id`),
  CONSTRAINT `instructor_department_id_department_id` FOREIGN KEY (`department_id`) REFERENCES `department` (`id`) ON DELETE CASCADE
) ENGINE=InnoDB DEFAULT CHARSET=latin1;
/*!40101 SET character_set_client = @saved_cs_client */;

--
-- Dumping data for table `instructor`
--

LOCK TABLES `instructor` WRITE;
/*!40000 ALTER TABLE `instructor` DISABLE KEYS */;
/*!40000 ALTER TABLE `instructor` ENABLE KEYS */;
UNLOCK TABLES;

--
-- Table structure for table `program`
--

DROP TABLE IF EXISTS `program`;
/*!40101 SET @saved_cs_client     = @@character_set_client */;
/*!40101 SET character_set_client = utf8 */;
CREATE TABLE `program` (
  `id` bigint(20) NOT NULL AUTO_INCREMENT,
  `name` varchar(255) NOT NULL,
  `department_id` bigint(20) NOT NULL,
  `program_type_id` bigint(20) NOT NULL,
  `enrollment_type_id` bigint(20) NOT NULL,
  `minor` varchar(255) DEFAULT NULL,
  `number_of_semesters` bigint(20) NOT NULL,
  `total_max_chr` bigint(20) NOT NULL,
  `total_min_chr` bigint(20) NOT NULL,
  `number_of_years` bigint(20) NOT NULL,
  `max_number_of_years` bigint(20) NOT NULL,
  `approval_date` date DEFAULT NULL,
  `status` tinyint(1) NOT NULL,
  `created_at` datetime NOT NULL,
  `updated_at` datetime NOT NULL,
  PRIMARY KEY (`id`),
  UNIQUE KEY `program_index_idx` (`department_id`,`name`),
  KEY `department_id_idx` (`department_id`),
  KEY `program_type_id_idx` (`program_type_id`),
  KEY `enrollment_type_id_idx` (`enrollment_type_id`),
  CONSTRAINT `program_department_id_department_id` FOREIGN KEY (`department_id`) REFERENCES `department` (`id`) ON DELETE CASCADE,
  CONSTRAINT `program_enrollment_type_id_enrollment_type_id` FOREIGN KEY (`enrollment_type_id`) REFERENCES `enrollment_type` (`id`) ON DELETE CASCADE,
  CONSTRAINT `program_program_type_id_program_type_id` FOREIGN KEY (`program_type_id`) REFERENCES `program_type` (`id`) ON DELETE CASCADE
) ENGINE=InnoDB AUTO_INCREMENT=30 DEFAULT CHARSET=latin1;
/*!40101 SET character_set_client = @saved_cs_client */;

--
-- Dumping data for table `program`
--

LOCK TABLES `program` WRITE;
/*!40000 ALTER TABLE `program` DISABLE KEYS */;
INSERT INTO `program` VALUES (1,'Information Technology Regular',1,1,2,'',8,132,130,4,4,'2013-11-30',1,'2013-11-16 02:03:09','2013-11-16 02:41:04'),(6,'Human Resource Mangement and Leadership Extension',3,3,3,NULL,8,146,140,4,6,'0000-00-00',1,'2013-11-16 02:03:09','2013-11-16 02:03:09'),(7,'Human Resource Management and Leadership Distance',3,3,1,NULL,8,146,140,4,6,'0000-00-00',1,'2013-11-16 02:03:09','2013-11-16 02:03:09'),(8,'Agricultural Business Management Extension',4,3,3,NULL,8,146,140,4,6,'0000-00-00',1,'2013-11-16 02:03:09','2013-11-16 02:03:09'),(9,'Agricultural Business Management Distance',4,3,1,NULL,8,146,140,4,6,'0000-00-00',1,'2013-11-16 02:03:09','2013-11-16 02:03:09'),(10,'Law Extension',5,2,3,NULL,8,146,140,4,6,'0000-00-00',1,'2013-11-16 02:03:09','2013-11-16 02:03:09'),(11,'Law Distance',5,2,1,NULL,8,146,140,4,6,'0000-00-00',1,'2013-11-16 02:03:09','2013-11-16 02:03:09'),(12,'law weekend',5,2,4,'',10,170,160,5,4,'2013-11-16',1,'2013-11-16 02:19:37','2013-11-16 02:31:30'),(14,'Good Governance and Development Management Extesion ',6,3,3,'',8,119,114,4,5,'2013-11-16',1,'2013-11-16 02:28:11','2013-11-16 02:43:06'),(16,'Good Govenance and Development Managment Regular',6,3,2,'',6,119,114,3,4,'2013-11-16',1,'2013-11-16 02:30:30','2013-11-16 02:45:00'),(17,'law regular',5,2,2,'',8,180,170,4,5,'2013-06-26',1,'2013-11-16 02:33:20','2013-11-16 02:33:20'),(18,'Accounting & Public Finance Weekend',2,3,4,'',8,123,130,4,5,'2010-01-27',1,'2013-11-16 02:33:49','2013-11-16 02:40:32'),(20,'Good Governance and Development Managment Weekend ',6,3,4,'',8,119,114,4,5,'2013-11-16',1,'2013-11-16 02:39:26','2013-11-16 02:43:45'),(21,'Accounting & Public Finance Distance',2,3,1,'',8,123,123,4,5,'2010-02-23',1,'2013-11-16 02:40:15','2013-11-16 02:40:15'),(22,'Governance and Development Management  Distance',6,3,1,'',8,119,114,4,5,'2013-11-16',1,'2013-11-16 02:40:43','2013-11-16 02:44:29'),(23,'Accounting & Public Finance REGULAR',2,3,2,'',8,123,130,4,5,'2015-01-28',1,'2013-11-16 02:42:58','2013-11-16 02:42:58'),(24,'Human Resource Management and Leadership Regular ',3,3,2,'',6,120,111,3,4,'2013-07-03',1,'2013-11-16 02:43:25','2013-11-16 02:44:19'),(25,'Agricultural Business Management Weekend',4,1,4,'',8,120,110,3,4,'2013-10-27',1,'2013-11-16 02:43:40','2013-11-16 02:43:40'),(26,'Accounting & Public Finance EXTENSION',2,3,3,'',8,123,130,4,5,'2010-02-27',1,'2013-11-16 02:44:25','2013-11-16 02:44:25'),(27,'Human Resource Management and Leadership Weekend',3,3,4,'',8,120,111,4,5,'2013-07-03',1,'2013-11-16 02:45:23','2013-11-16 02:45:23'),(28,'Agricultural Business Management Regular',4,3,2,'',6,120,110,3,3,'2013-07-26',1,'2013-11-16 02:45:49','2013-11-16 02:45:49'),(29,'Information Technology  Extension',1,1,3,'',10,132,130,5,6,'2008-08-16',1,'2013-11-16 02:46:39','2013-11-16 02:46:39');
/*!40000 ALTER TABLE `program` ENABLE KEYS */;
UNLOCK TABLES;

--
-- Table structure for table `program_checklist`
--

DROP TABLE IF EXISTS `program_checklist`;
/*!40101 SET @saved_cs_client     = @@character_set_client */;
/*!40101 SET character_set_client = utf8 */;
CREATE TABLE `program_checklist` (
  `id` bigint(20) NOT NULL AUTO_INCREMENT,
  `program_id` bigint(20) NOT NULL,
  `number_of_semesters` bigint(20) NOT NULL,
  `total_maximum_chr` bigint(20) NOT NULL,
  `total_minimum_chr` bigint(20) NOT NULL,
  `number_of_years` bigint(20) NOT NULL,
  `max_number_of_years` bigint(20) NOT NULL,
  `status` tinyint(1) NOT NULL DEFAULT '1',
  `remark` text NOT NULL,
  `created_at` datetime NOT NULL,
  `updated_at` datetime NOT NULL,
  PRIMARY KEY (`id`),
  UNIQUE KEY `program_id` (`program_id`),
  KEY `program_id_idx` (`program_id`),
  CONSTRAINT `program_checklist_program_id_program_id` FOREIGN KEY (`program_id`) REFERENCES `program` (`id`) ON DELETE CASCADE
) ENGINE=InnoDB DEFAULT CHARSET=latin1;
/*!40101 SET character_set_client = @saved_cs_client */;

--
-- Dumping data for table `program_checklist`
--

LOCK TABLES `program_checklist` WRITE;
/*!40000 ALTER TABLE `program_checklist` DISABLE KEYS */;
/*!40000 ALTER TABLE `program_checklist` ENABLE KEYS */;
UNLOCK TABLES;

--
-- Table structure for table `program_checklist_breakdown`
--

DROP TABLE IF EXISTS `program_checklist_breakdown`;
/*!40101 SET @saved_cs_client     = @@character_set_client */;
/*!40101 SET character_set_client = utf8 */;
CREATE TABLE `program_checklist_breakdown` (
  `id` bigint(20) NOT NULL AUTO_INCREMENT,
  `program_id` bigint(20) NOT NULL,
  `semester_type_id` bigint(20) NOT NULL,
  `year` bigint(20) NOT NULL,
  `semester` bigint(20) NOT NULL,
  `semester_min_chr` bigint(20) NOT NULL,
  `semester_max_chr` bigint(20) NOT NULL,
  `created_at` datetime NOT NULL,
  `updated_at` datetime NOT NULL,
  PRIMARY KEY (`id`),
  KEY `program_id_idx` (`program_id`),
  KEY `semester_type_id_idx` (`semester_type_id`),
  CONSTRAINT `program_checklist_breakdown_program_id_program_id` FOREIGN KEY (`program_id`) REFERENCES `program` (`id`) ON DELETE CASCADE,
  CONSTRAINT `program_checklist_breakdown_semester_type_id_semester_type_id` FOREIGN KEY (`semester_type_id`) REFERENCES `semester_type` (`id`) ON DELETE CASCADE
) ENGINE=InnoDB DEFAULT CHARSET=latin1;
/*!40101 SET character_set_client = @saved_cs_client */;

--
-- Dumping data for table `program_checklist_breakdown`
--

LOCK TABLES `program_checklist_breakdown` WRITE;
/*!40000 ALTER TABLE `program_checklist_breakdown` DISABLE KEYS */;
/*!40000 ALTER TABLE `program_checklist_breakdown` ENABLE KEYS */;
UNLOCK TABLES;

--
-- Table structure for table `program_section`
--

DROP TABLE IF EXISTS `program_section`;
/*!40101 SET @saved_cs_client     = @@character_set_client */;
/*!40101 SET character_set_client = utf8 */;
CREATE TABLE `program_section` (
  `id` bigint(20) NOT NULL AUTO_INCREMENT,
  `program_id` bigint(20) NOT NULL,
  `center_id` bigint(20) NOT NULL,
  `academic_advisor_id` bigint(20) DEFAULT NULL,
  `academic_calendar_id` bigint(20) NOT NULL,
  `number_of_student` bigint(20) NOT NULL,
  `academic_year` varchar(255) NOT NULL,
  `year` bigint(20) NOT NULL,
  `semester` bigint(20) DEFAULT NULL,
  `section_number` bigint(20) NOT NULL,
  `is_activated` tinyint(1) NOT NULL DEFAULT '0',
  `is_promoted` tinyint(1) NOT NULL DEFAULT '0',
  `created_at` datetime NOT NULL,
  `updated_at` datetime NOT NULL,
  PRIMARY KEY (`id`),
  UNIQUE KEY `batch_section_index_idx` (`program_id`,`academic_year`,`year`,`semester`,`section_number`,`center_id`),
  KEY `program_id_idx` (`program_id`),
  KEY `academic_calendar_id_idx` (`academic_calendar_id`),
  KEY `academic_advisor_id_idx` (`academic_advisor_id`),
  KEY `center_id_idx` (`center_id`),
  CONSTRAINT `program_section_academic_advisor_id_instructor_id` FOREIGN KEY (`academic_advisor_id`) REFERENCES `instructor` (`id`),
  CONSTRAINT `program_section_academic_calendar_id_academic_calendar_id` FOREIGN KEY (`academic_calendar_id`) REFERENCES `academic_calendar` (`id`) ON DELETE CASCADE,
  CONSTRAINT `program_section_center_id_center_id` FOREIGN KEY (`center_id`) REFERENCES `center` (`id`),
  CONSTRAINT `program_section_program_id_program_id` FOREIGN KEY (`program_id`) REFERENCES `program` (`id`) ON DELETE CASCADE
) ENGINE=InnoDB AUTO_INCREMENT=96 DEFAULT CHARSET=latin1;
/*!40101 SET character_set_client = @saved_cs_client */;

--
-- Dumping data for table `program_section`
--

LOCK TABLES `program_section` WRITE;
/*!40000 ALTER TABLE `program_section` DISABLE KEYS */;
INSERT INTO `program_section` VALUES (1,29,4,NULL,1,0,'2013/14',1,1,1,1,0,'2013-11-16 07:17:23','2013-11-16 07:17:23'),(2,27,1,NULL,1,0,'2012/13',1,1,1,1,0,'2013-11-16 07:22:31','2013-11-16 07:22:31'),(3,16,4,NULL,1,0,'2012/13',1,1,1,1,0,'2013-11-16 07:23:02','2013-11-16 07:28:41'),(4,22,2,NULL,1,0,'2012/13',1,1,1,1,0,'2013-11-16 07:24:33','2013-11-16 07:24:33'),(5,11,1,NULL,1,0,'2013/14',1,1,1,1,0,'2013-11-16 07:30:57','2013-11-16 07:30:57'),(6,11,12,NULL,1,0,'2012/13',1,1,1,1,0,'2013-11-16 07:32:26','2013-11-16 07:32:26'),(9,11,5,NULL,1,0,'2012/13',1,1,1,1,0,'2013-11-16 07:33:28','2013-11-16 07:33:28'),(10,11,6,NULL,1,0,'2012/13',1,1,1,1,0,'2013-11-16 07:33:50','2013-11-16 07:33:50'),(12,11,1,NULL,1,0,'2012/13',1,1,1,1,0,'2013-11-16 07:34:28','2013-11-16 07:34:28'),(17,17,4,NULL,1,0,'2012/13',1,1,1,1,0,'2013-11-16 07:35:38','2013-11-16 07:35:38'),(21,12,1,NULL,1,0,'2012/13',1,1,1,1,0,'2013-11-16 07:36:55','2013-11-16 07:36:55'),(25,12,12,NULL,1,0,'2013/14',1,1,1,1,0,'2013-11-16 07:38:10','2013-11-16 07:38:10'),(29,22,17,NULL,1,0,'2012/13',1,1,1,1,0,'2013-11-16 07:39:17','2013-11-16 07:39:17'),(30,12,6,NULL,1,0,'2012/13',1,1,1,1,0,'2013-11-16 07:39:32','2013-11-16 07:39:32'),(31,22,1,NULL,1,0,'2012/13',1,1,1,1,0,'2013-11-16 07:40:29','2013-11-16 07:40:29'),(32,1,4,NULL,1,0,'2012/13',1,1,1,1,0,'2013-11-16 07:40:33','2013-11-16 07:40:33'),(35,18,1,NULL,1,0,'2012/13',1,1,1,1,0,'2013-11-16 07:47:07','2013-11-16 07:47:07'),(37,21,4,NULL,1,0,'2012/13',1,1,1,1,0,'2013-11-16 07:48:09','2013-11-16 07:48:09'),(38,23,4,NULL,1,0,'2012/13',1,1,1,1,0,'2013-11-16 07:49:25','2013-11-16 07:49:25'),(39,22,3,NULL,1,0,'2012/13',1,1,1,1,0,'2013-11-16 07:49:56','2013-11-16 07:49:56'),(40,26,4,NULL,1,0,'2012/13',1,1,1,1,0,'2013-11-16 07:50:17','2013-11-16 07:50:17'),(41,22,4,NULL,1,0,'2012/13',1,1,1,1,0,'2013-11-16 07:50:19','2013-11-16 07:50:19'),(42,22,5,NULL,1,0,'2012/13',1,1,1,1,0,'2013-11-16 07:50:43','2013-11-16 07:50:43'),(43,22,6,NULL,1,0,'2012/13',1,1,1,1,0,'2013-11-16 07:51:02','2013-11-16 07:51:02'),(44,16,6,NULL,1,0,'2012/13',1,1,1,1,0,'2013-11-16 07:51:31','2013-11-16 07:51:31'),(45,22,7,NULL,1,0,'2012/13',1,1,1,1,0,'2013-11-16 07:52:01','2013-11-16 07:52:01'),(46,22,8,NULL,1,0,'2012/13',1,1,1,1,0,'2013-11-16 07:52:24','2013-11-16 07:52:24'),(47,7,2,NULL,1,0,'2012/13',1,1,1,1,0,'2013-11-16 07:52:52','2013-11-16 07:52:52'),(48,22,9,NULL,1,0,'2012/13',1,1,1,1,0,'2013-11-16 07:53:09','2013-11-16 07:53:09'),(49,22,10,NULL,1,0,'2012/13',1,1,1,1,0,'2013-11-16 07:53:44','2013-11-16 07:53:44'),(50,22,11,NULL,1,0,'2012/13',1,1,1,1,0,'2013-11-16 07:55:14','2013-11-16 07:55:14'),(51,22,12,NULL,1,0,'2012/13',1,1,1,1,0,'2013-11-16 07:55:46','2013-11-16 07:55:46'),(52,22,13,NULL,1,0,'2012/13',1,1,1,1,0,'2013-11-16 07:56:23','2013-11-16 07:56:23'),(53,9,1,NULL,1,0,'2012/13',1,1,1,1,0,'2013-11-16 07:57:18','2013-11-16 07:57:18'),(54,22,14,NULL,1,0,'2012/13',1,1,1,1,0,'2013-11-16 07:57:20','2013-11-16 07:57:20'),(55,9,2,NULL,1,0,'2012/13',1,1,1,1,0,'2013-11-16 07:57:31','2013-11-16 07:57:31'),(56,22,15,NULL,1,0,'2012/13',1,1,1,1,0,'2013-11-16 07:57:44','2013-11-16 07:57:44'),(57,22,16,NULL,1,0,'2012/13',1,1,1,1,0,'2013-11-16 07:58:22','2013-11-16 07:58:22'),(58,7,1,NULL,1,0,'2012/13',1,1,1,1,0,'2013-11-16 07:58:39','2013-11-16 07:58:39'),(59,14,4,NULL,1,0,'2012/13',1,1,1,1,0,'2013-11-16 08:19:05','2013-11-16 08:19:05'),(60,20,2,NULL,1,0,'2012/13',1,1,1,1,0,'2013-11-16 08:19:32','2013-11-16 08:19:32'),(61,24,4,NULL,1,0,'2012/13',1,1,1,1,0,'2013-11-16 08:59:05','2013-11-16 08:59:05'),(63,21,17,NULL,1,0,'2010/11',1,1,1,1,0,'2013-11-17 01:36:18','2013-11-17 01:36:18'),(64,16,4,NULL,1,0,'2010/11',1,1,1,1,0,'2013-11-17 02:32:52','2013-11-17 02:32:52'),(65,27,1,NULL,1,0,'2010/11',1,1,1,1,0,'2013-11-17 02:34:48','2013-11-17 02:34:48'),(66,27,2,NULL,1,0,'2010/11',1,1,1,1,0,'2013-11-17 02:46:50','2013-11-17 02:46:50'),(67,12,1,NULL,1,0,'2010/11',1,1,1,1,0,'2013-11-17 02:51:28','2013-11-17 02:51:28'),(68,12,12,NULL,1,0,'2010/11',1,1,1,1,0,'2013-11-17 02:52:12','2013-11-17 02:52:12'),(69,18,1,NULL,1,0,'2010/11',1,1,1,1,0,'2013-11-17 02:52:23','2013-11-17 02:52:23'),(70,11,1,NULL,1,0,'2010/11',1,1,1,1,0,'2013-11-17 02:52:39','2013-11-17 02:52:39'),(73,29,4,NULL,1,0,'2010/11',1,1,1,1,0,'2013-11-17 02:54:29','2013-11-17 02:54:29'),(74,1,4,NULL,1,0,'2010/11',1,1,1,1,0,'2013-11-17 02:55:03','2013-11-17 02:55:03'),(75,11,12,NULL,1,0,'2010/11',1,1,1,1,0,'2013-11-17 02:55:11','2013-11-17 02:55:11'),(76,10,4,NULL,1,0,'2010/11',1,1,1,1,0,'2013-11-17 02:55:35','2013-11-17 02:55:35'),(77,17,4,NULL,1,0,'2010/11',1,1,1,1,0,'2013-11-17 02:56:01','2013-11-17 02:56:01'),(78,21,1,NULL,1,0,'2010/11',1,1,1,1,0,'2013-11-17 02:56:20','2013-11-17 02:56:20'),(79,27,12,NULL,1,0,'2010/11',1,1,1,1,0,'2013-11-17 02:58:28','2013-11-17 02:58:28'),(80,7,1,NULL,1,0,'2010/11',1,1,1,1,0,'2013-11-17 03:10:56','2013-11-17 03:10:56'),(81,14,4,NULL,1,0,'2010/11',1,1,1,1,0,'2013-11-17 03:13:21','2013-11-17 03:13:21'),(82,7,12,NULL,1,0,'2010/11',1,1,1,1,0,'2013-11-17 03:20:24','2013-11-17 03:20:24'),(83,29,4,NULL,1,0,'2010/11',1,2,1,1,0,'2013-11-17 03:27:21','2013-11-17 03:27:21'),(84,23,4,NULL,1,0,'2010/11',1,1,1,1,0,'2013-11-17 03:28:10','2013-11-17 03:28:10'),(86,6,4,NULL,1,0,'2010/11',1,1,1,1,0,'2013-11-17 03:29:00','2013-11-17 03:29:00'),(87,29,4,NULL,1,0,'2011/12',1,1,1,1,0,'2013-11-17 03:29:19','2013-11-17 03:29:19'),(88,24,4,NULL,1,0,'2010/11',1,1,1,1,0,'2013-11-17 03:35:28','2013-11-17 03:35:28'),(89,1,4,NULL,1,0,'2011/12',1,1,1,1,0,'2013-11-17 03:39:51','2013-11-17 03:39:51'),(90,26,4,NULL,1,0,'2009/10',1,1,1,1,0,'2013-11-17 03:40:00','2013-11-17 03:40:00'),(91,14,4,NULL,1,0,'2011/12',1,1,1,1,0,'2013-11-17 03:41:24','2013-11-17 03:41:24'),(92,18,12,NULL,1,0,'2010/11',1,1,1,1,0,'2013-11-17 03:57:19','2013-11-17 03:57:19'),(93,1,4,NULL,1,0,'2011/12',1,2,1,1,0,'2013-11-17 03:58:36','2013-11-17 03:58:36'),(94,29,4,NULL,1,0,'2011/12',1,2,1,1,0,'2013-11-17 03:59:19','2013-11-17 03:59:19'),(95,16,4,NULL,1,0,'2011/12',1,1,1,1,0,'2013-11-17 04:00:01','2013-11-17 04:00:01');
/*!40000 ALTER TABLE `program_section` ENABLE KEYS */;
UNLOCK TABLES;

--
-- Table structure for table `program_type`
--

DROP TABLE IF EXISTS `program_type`;
/*!40101 SET @saved_cs_client     = @@character_set_client */;
/*!40101 SET character_set_client = utf8 */;
CREATE TABLE `program_type` (
  `id` bigint(20) NOT NULL AUTO_INCREMENT,
  `type` varchar(255) NOT NULL,
  `name` varchar(255) NOT NULL,
  `created_at` datetime NOT NULL,
  `updated_at` datetime NOT NULL,
  PRIMARY KEY (`id`)
) ENGINE=InnoDB AUTO_INCREMENT=6 DEFAULT CHARSET=latin1;
/*!40101 SET character_set_client = @saved_cs_client */;

--
-- Dumping data for table `program_type`
--

LOCK TABLES `program_type` WRITE;
/*!40000 ALTER TABLE `program_type` DISABLE KEYS */;
INSERT INTO `program_type` VALUES (1,'BSC','Bachelor of Science','2013-11-16 02:03:09','2013-11-16 02:03:09'),(2,'LLB','Bachelor of Laws','2013-11-16 02:03:09','2013-11-16 02:03:09'),(3,'BA','Bachelor of Art','2013-11-16 02:03:09','2013-11-16 02:03:09'),(4,'MSC','Masters of Science','2013-11-16 02:03:09','2013-11-16 02:03:09'),(5,'MA','Masters of Art','2013-11-16 02:03:09','2013-11-16 02:03:09');
/*!40000 ALTER TABLE `program_type` ENABLE KEYS */;
UNLOCK TABLES;

--
-- Table structure for table `promotion_setting`
--

DROP TABLE IF EXISTS `promotion_setting`;
/*!40101 SET @saved_cs_client     = @@character_set_client */;
/*!40101 SET character_set_client = utf8 */;
CREATE TABLE `promotion_setting` (
  `id` bigint(20) NOT NULL AUTO_INCREMENT,
  `program_id` bigint(20) NOT NULL,
  `current_year` bigint(20) NOT NULL,
  `current_semester` bigint(20) NOT NULL,
  `to_year` bigint(20) NOT NULL,
  `to_semester` bigint(20) NOT NULL,
  `created_at` datetime NOT NULL,
  `updated_at` datetime NOT NULL,
  PRIMARY KEY (`id`),
  UNIQUE KEY `promotion_index_idx` (`program_id`,`current_year`,`current_semester`,`to_year`,`to_semester`),
  KEY `program_id_idx` (`program_id`),
  CONSTRAINT `promotion_setting_program_id_program_id` FOREIGN KEY (`program_id`) REFERENCES `program` (`id`) ON DELETE CASCADE
) ENGINE=InnoDB DEFAULT CHARSET=latin1;
/*!40101 SET character_set_client = @saved_cs_client */;

--
-- Dumping data for table `promotion_setting`
--

LOCK TABLES `promotion_setting` WRITE;
/*!40000 ALTER TABLE `promotion_setting` DISABLE KEYS */;
/*!40000 ALTER TABLE `promotion_setting` ENABLE KEYS */;
UNLOCK TABLES;

--
-- Table structure for table `registration`
--

DROP TABLE IF EXISTS `registration`;
/*!40101 SET @saved_cs_client     = @@character_set_client */;
/*!40101 SET character_set_client = utf8 */;
CREATE TABLE `registration` (
  `id` bigint(20) NOT NULL AUTO_INCREMENT,
  `enrollment_info_id` bigint(20) NOT NULL,
  `date` date NOT NULL,
  `is_grade_complain` tinyint(1) DEFAULT '0',
  `is_reexam` tinyint(1) DEFAULT '0',
  `is_makeup` tinyint(1) DEFAULT '0',
  `is_add` tinyint(1) DEFAULT '0',
  `is_drop` tinyint(1) DEFAULT '0',
  `is_underloaded` tinyint(1) DEFAULT '0',
  `is_overloaded` tinyint(1) DEFAULT '0',
  `ac` varchar(255) DEFAULT NULL,
  `remark` varchar(255) DEFAULT NULL,
  `created_at` datetime NOT NULL,
  `updated_at` datetime NOT NULL,
  PRIMARY KEY (`id`),
  KEY `enrollment_info_id_idx` (`enrollment_info_id`),
  CONSTRAINT `registration_enrollment_info_id_enrollment_info_id` FOREIGN KEY (`enrollment_info_id`) REFERENCES `enrollment_info` (`id`) ON DELETE CASCADE
) ENGINE=InnoDB AUTO_INCREMENT=166 DEFAULT CHARSET=latin1;
/*!40101 SET character_set_client = @saved_cs_client */;

--
-- Dumping data for table `registration`
--

LOCK TABLES `registration` WRITE;
/*!40000 ALTER TABLE `registration` DISABLE KEYS */;
INSERT INTO `registration` VALUES (1,171,'0000-00-00',0,0,0,0,0,0,0,NULL,NULL,'2013-11-17 04:09:10','2013-11-17 04:09:10'),(2,174,'0000-00-00',0,0,0,0,0,0,0,NULL,NULL,'2013-11-17 04:09:10','2013-11-17 04:09:10'),(3,178,'0000-00-00',0,0,0,0,0,0,0,NULL,NULL,'2013-11-17 04:09:10','2013-11-17 04:09:10'),(4,191,'0000-00-00',0,0,0,0,0,0,0,NULL,NULL,'2013-11-17 04:09:10','2013-11-17 04:09:10'),(5,196,'0000-00-00',0,0,0,0,0,0,0,NULL,NULL,'2013-11-17 04:09:10','2013-11-17 04:09:10'),(6,199,'0000-00-00',0,0,0,0,0,0,0,NULL,NULL,'2013-11-17 04:09:11','2013-11-17 04:09:11'),(7,202,'0000-00-00',0,0,0,0,0,0,0,NULL,NULL,'2013-11-17 04:09:11','2013-11-17 04:09:11'),(8,206,'0000-00-00',0,0,0,0,0,0,0,NULL,NULL,'2013-11-17 04:09:11','2013-11-17 04:09:11'),(9,211,'0000-00-00',0,0,0,0,0,0,0,NULL,NULL,'2013-11-17 04:09:11','2013-11-17 04:09:11'),(10,214,'0000-00-00',0,0,0,0,0,0,0,NULL,NULL,'2013-11-17 04:09:11','2013-11-17 04:09:11'),(11,104,'0000-00-00',0,0,0,0,0,0,0,NULL,NULL,'2013-11-17 04:10:10','2013-11-17 04:10:10'),(12,107,'0000-00-00',0,0,0,0,0,0,0,NULL,NULL,'2013-11-17 04:10:10','2013-11-17 04:10:10'),(13,113,'0000-00-00',0,0,0,0,0,0,0,NULL,NULL,'2013-11-17 04:10:11','2013-11-17 04:10:11'),(14,118,'0000-00-00',0,0,0,0,0,0,0,NULL,NULL,'2013-11-17 04:10:11','2013-11-17 04:10:11'),(15,124,'0000-00-00',0,0,0,0,0,0,0,NULL,NULL,'2013-11-17 04:10:11','2013-11-17 04:10:11'),(16,132,'0000-00-00',0,0,0,0,0,0,0,NULL,NULL,'2013-11-17 04:10:11','2013-11-17 04:10:11'),(17,137,'0000-00-00',0,0,0,0,0,0,0,NULL,NULL,'2013-11-17 04:10:11','2013-11-17 04:10:11'),(18,144,'0000-00-00',0,0,0,0,0,0,0,NULL,NULL,'2013-11-17 04:10:11','2013-11-17 04:10:11'),(19,149,'0000-00-00',0,0,0,0,0,0,0,NULL,NULL,'2013-11-17 04:10:12','2013-11-17 04:10:12'),(20,155,'0000-00-00',0,0,0,0,0,0,0,NULL,NULL,'2013-11-17 04:10:12','2013-11-17 04:10:12'),(21,231,'0000-00-00',0,0,0,0,0,0,0,NULL,NULL,'2013-11-17 04:10:12','2013-11-17 04:10:12'),(22,238,'0000-00-00',0,0,0,0,0,0,0,NULL,NULL,'2013-11-17 04:10:12','2013-11-17 04:10:12'),(23,105,'0000-00-00',0,0,0,0,0,0,0,NULL,NULL,'2013-11-17 04:10:46','2013-11-17 04:10:46'),(24,109,'0000-00-00',0,0,0,0,0,0,0,NULL,NULL,'2013-11-17 04:10:46','2013-11-17 04:10:46'),(25,111,'0000-00-00',0,0,0,0,0,0,0,NULL,NULL,'2013-11-17 04:10:46','2013-11-17 04:10:46'),(26,115,'0000-00-00',0,0,0,0,0,0,0,NULL,NULL,'2013-11-17 04:10:46','2013-11-17 04:10:46'),(27,117,'0000-00-00',0,0,0,0,0,0,0,NULL,NULL,'2013-11-17 04:10:46','2013-11-17 04:10:46'),(28,119,'0000-00-00',0,0,0,0,0,0,0,NULL,NULL,'2013-11-17 04:10:46','2013-11-17 04:10:46'),(29,122,'0000-00-00',0,0,0,0,0,0,0,NULL,NULL,'2013-11-17 04:10:47','2013-11-17 04:10:47'),(30,126,'0000-00-00',0,0,0,0,0,0,0,NULL,NULL,'2013-11-17 04:10:47','2013-11-17 04:10:47'),(31,129,'0000-00-00',0,0,0,0,0,0,0,NULL,NULL,'2013-11-17 04:10:47','2013-11-17 04:10:47'),(32,133,'0000-00-00',0,0,0,0,0,0,0,NULL,NULL,'2013-11-17 04:10:47','2013-11-17 04:10:47'),(33,136,'0000-00-00',0,0,0,0,0,0,0,NULL,NULL,'2013-11-17 04:10:47','2013-11-17 04:10:47'),(34,138,'0000-00-00',0,0,0,0,0,0,0,NULL,NULL,'2013-11-17 04:10:47','2013-11-17 04:10:47'),(35,143,'0000-00-00',0,0,0,0,0,0,0,NULL,NULL,'2013-11-17 04:10:47','2013-11-17 04:10:47'),(36,147,'0000-00-00',0,0,0,0,0,0,0,NULL,NULL,'2013-11-17 04:10:47','2013-11-17 04:10:47'),(37,151,'0000-00-00',0,0,0,0,0,0,0,NULL,NULL,'2013-11-17 04:10:47','2013-11-17 04:10:47'),(38,169,'0000-00-00',0,0,0,0,0,0,0,NULL,NULL,'2013-11-17 04:12:44','2013-11-17 04:12:44'),(39,172,'0000-00-00',0,0,0,0,0,0,0,NULL,NULL,'2013-11-17 04:12:44','2013-11-17 04:12:44'),(40,175,'0000-00-00',0,0,0,0,0,0,0,NULL,NULL,'2013-11-17 04:12:44','2013-11-17 04:12:44'),(41,179,'0000-00-00',0,0,0,0,0,0,0,NULL,NULL,'2013-11-17 04:12:44','2013-11-17 04:12:44'),(42,182,'0000-00-00',0,0,0,0,0,0,0,NULL,NULL,'2013-11-17 04:12:44','2013-11-17 04:12:44'),(43,187,'0000-00-00',0,0,0,0,0,0,0,NULL,NULL,'2013-11-17 04:12:44','2013-11-17 04:12:44'),(44,189,'0000-00-00',0,0,0,0,0,0,0,NULL,NULL,'2013-11-17 04:12:44','2013-11-17 04:12:44'),(45,193,'0000-00-00',0,0,0,0,0,0,0,NULL,NULL,'2013-11-17 04:12:44','2013-11-17 04:12:44'),(46,197,'0000-00-00',0,0,0,0,0,0,0,NULL,NULL,'2013-11-17 04:12:45','2013-11-17 04:12:45'),(47,201,'0000-00-00',0,0,0,0,0,0,0,NULL,NULL,'2013-11-17 04:12:45','2013-11-17 04:12:45'),(48,219,'0000-00-00',0,0,0,0,0,0,0,NULL,NULL,'2013-11-17 04:13:17','2013-11-17 04:13:17'),(49,221,'0000-00-00',0,0,0,0,0,0,0,NULL,NULL,'2013-11-17 04:13:17','2013-11-17 04:13:17'),(50,223,'0000-00-00',0,0,0,0,0,0,0,NULL,NULL,'2013-11-17 04:13:18','2013-11-17 04:13:18'),(51,225,'0000-00-00',0,0,0,0,0,0,0,NULL,NULL,'2013-11-17 04:13:18','2013-11-17 04:13:18'),(52,226,'0000-00-00',0,0,0,0,0,0,0,NULL,NULL,'2013-11-17 04:13:18','2013-11-17 04:13:18'),(53,227,'0000-00-00',0,0,0,0,0,0,0,NULL,NULL,'2013-11-17 04:13:18','2013-11-17 04:13:18'),(54,228,'0000-00-00',0,0,0,0,0,0,0,NULL,NULL,'2013-11-17 04:13:18','2013-11-17 04:13:18'),(55,233,'0000-00-00',0,0,0,0,0,0,0,NULL,NULL,'2013-11-17 04:13:18','2013-11-17 04:13:18'),(56,236,'0000-00-00',0,0,0,0,0,0,0,NULL,NULL,'2013-11-17 04:13:18','2013-11-17 04:13:18'),(57,241,'0000-00-00',0,0,0,0,0,0,0,NULL,NULL,'2013-11-17 04:13:18','2013-11-17 04:13:18'),(58,106,'0000-00-00',0,0,0,0,0,0,0,NULL,NULL,'2013-11-17 04:13:55','2013-11-17 04:13:55'),(59,108,'0000-00-00',0,0,0,0,0,0,0,NULL,NULL,'2013-11-17 04:13:55','2013-11-17 04:13:55'),(60,110,'0000-00-00',0,0,0,0,0,0,0,NULL,NULL,'2013-11-17 04:13:55','2013-11-17 04:13:55'),(61,112,'0000-00-00',0,0,0,0,0,0,0,NULL,NULL,'2013-11-17 04:13:55','2013-11-17 04:13:55'),(62,116,'0000-00-00',0,0,0,0,0,0,0,NULL,NULL,'2013-11-17 04:13:55','2013-11-17 04:13:55'),(63,120,'0000-00-00',0,0,0,0,0,0,0,NULL,NULL,'2013-11-17 04:13:55','2013-11-17 04:13:55'),(64,125,'0000-00-00',0,0,0,0,0,0,0,NULL,NULL,'2013-11-17 04:13:56','2013-11-17 04:13:56'),(65,128,'0000-00-00',0,0,0,0,0,0,0,NULL,NULL,'2013-11-17 04:13:56','2013-11-17 04:13:56'),(66,131,'0000-00-00',0,0,0,0,0,0,0,NULL,NULL,'2013-11-17 04:13:56','2013-11-17 04:13:56'),(67,134,'0000-00-00',0,0,0,0,0,0,0,NULL,NULL,'2013-11-17 04:13:56','2013-11-17 04:13:56'),(68,140,'0000-00-00',0,0,0,0,0,0,0,NULL,NULL,'2013-11-17 04:14:30','2013-11-17 04:14:30'),(69,141,'0000-00-00',0,0,0,0,0,0,0,NULL,NULL,'2013-11-17 04:14:30','2013-11-17 04:14:30'),(70,145,'0000-00-00',0,0,0,0,0,0,0,NULL,NULL,'2013-11-17 04:14:31','2013-11-17 04:14:31'),(71,148,'0000-00-00',0,0,0,0,0,0,0,NULL,NULL,'2013-11-17 04:14:31','2013-11-17 04:14:31'),(72,150,'0000-00-00',0,0,0,0,0,0,0,NULL,NULL,'2013-11-17 04:14:31','2013-11-17 04:14:31'),(73,153,'0000-00-00',0,0,0,0,0,0,0,NULL,NULL,'2013-11-17 04:14:31','2013-11-17 04:14:31'),(74,154,'0000-00-00',0,0,0,0,0,0,0,NULL,NULL,'2013-11-17 04:14:31','2013-11-17 04:14:31'),(75,156,'0000-00-00',0,0,0,0,0,0,0,NULL,NULL,'2013-11-17 04:14:31','2013-11-17 04:14:31'),(76,159,'0000-00-00',0,0,0,0,0,0,0,NULL,NULL,'2013-11-17 04:14:31','2013-11-17 04:14:31'),(77,162,'0000-00-00',0,0,0,0,0,0,0,NULL,NULL,'2013-11-17 04:14:31','2013-11-17 04:14:31'),(78,164,'0000-00-00',0,0,0,0,0,0,0,NULL,NULL,'2013-11-17 04:15:36','2013-11-17 04:15:36'),(79,168,'0000-00-00',0,0,0,0,0,0,0,NULL,NULL,'2013-11-17 04:15:37','2013-11-17 04:15:37'),(80,173,'0000-00-00',0,0,0,0,0,0,0,NULL,NULL,'2013-11-17 04:15:37','2013-11-17 04:15:37'),(81,180,'0000-00-00',0,0,0,0,0,0,0,NULL,NULL,'2013-11-17 04:15:37','2013-11-17 04:15:37'),(82,184,'0000-00-00',0,0,0,0,0,0,0,NULL,NULL,'2013-11-17 04:15:37','2013-11-17 04:15:37'),(83,188,'0000-00-00',0,0,0,0,0,0,0,NULL,NULL,'2013-11-17 04:15:37','2013-11-17 04:15:37'),(84,195,'0000-00-00',0,0,0,0,0,0,0,NULL,NULL,'2013-11-17 04:15:37','2013-11-17 04:15:37'),(85,200,'0000-00-00',0,0,0,0,0,0,0,NULL,NULL,'2013-11-17 04:15:37','2013-11-17 04:15:37'),(86,205,'0000-00-00',0,0,0,0,0,0,0,NULL,NULL,'2013-11-17 04:15:37','2013-11-17 04:15:37'),(87,210,'0000-00-00',0,0,0,0,0,0,0,NULL,NULL,'2013-11-17 04:15:38','2013-11-17 04:15:38'),(88,215,'0000-00-00',0,0,0,0,0,0,0,NULL,NULL,'2013-11-17 04:15:38','2013-11-17 04:15:38'),(89,247,'0000-00-00',0,0,0,0,0,0,0,NULL,NULL,'2013-11-17 04:16:45','2013-11-17 04:16:45'),(90,249,'0000-00-00',0,0,0,0,0,0,0,NULL,NULL,'2013-11-17 04:16:46','2013-11-17 04:16:46'),(91,253,'0000-00-00',0,0,0,0,0,0,0,NULL,NULL,'2013-11-17 04:16:46','2013-11-17 04:16:46'),(92,255,'0000-00-00',0,0,0,0,0,0,0,NULL,NULL,'2013-11-17 04:16:46','2013-11-17 04:16:46'),(93,259,'0000-00-00',0,0,0,0,0,0,0,NULL,NULL,'2013-11-17 04:16:46','2013-11-17 04:16:46'),(94,262,'0000-00-00',0,0,0,0,0,0,0,NULL,NULL,'2013-11-17 04:16:46','2013-11-17 04:16:46'),(95,265,'0000-00-00',0,0,0,0,0,0,0,NULL,NULL,'2013-11-17 04:16:46','2013-11-17 04:16:46'),(96,267,'0000-00-00',0,0,0,0,0,0,0,NULL,NULL,'2013-11-17 04:16:46','2013-11-17 04:16:46'),(97,270,'0000-00-00',0,0,0,0,0,0,0,NULL,NULL,'2013-11-17 04:16:47','2013-11-17 04:16:47'),(98,290,'0000-00-00',0,0,0,0,0,0,0,NULL,NULL,'2013-11-17 04:16:47','2013-11-17 04:16:47'),(99,299,'0000-00-00',0,0,0,0,0,0,0,NULL,NULL,'2013-11-17 04:17:25','2013-11-17 04:17:25'),(100,302,'0000-00-00',0,0,0,0,0,0,0,NULL,NULL,'2013-11-17 04:17:25','2013-11-17 04:17:25'),(101,304,'0000-00-00',0,0,0,0,0,0,0,NULL,NULL,'2013-11-17 04:17:25','2013-11-17 04:17:25'),(102,308,'0000-00-00',0,0,0,0,0,0,0,NULL,NULL,'2013-11-17 04:17:25','2013-11-17 04:17:25'),(103,309,'0000-00-00',0,0,0,0,0,0,0,NULL,NULL,'2013-11-17 04:17:26','2013-11-17 04:17:26'),(104,313,'0000-00-00',0,0,0,0,0,0,0,NULL,NULL,'2013-11-17 04:17:26','2013-11-17 04:17:26'),(105,315,'0000-00-00',0,0,0,0,0,0,0,NULL,NULL,'2013-11-17 04:17:26','2013-11-17 04:17:26'),(106,318,'0000-00-00',0,0,0,0,0,0,0,NULL,NULL,'2013-11-17 04:17:26','2013-11-17 04:17:26'),(107,319,'0000-00-00',0,0,0,0,0,0,0,NULL,NULL,'2013-11-17 04:17:26','2013-11-17 04:17:26'),(108,322,'0000-00-00',0,0,0,0,0,0,0,NULL,NULL,'2013-11-17 04:17:26','2013-11-17 04:17:26'),(109,229,'0000-00-00',0,0,0,0,0,0,0,NULL,NULL,'2013-11-17 04:20:39','2013-11-17 04:20:39'),(110,232,'0000-00-00',0,0,0,0,0,0,0,NULL,NULL,'2013-11-17 04:20:39','2013-11-17 04:20:39'),(111,237,'0000-00-00',0,0,0,0,0,0,0,NULL,NULL,'2013-11-17 04:20:39','2013-11-17 04:20:39'),(112,240,'0000-00-00',0,0,0,0,0,0,0,NULL,NULL,'2013-11-17 04:20:39','2013-11-17 04:20:39'),(113,244,'0000-00-00',0,0,0,0,0,0,0,NULL,NULL,'2013-11-17 04:20:39','2013-11-17 04:20:39'),(114,246,'0000-00-00',0,0,0,0,0,0,0,NULL,NULL,'2013-11-17 04:20:39','2013-11-17 04:20:39'),(115,250,'0000-00-00',0,0,0,0,0,0,0,NULL,NULL,'2013-11-17 04:20:40','2013-11-17 04:20:40'),(116,254,'0000-00-00',0,0,0,0,0,0,0,NULL,NULL,'2013-11-17 04:20:40','2013-11-17 04:20:40'),(117,257,'0000-00-00',0,0,0,0,0,0,0,NULL,NULL,'2013-11-17 04:20:40','2013-11-17 04:20:40'),(118,261,'0000-00-00',0,0,0,0,0,0,0,NULL,NULL,'2013-11-17 04:20:40','2013-11-17 04:20:40'),(119,266,'0000-00-00',0,0,0,0,0,0,0,NULL,NULL,'2013-11-17 04:25:10','2013-11-17 04:25:10'),(120,268,'0000-00-00',0,0,0,0,0,0,0,NULL,NULL,'2013-11-17 04:25:10','2013-11-17 04:25:10'),(121,272,'0000-00-00',0,0,0,0,0,0,0,NULL,NULL,'2013-11-17 04:25:10','2013-11-17 04:25:10'),(122,276,'0000-00-00',0,0,0,0,0,0,0,NULL,NULL,'2013-11-17 04:25:10','2013-11-17 04:25:10'),(123,277,'0000-00-00',0,0,0,0,0,0,0,NULL,NULL,'2013-11-17 04:25:11','2013-11-17 04:25:11'),(124,280,'0000-00-00',0,0,0,0,0,0,0,NULL,NULL,'2013-11-17 04:25:11','2013-11-17 04:25:11'),(125,283,'0000-00-00',0,0,0,0,0,0,0,NULL,NULL,'2013-11-17 04:25:11','2013-11-17 04:25:11'),(126,288,'0000-00-00',0,0,0,0,0,0,0,NULL,NULL,'2013-11-17 04:25:11','2013-11-17 04:25:11'),(127,292,'0000-00-00',0,0,0,0,0,0,0,NULL,NULL,'2013-11-17 04:25:12','2013-11-17 04:25:12'),(128,295,'0000-00-00',0,0,0,0,0,0,0,NULL,NULL,'2013-11-17 04:25:12','2013-11-17 04:25:12'),(129,158,'0000-00-00',0,0,0,0,0,0,0,NULL,NULL,'2013-11-17 04:25:47','2013-11-17 04:25:47'),(130,161,'0000-00-00',0,0,0,0,0,0,0,NULL,NULL,'2013-11-17 04:25:47','2013-11-17 04:25:47'),(131,163,'0000-00-00',0,0,0,0,0,0,0,NULL,NULL,'2013-11-17 04:25:47','2013-11-17 04:25:47'),(132,165,'0000-00-00',0,0,0,0,0,0,0,NULL,NULL,'2013-11-17 04:25:47','2013-11-17 04:25:47'),(133,167,'0000-00-00',0,0,0,0,0,0,0,NULL,NULL,'2013-11-17 04:25:47','2013-11-17 04:25:47'),(134,176,'0000-00-00',0,0,0,0,0,0,0,NULL,NULL,'2013-11-17 04:25:47','2013-11-17 04:25:47'),(135,181,'0000-00-00',0,0,0,0,0,0,0,NULL,NULL,'2013-11-17 04:25:47','2013-11-17 04:25:47'),(136,185,'0000-00-00',0,0,0,0,0,0,0,NULL,NULL,'2013-11-17 04:25:47','2013-11-17 04:25:47'),(137,190,'0000-00-00',0,0,0,0,0,0,0,NULL,NULL,'2013-11-17 04:25:48','2013-11-17 04:25:48'),(138,194,'0000-00-00',0,0,0,0,0,0,0,NULL,NULL,'2013-11-17 04:25:48','2013-11-17 04:25:48'),(139,203,'0000-00-00',0,0,0,0,0,0,0,NULL,NULL,'2013-11-17 04:26:15','2013-11-17 04:26:15'),(140,207,'0000-00-00',0,0,0,0,0,0,0,NULL,NULL,'2013-11-17 04:26:16','2013-11-17 04:26:16'),(141,209,'0000-00-00',0,0,0,0,0,0,0,NULL,NULL,'2013-11-17 04:26:16','2013-11-17 04:26:16'),(142,212,'0000-00-00',0,0,0,0,0,0,0,NULL,NULL,'2013-11-17 04:26:16','2013-11-17 04:26:16'),(143,216,'0000-00-00',0,0,0,0,0,0,0,NULL,NULL,'2013-11-17 04:26:16','2013-11-17 04:26:16'),(144,217,'0000-00-00',0,0,0,0,0,0,0,NULL,NULL,'2013-11-17 04:26:16','2013-11-17 04:26:16'),(145,218,'0000-00-00',0,0,0,0,0,0,0,NULL,NULL,'2013-11-17 04:26:16','2013-11-17 04:26:16'),(146,220,'0000-00-00',0,0,0,0,0,0,0,NULL,NULL,'2013-11-17 04:26:16','2013-11-17 04:26:16'),(147,222,'0000-00-00',0,0,0,0,0,0,0,NULL,NULL,'2013-11-17 04:26:16','2013-11-17 04:26:16'),(148,224,'0000-00-00',0,0,0,0,0,0,0,NULL,NULL,'2013-11-17 04:26:17','2013-11-17 04:26:17'),(149,88,'0000-00-00',0,0,0,0,0,0,0,NULL,NULL,'2013-11-17 04:26:47','2013-11-17 04:26:47'),(150,89,'0000-00-00',0,0,0,0,0,0,0,NULL,NULL,'2013-11-17 04:26:47','2013-11-17 04:26:47'),(151,90,'0000-00-00',0,0,0,0,0,0,0,NULL,NULL,'2013-11-17 04:26:47','2013-11-17 04:26:47'),(152,91,'0000-00-00',0,0,0,0,0,0,0,NULL,NULL,'2013-11-17 04:26:47','2013-11-17 04:26:47'),(153,92,'0000-00-00',0,0,0,0,0,0,0,NULL,NULL,'2013-11-17 04:26:48','2013-11-17 04:26:48'),(154,93,'0000-00-00',0,0,0,0,0,0,0,NULL,NULL,'2013-11-17 04:26:48','2013-11-17 04:26:48'),(155,94,'0000-00-00',0,0,0,0,0,0,0,NULL,NULL,'2013-11-17 04:26:48','2013-11-17 04:26:48'),(156,95,'0000-00-00',0,0,0,0,0,0,0,NULL,NULL,'2013-11-17 04:26:48','2013-11-17 04:26:48'),(157,96,'0000-00-00',0,0,0,0,0,0,0,NULL,NULL,'2013-11-17 04:26:48','2013-11-17 04:26:48'),(158,87,'0000-00-00',0,0,0,0,0,0,0,NULL,NULL,'2013-11-17 04:27:19','2013-11-17 04:27:19'),(159,97,'0000-00-00',0,0,0,0,0,0,0,NULL,NULL,'2013-11-17 04:27:19','2013-11-17 04:27:19'),(160,98,'0000-00-00',0,0,0,0,0,0,0,NULL,NULL,'2013-11-17 04:27:19','2013-11-17 04:27:19'),(161,99,'0000-00-00',0,0,0,0,0,0,0,NULL,NULL,'2013-11-17 04:27:19','2013-11-17 04:27:19'),(162,100,'0000-00-00',0,0,0,0,0,0,0,NULL,NULL,'2013-11-17 04:27:19','2013-11-17 04:27:19'),(163,101,'0000-00-00',0,0,0,0,0,0,0,NULL,NULL,'2013-11-17 04:27:19','2013-11-17 04:27:19'),(164,102,'0000-00-00',0,0,0,0,0,0,0,NULL,NULL,'2013-11-17 04:27:19','2013-11-17 04:27:19'),(165,103,'0000-00-00',0,0,0,0,0,0,0,NULL,NULL,'2013-11-17 04:27:19','2013-11-17 04:27:19');
/*!40000 ALTER TABLE `registration` ENABLE KEYS */;
UNLOCK TABLES;

--
-- Table structure for table `registration_type`
--

DROP TABLE IF EXISTS `registration_type`;
/*!40101 SET @saved_cs_client     = @@character_set_client */;
/*!40101 SET character_set_client = utf8 */;
CREATE TABLE `registration_type` (
  `id` bigint(20) NOT NULL AUTO_INCREMENT,
  `registration_type_name` varchar(255) NOT NULL,
  `description` text,
  `created_at` datetime NOT NULL,
  `updated_at` datetime NOT NULL,
  PRIMARY KEY (`id`)
) ENGINE=InnoDB DEFAULT CHARSET=latin1;
/*!40101 SET character_set_client = @saved_cs_client */;

--
-- Dumping data for table `registration_type`
--

LOCK TABLES `registration_type` WRITE;
/*!40000 ALTER TABLE `registration_type` DISABLE KEYS */;
/*!40000 ALTER TABLE `registration_type` ENABLE KEYS */;
UNLOCK TABLES;

--
-- Table structure for table `related_courses`
--

DROP TABLE IF EXISTS `related_courses`;
/*!40101 SET @saved_cs_client     = @@character_set_client */;
/*!40101 SET character_set_client = utf8 */;
CREATE TABLE `related_courses` (
  `id` bigint(20) NOT NULL AUTO_INCREMENT,
  `course_id` bigint(20) NOT NULL,
  `prerequisite_course_number` varchar(100) NOT NULL,
  `course_relation_type` varchar(100) NOT NULL,
  `date_from` date DEFAULT NULL,
  `date_to` date DEFAULT NULL,
  `created_at` datetime NOT NULL,
  `updated_at` datetime NOT NULL,
  PRIMARY KEY (`id`),
  UNIQUE KEY `course_relation_index_idx` (`course_relation_type`,`course_id`,`prerequisite_course_number`),
  KEY `course_id_idx` (`course_id`),
  CONSTRAINT `related_courses_course_id_course_id` FOREIGN KEY (`course_id`) REFERENCES `course` (`id`)
) ENGINE=InnoDB AUTO_INCREMENT=44 DEFAULT CHARSET=latin1;
/*!40101 SET character_set_client = @saved_cs_client */;

--
-- Dumping data for table `related_courses`
--

LOCK TABLES `related_courses` WRITE;
/*!40000 ALTER TABLE `related_courses` DISABLE KEYS */;
INSERT INTO `related_courses` VALUES (1,52,'HRML231','prerequisite',NULL,NULL,'2013-11-16 06:56:45','2013-11-16 06:56:45'),(2,64,'HRML252','prerequisite',NULL,NULL,'2013-11-16 06:57:28','2013-11-16 06:57:28'),(3,26,'laws202','prerequisite',NULL,NULL,'2013-11-16 06:59:14','2013-11-16 06:59:14'),(4,40,'laws311','prerequisite',NULL,NULL,'2013-11-16 06:59:54','2013-11-16 06:59:54'),(5,72,'HRML341','prerequisite',NULL,NULL,'2013-11-16 07:00:20','2013-11-16 07:00:20'),(6,90,'HRML351','prerequisite',NULL,NULL,'2013-11-16 07:01:01','2013-11-16 07:01:01'),(7,25,'InTc2011','prerequisite',NULL,NULL,'2013-11-16 07:02:49','2013-11-16 07:02:49'),(8,100,'HRML352','prerequisite',NULL,NULL,'2013-11-16 07:02:49','2013-11-16 07:02:49'),(9,109,'MGMT322','prerequisite',NULL,NULL,'2013-11-16 07:03:22','2013-11-16 07:03:22'),(10,129,'HRML431','prerequisite',NULL,NULL,'2013-11-16 07:03:58','2013-11-16 07:03:58'),(11,33,'InTc332','prerequisite',NULL,NULL,'2013-11-16 07:04:07','2013-11-16 07:04:07'),(13,144,'HRML471','prerequisite',NULL,NULL,'2013-11-16 07:04:34','2013-11-16 07:04:34'),(14,133,'InTc451','prerequisite',NULL,NULL,'2013-11-16 07:05:22','2013-11-16 07:05:22'),(15,162,'HRML311','prerequisite',NULL,NULL,'2013-11-16 07:05:45','2013-11-16 07:05:45'),(17,171,'HRML421','prerequisite',NULL,NULL,'2013-11-16 07:06:36','2013-11-16 07:06:36'),(18,54,'GoDM211','prerequisite',NULL,NULL,'2013-11-16 07:09:23','2013-11-16 07:09:23'),(19,67,'GoDM222','prerequisite',NULL,NULL,'2013-11-16 07:10:16','2013-11-16 07:10:16'),(20,178,'FLE212','prerequisite',NULL,NULL,'2013-11-16 07:13:04','2013-11-16 07:13:04'),(21,178,'Stat321','prerequisite',NULL,NULL,'2013-11-16 07:13:04','2013-11-16 07:13:04'),(22,198,'GoDM222','prerequisite',NULL,NULL,'2013-11-16 07:15:15','2013-11-16 07:15:15'),(23,178,'GoDm471','prerequisite',NULL,NULL,'2013-11-16 07:17:02','2013-11-16 07:17:02'),(25,193,'GoDM','prerequisite',NULL,NULL,'2013-11-16 07:17:58','2013-11-16 07:17:58'),(26,41,'Flen211','prerequisite',NULL,NULL,'2013-11-16 07:19:11','2013-11-16 07:19:11'),(27,204,'GoDM452','prerequisite',NULL,NULL,'2013-11-16 07:19:15','2013-11-16 07:19:15'),(28,225,'GoDM472','prerequisite',NULL,NULL,'2013-11-16 07:19:55','2013-11-16 07:19:55'),(30,104,'ACPF202','prerequisite',NULL,NULL,'2013-11-16 07:21:22','2013-11-16 07:21:22'),(31,112,'ABM311','prerequisite',NULL,NULL,'2013-11-16 07:22:45','2013-11-16 07:22:45'),(32,118,'ACPF202','prerequisite',NULL,NULL,'2013-11-16 07:24:01','2013-11-16 07:24:01'),(33,157,'ABM312','prerequisite',NULL,NULL,'2013-11-16 07:25:25','2013-11-16 07:25:25'),(34,164,'ABM241','prerequisite',NULL,NULL,'2013-11-16 07:26:55','2013-11-16 07:26:55'),(35,179,'ABM222','prerequisite',NULL,NULL,'2013-11-16 07:28:02','2013-11-16 07:28:02'),(36,196,'ABM321','prerequisite',NULL,NULL,'2013-11-16 07:29:42','2013-11-16 07:29:42'),(37,197,'ABM441','prerequisite',NULL,NULL,'2013-11-16 07:31:16','2013-11-16 07:31:16'),(38,210,'ABM442','prerequisite',NULL,NULL,'2013-11-16 07:32:14','2013-11-16 07:32:14'),(39,215,'ABM321','prerequisite',NULL,NULL,'2013-11-16 07:33:44','2013-11-16 07:33:44'),(41,227,'ABM531','prerequisite',NULL,NULL,'2013-11-16 07:35:23','2013-11-16 07:35:23'),(43,63,'ACPF201','prerequisite',NULL,NULL,'2013-11-16 07:42:59','2013-11-16 07:42:59');
/*!40000 ALTER TABLE `related_courses` ENABLE KEYS */;
UNLOCK TABLES;

--
-- Table structure for table `section_course_offering`
--

DROP TABLE IF EXISTS `section_course_offering`;
/*!40101 SET @saved_cs_client     = @@character_set_client */;
/*!40101 SET character_set_client = utf8 */;
CREATE TABLE `section_course_offering` (
  `id` bigint(20) NOT NULL AUTO_INCREMENT,
  `course_id` bigint(20) NOT NULL,
  `grade_status` bigint(20) NOT NULL,
  `instructor_id` bigint(20) DEFAULT NULL,
  `section_id` bigint(20) NOT NULL,
  `created_at` datetime NOT NULL,
  `updated_at` datetime NOT NULL,
  PRIMARY KEY (`id`),
  UNIQUE KEY `section_course_offering_index_idx` (`course_id`,`section_id`),
  KEY `course_id_idx` (`course_id`),
  KEY `instructor_id_idx` (`instructor_id`),
  KEY `section_id_idx` (`section_id`),
  CONSTRAINT `section_course_offering_course_id_course_id` FOREIGN KEY (`course_id`) REFERENCES `course` (`id`),
  CONSTRAINT `section_course_offering_instructor_id_instructor_id` FOREIGN KEY (`instructor_id`) REFERENCES `instructor` (`id`),
  CONSTRAINT `section_course_offering_section_id_program_section_id` FOREIGN KEY (`section_id`) REFERENCES `program_section` (`id`) ON DELETE CASCADE
) ENGINE=InnoDB AUTO_INCREMENT=225 DEFAULT CHARSET=latin1;
/*!40101 SET character_set_client = @saved_cs_client */;

--
-- Dumping data for table `section_course_offering`
--

LOCK TABLES `section_course_offering` WRITE;
/*!40000 ALTER TABLE `section_course_offering` DISABLE KEYS */;
INSERT INTO `section_course_offering` VALUES (1,6,0,NULL,32,'2013-11-16 08:36:36','2013-11-16 08:36:36'),(2,12,0,NULL,32,'2013-11-16 08:36:36','2013-11-16 08:36:36'),(3,17,0,NULL,32,'2013-11-16 08:36:36','2013-11-16 08:36:36'),(4,201,0,NULL,32,'2013-11-16 08:36:36','2013-11-16 08:36:36'),(5,228,0,NULL,32,'2013-11-16 08:36:36','2013-11-16 08:36:36'),(6,6,0,NULL,1,'2013-11-17 01:17:09','2013-11-17 01:17:09'),(7,17,0,NULL,1,'2013-11-17 01:17:09','2013-11-17 01:17:09'),(8,201,0,NULL,1,'2013-11-17 01:17:09','2013-11-17 01:17:09'),(9,228,0,NULL,1,'2013-11-17 01:17:09','2013-11-17 01:17:09'),(10,5,0,NULL,3,'2013-11-17 01:30:33','2013-11-17 01:30:33'),(11,18,0,NULL,3,'2013-11-17 01:30:33','2013-11-17 01:30:33'),(12,24,0,NULL,3,'2013-11-17 01:30:33','2013-11-17 01:30:33'),(13,28,0,NULL,3,'2013-11-17 01:30:33','2013-11-17 01:30:33'),(14,80,0,NULL,3,'2013-11-17 01:30:33','2013-11-17 01:30:33'),(15,9,0,NULL,3,'2013-11-17 01:30:33','2013-11-17 01:30:33'),(16,128,0,NULL,3,'2013-11-17 01:30:33','2013-11-17 01:30:33'),(17,5,0,NULL,44,'2013-11-17 01:30:33','2013-11-17 01:30:33'),(18,18,0,NULL,44,'2013-11-17 01:30:33','2013-11-17 01:30:33'),(19,24,0,NULL,44,'2013-11-17 01:30:33','2013-11-17 01:30:33'),(20,28,0,NULL,44,'2013-11-17 01:30:33','2013-11-17 01:30:33'),(21,80,0,NULL,44,'2013-11-17 01:30:33','2013-11-17 01:30:33'),(22,9,0,NULL,44,'2013-11-17 01:30:33','2013-11-17 01:30:33'),(23,128,0,NULL,44,'2013-11-17 01:30:33','2013-11-17 01:30:33'),(24,5,1,NULL,64,'2013-11-17 03:12:02','2013-11-17 06:30:47'),(25,18,1,NULL,64,'2013-11-17 03:12:02','2013-11-17 06:32:27'),(26,24,1,NULL,64,'2013-11-17 03:12:02','2013-11-17 06:34:01'),(27,28,1,NULL,64,'2013-11-17 03:12:02','2013-11-17 06:36:39'),(28,80,0,NULL,64,'2013-11-17 03:12:02','2013-11-17 03:12:02'),(29,9,0,NULL,64,'2013-11-17 03:12:02','2013-11-17 03:12:02'),(30,128,0,NULL,64,'2013-11-17 03:12:02','2013-11-17 03:12:02'),(31,6,0,NULL,73,'2013-11-17 03:12:58','2013-11-17 03:12:58'),(32,17,0,NULL,73,'2013-11-17 03:12:58','2013-11-17 03:12:58'),(33,201,0,NULL,73,'2013-11-17 03:12:58','2013-11-17 03:12:58'),(34,228,0,NULL,73,'2013-11-17 03:12:58','2013-11-17 03:12:58'),(35,5,0,NULL,81,'2013-11-17 03:24:52','2013-11-17 03:24:52'),(36,9,0,NULL,81,'2013-11-17 03:24:52','2013-11-17 03:24:52'),(37,18,0,NULL,81,'2013-11-17 03:24:52','2013-11-17 03:24:52'),(38,24,0,NULL,81,'2013-11-17 03:24:52','2013-11-17 03:24:52'),(39,28,0,NULL,81,'2013-11-17 03:24:52','2013-11-17 03:24:52'),(40,5,0,NULL,59,'2013-11-17 03:24:52','2013-11-17 03:24:52'),(41,9,0,NULL,59,'2013-11-17 03:24:52','2013-11-17 03:24:52'),(42,18,0,NULL,59,'2013-11-17 03:24:52','2013-11-17 03:24:52'),(43,24,0,NULL,59,'2013-11-17 03:24:52','2013-11-17 03:24:52'),(44,28,0,NULL,59,'2013-11-17 03:24:52','2013-11-17 03:24:52'),(45,6,1,NULL,74,'2013-11-17 03:25:15','2013-11-17 06:32:17'),(46,12,1,NULL,74,'2013-11-17 03:25:15','2013-11-17 06:33:28'),(47,17,1,NULL,74,'2013-11-17 03:25:15','2013-11-17 06:35:15'),(48,201,1,NULL,74,'2013-11-17 03:25:15','2013-11-17 06:36:09'),(49,228,1,NULL,74,'2013-11-17 03:25:15','2013-11-17 06:37:02'),(50,5,0,NULL,91,'2013-11-17 03:51:15','2013-11-17 03:51:15'),(51,9,0,NULL,91,'2013-11-17 03:51:15','2013-11-17 03:51:15'),(52,18,0,NULL,91,'2013-11-17 03:51:15','2013-11-17 03:51:15'),(53,24,0,NULL,91,'2013-11-17 03:51:15','2013-11-17 03:51:15'),(54,28,0,NULL,91,'2013-11-17 03:51:15','2013-11-17 03:51:15'),(55,1,0,NULL,5,'2013-11-17 03:58:14','2013-11-17 03:58:14'),(56,2,0,NULL,5,'2013-11-17 03:58:14','2013-11-17 03:58:14'),(57,3,0,NULL,5,'2013-11-17 03:58:14','2013-11-17 03:58:14'),(58,4,0,NULL,5,'2013-11-17 03:58:14','2013-11-17 03:58:14'),(59,1,0,NULL,6,'2013-11-17 03:58:14','2013-11-17 03:58:14'),(60,2,0,NULL,6,'2013-11-17 03:58:14','2013-11-17 03:58:14'),(61,3,0,NULL,6,'2013-11-17 03:58:14','2013-11-17 03:58:14'),(62,4,0,NULL,6,'2013-11-17 03:58:14','2013-11-17 03:58:14'),(63,1,0,NULL,9,'2013-11-17 03:58:14','2013-11-17 03:58:14'),(64,2,0,NULL,9,'2013-11-17 03:58:14','2013-11-17 03:58:14'),(65,3,0,NULL,9,'2013-11-17 03:58:14','2013-11-17 03:58:14'),(66,4,0,NULL,9,'2013-11-17 03:58:14','2013-11-17 03:58:14'),(67,1,0,NULL,10,'2013-11-17 03:58:14','2013-11-17 03:58:14'),(68,2,0,NULL,10,'2013-11-17 03:58:14','2013-11-17 03:58:14'),(69,3,0,NULL,10,'2013-11-17 03:58:14','2013-11-17 03:58:14'),(70,4,0,NULL,10,'2013-11-17 03:58:14','2013-11-17 03:58:14'),(71,1,0,NULL,12,'2013-11-17 03:58:14','2013-11-17 03:58:14'),(72,2,0,NULL,12,'2013-11-17 03:58:14','2013-11-17 03:58:14'),(73,3,0,NULL,12,'2013-11-17 03:58:14','2013-11-17 03:58:14'),(74,4,0,NULL,12,'2013-11-17 03:58:14','2013-11-17 03:58:14'),(75,1,0,NULL,70,'2013-11-17 03:58:14','2013-11-17 03:58:14'),(76,2,0,NULL,70,'2013-11-17 03:58:14','2013-11-17 03:58:14'),(77,3,0,NULL,70,'2013-11-17 03:58:14','2013-11-17 03:58:14'),(78,4,0,NULL,70,'2013-11-17 03:58:14','2013-11-17 03:58:14'),(79,1,0,NULL,75,'2013-11-17 03:58:14','2013-11-17 03:58:14'),(80,2,0,NULL,75,'2013-11-17 03:58:14','2013-11-17 03:58:14'),(81,3,0,NULL,75,'2013-11-17 03:58:14','2013-11-17 03:58:14'),(82,4,0,NULL,75,'2013-11-17 03:58:14','2013-11-17 03:58:14'),(83,1,1,NULL,77,'2013-11-17 03:58:21','2013-11-17 06:30:24'),(84,2,1,NULL,77,'2013-11-17 03:58:21','2013-11-17 06:35:17'),(85,3,1,NULL,77,'2013-11-17 03:58:21','2013-11-17 06:36:59'),(86,4,0,NULL,77,'2013-11-17 03:58:21','2013-11-17 03:58:21'),(87,7,0,NULL,77,'2013-11-17 03:58:21','2013-11-17 03:58:21'),(88,1,0,NULL,17,'2013-11-17 03:58:21','2013-11-17 03:58:21'),(89,2,0,NULL,17,'2013-11-17 03:58:21','2013-11-17 03:58:21'),(90,3,0,NULL,17,'2013-11-17 03:58:21','2013-11-17 03:58:21'),(91,4,0,NULL,17,'2013-11-17 03:58:21','2013-11-17 03:58:21'),(92,7,0,NULL,17,'2013-11-17 03:58:21','2013-11-17 03:58:21'),(93,1,0,NULL,76,'2013-11-17 03:58:26','2013-11-17 03:58:26'),(94,2,0,NULL,76,'2013-11-17 03:58:26','2013-11-17 03:58:26'),(95,3,0,NULL,76,'2013-11-17 03:58:26','2013-11-17 03:58:26'),(96,4,0,NULL,76,'2013-11-17 03:58:26','2013-11-17 03:58:26'),(97,1,0,NULL,67,'2013-11-17 03:58:39','2013-11-17 03:58:39'),(98,2,0,NULL,67,'2013-11-17 03:58:39','2013-11-17 03:58:39'),(99,3,0,NULL,67,'2013-11-17 03:58:39','2013-11-17 03:58:39'),(100,4,0,NULL,67,'2013-11-17 03:58:39','2013-11-17 03:58:39'),(101,1,0,NULL,68,'2013-11-17 03:58:39','2013-11-17 03:58:39'),(102,2,0,NULL,68,'2013-11-17 03:58:39','2013-11-17 03:58:39'),(103,3,0,NULL,68,'2013-11-17 03:58:39','2013-11-17 03:58:39'),(104,4,0,NULL,68,'2013-11-17 03:58:39','2013-11-17 03:58:39'),(105,1,0,NULL,21,'2013-11-17 03:58:39','2013-11-17 03:58:39'),(106,2,0,NULL,21,'2013-11-17 03:58:39','2013-11-17 03:58:39'),(107,3,0,NULL,21,'2013-11-17 03:58:39','2013-11-17 03:58:39'),(108,4,0,NULL,21,'2013-11-17 03:58:39','2013-11-17 03:58:39'),(109,1,0,NULL,30,'2013-11-17 03:58:39','2013-11-17 03:58:39'),(110,2,0,NULL,30,'2013-11-17 03:58:39','2013-11-17 03:58:39'),(111,3,0,NULL,30,'2013-11-17 03:58:39','2013-11-17 03:58:39'),(112,4,0,NULL,30,'2013-11-17 03:58:39','2013-11-17 03:58:39'),(113,1,0,NULL,25,'2013-11-17 03:58:39','2013-11-17 03:58:39'),(114,2,0,NULL,25,'2013-11-17 03:58:39','2013-11-17 03:58:39'),(115,3,0,NULL,25,'2013-11-17 03:58:39','2013-11-17 03:58:39'),(116,4,0,NULL,25,'2013-11-17 03:58:39','2013-11-17 03:58:39'),(117,5,0,NULL,95,'2013-11-17 04:07:12','2013-11-17 04:07:12'),(118,18,0,NULL,95,'2013-11-17 04:07:12','2013-11-17 04:07:12'),(119,24,0,NULL,95,'2013-11-17 04:07:12','2013-11-17 04:07:12'),(120,28,0,NULL,95,'2013-11-17 04:07:12','2013-11-17 04:07:12'),(121,80,0,NULL,95,'2013-11-17 04:07:13','2013-11-17 04:07:13'),(122,9,0,NULL,95,'2013-11-17 04:07:13','2013-11-17 04:07:13'),(123,128,0,NULL,95,'2013-11-17 04:07:13','2013-11-17 04:07:13'),(124,10,0,NULL,80,'2013-11-17 04:11:43','2013-11-17 04:11:43'),(125,14,0,NULL,80,'2013-11-17 04:11:43','2013-11-17 04:11:43'),(126,15,0,NULL,80,'2013-11-17 04:11:43','2013-11-17 04:11:43'),(127,19,0,NULL,80,'2013-11-17 04:11:43','2013-11-17 04:11:43'),(128,81,0,NULL,80,'2013-11-17 04:11:43','2013-11-17 04:11:43'),(129,10,0,NULL,82,'2013-11-17 04:11:43','2013-11-17 04:11:43'),(130,14,0,NULL,82,'2013-11-17 04:11:43','2013-11-17 04:11:43'),(131,15,0,NULL,82,'2013-11-17 04:11:43','2013-11-17 04:11:43'),(132,19,0,NULL,82,'2013-11-17 04:11:43','2013-11-17 04:11:43'),(133,81,0,NULL,82,'2013-11-17 04:11:43','2013-11-17 04:11:43'),(134,10,0,NULL,58,'2013-11-17 04:11:43','2013-11-17 04:11:43'),(135,14,0,NULL,58,'2013-11-17 04:11:43','2013-11-17 04:11:43'),(136,15,0,NULL,58,'2013-11-17 04:11:43','2013-11-17 04:11:43'),(137,19,0,NULL,58,'2013-11-17 04:11:43','2013-11-17 04:11:43'),(138,81,0,NULL,58,'2013-11-17 04:11:43','2013-11-17 04:11:43'),(139,10,0,NULL,47,'2013-11-17 04:11:43','2013-11-17 04:11:43'),(140,14,0,NULL,47,'2013-11-17 04:11:43','2013-11-17 04:11:43'),(141,15,0,NULL,47,'2013-11-17 04:11:43','2013-11-17 04:11:43'),(142,19,0,NULL,47,'2013-11-17 04:11:43','2013-11-17 04:11:43'),(143,81,0,NULL,47,'2013-11-17 04:11:43','2013-11-17 04:11:43'),(144,10,0,NULL,88,'2013-11-17 04:14:03','2013-11-17 04:14:03'),(145,15,0,NULL,88,'2013-11-17 04:14:04','2013-11-17 04:14:04'),(146,19,0,NULL,88,'2013-11-17 04:14:04','2013-11-17 04:14:04'),(147,23,0,NULL,88,'2013-11-17 04:14:04','2013-11-17 04:14:04'),(148,29,0,NULL,88,'2013-11-17 04:14:04','2013-11-17 04:14:04'),(149,35,0,NULL,88,'2013-11-17 04:14:04','2013-11-17 04:14:04'),(150,39,0,NULL,88,'2013-11-17 04:14:04','2013-11-17 04:14:04'),(151,10,0,NULL,61,'2013-11-17 04:14:04','2013-11-17 04:14:04'),(152,15,0,NULL,61,'2013-11-17 04:14:04','2013-11-17 04:14:04'),(153,19,0,NULL,61,'2013-11-17 04:14:04','2013-11-17 04:14:04'),(154,23,0,NULL,61,'2013-11-17 04:14:04','2013-11-17 04:14:04'),(155,29,0,NULL,61,'2013-11-17 04:14:04','2013-11-17 04:14:04'),(156,35,0,NULL,61,'2013-11-17 04:14:04','2013-11-17 04:14:04'),(157,39,0,NULL,61,'2013-11-17 04:14:04','2013-11-17 04:14:04'),(158,10,1,NULL,86,'2013-11-17 04:14:47','2013-11-17 06:30:53'),(159,15,1,NULL,86,'2013-11-17 04:14:47','2013-11-17 06:33:04'),(160,19,1,NULL,86,'2013-11-17 04:14:47','2013-11-17 06:34:48'),(161,29,1,NULL,86,'2013-11-17 04:14:47','2013-11-17 06:35:40'),(162,35,1,NULL,86,'2013-11-17 04:14:47','2013-11-17 06:36:30'),(163,10,0,NULL,65,'2013-11-17 04:15:09','2013-11-17 04:15:09'),(164,15,0,NULL,65,'2013-11-17 04:15:10','2013-11-17 04:15:10'),(165,19,0,NULL,65,'2013-11-17 04:15:10','2013-11-17 04:15:10'),(166,29,0,NULL,65,'2013-11-17 04:15:10','2013-11-17 04:15:10'),(167,35,0,NULL,65,'2013-11-17 04:15:10','2013-11-17 04:15:10'),(168,10,0,NULL,66,'2013-11-17 04:15:10','2013-11-17 04:15:10'),(169,15,0,NULL,66,'2013-11-17 04:15:10','2013-11-17 04:15:10'),(170,19,0,NULL,66,'2013-11-17 04:15:10','2013-11-17 04:15:10'),(171,29,0,NULL,66,'2013-11-17 04:15:10','2013-11-17 04:15:10'),(172,35,0,NULL,66,'2013-11-17 04:15:10','2013-11-17 04:15:10'),(173,10,0,NULL,79,'2013-11-17 04:15:10','2013-11-17 04:15:10'),(174,15,0,NULL,79,'2013-11-17 04:15:10','2013-11-17 04:15:10'),(175,19,0,NULL,79,'2013-11-17 04:15:10','2013-11-17 04:15:10'),(176,29,0,NULL,79,'2013-11-17 04:15:10','2013-11-17 04:15:10'),(177,35,0,NULL,79,'2013-11-17 04:15:10','2013-11-17 04:15:10'),(178,10,0,NULL,2,'2013-11-17 04:15:10','2013-11-17 04:15:10'),(179,15,0,NULL,2,'2013-11-17 04:15:10','2013-11-17 04:15:10'),(180,19,0,NULL,2,'2013-11-17 04:15:10','2013-11-17 04:15:10'),(181,29,0,NULL,2,'2013-11-17 04:15:10','2013-11-17 04:15:10'),(182,35,0,NULL,2,'2013-11-17 04:15:10','2013-11-17 04:15:10'),(183,13,0,NULL,69,'2013-11-17 06:21:31','2013-11-17 06:21:31'),(184,20,0,NULL,69,'2013-11-17 06:21:31','2013-11-17 06:21:31'),(185,27,0,NULL,69,'2013-11-17 06:21:31','2013-11-17 06:21:31'),(186,32,0,NULL,69,'2013-11-17 06:21:31','2013-11-17 06:21:31'),(187,38,0,NULL,69,'2013-11-17 06:21:31','2013-11-17 06:21:31'),(188,47,0,NULL,69,'2013-11-17 06:21:31','2013-11-17 06:21:31'),(189,55,0,NULL,69,'2013-11-17 06:21:31','2013-11-17 06:21:31'),(190,13,0,NULL,92,'2013-11-17 06:21:31','2013-11-17 06:21:31'),(191,20,0,NULL,92,'2013-11-17 06:21:31','2013-11-17 06:21:31'),(192,27,0,NULL,92,'2013-11-17 06:21:31','2013-11-17 06:21:31'),(193,32,0,NULL,92,'2013-11-17 06:21:31','2013-11-17 06:21:31'),(194,38,0,NULL,92,'2013-11-17 06:21:31','2013-11-17 06:21:31'),(195,47,0,NULL,92,'2013-11-17 06:21:31','2013-11-17 06:21:31'),(196,55,0,NULL,92,'2013-11-17 06:21:31','2013-11-17 06:21:31'),(197,13,0,NULL,35,'2013-11-17 06:21:31','2013-11-17 06:21:31'),(198,20,0,NULL,35,'2013-11-17 06:21:31','2013-11-17 06:21:31'),(199,27,0,NULL,35,'2013-11-17 06:21:31','2013-11-17 06:21:31'),(200,32,0,NULL,35,'2013-11-17 06:21:31','2013-11-17 06:21:31'),(201,38,0,NULL,35,'2013-11-17 06:21:31','2013-11-17 06:21:31'),(202,47,0,NULL,35,'2013-11-17 06:21:31','2013-11-17 06:21:31'),(203,55,0,NULL,35,'2013-11-17 06:21:31','2013-11-17 06:21:31'),(204,14,0,NULL,78,'2013-11-17 06:23:38','2013-11-17 06:23:38'),(205,38,0,NULL,78,'2013-11-17 06:23:38','2013-11-17 06:23:38'),(206,47,0,NULL,78,'2013-11-17 06:23:38','2013-11-17 06:23:38'),(207,54,0,NULL,78,'2013-11-17 06:23:38','2013-11-17 06:23:38'),(208,55,0,NULL,78,'2013-11-17 06:23:38','2013-11-17 06:23:38'),(209,74,0,NULL,78,'2013-11-17 06:23:38','2013-11-17 06:23:38'),(210,236,0,NULL,78,'2013-11-17 06:23:38','2013-11-17 06:23:38'),(211,14,0,NULL,63,'2013-11-17 06:23:38','2013-11-17 06:23:38'),(212,38,0,NULL,63,'2013-11-17 06:23:38','2013-11-17 06:23:38'),(213,47,0,NULL,63,'2013-11-17 06:23:38','2013-11-17 06:23:38'),(214,54,0,NULL,63,'2013-11-17 06:23:38','2013-11-17 06:23:38'),(215,55,0,NULL,63,'2013-11-17 06:23:38','2013-11-17 06:23:38'),(216,74,0,NULL,63,'2013-11-17 06:23:38','2013-11-17 06:23:38'),(217,236,0,NULL,63,'2013-11-17 06:23:38','2013-11-17 06:23:38'),(218,14,0,NULL,37,'2013-11-17 06:23:38','2013-11-17 06:23:38'),(219,38,0,NULL,37,'2013-11-17 06:23:38','2013-11-17 06:23:38'),(220,47,0,NULL,37,'2013-11-17 06:23:38','2013-11-17 06:23:38'),(221,54,0,NULL,37,'2013-11-17 06:23:38','2013-11-17 06:23:38'),(222,55,0,NULL,37,'2013-11-17 06:23:38','2013-11-17 06:23:38'),(223,74,0,NULL,37,'2013-11-17 06:23:38','2013-11-17 06:23:38'),(224,236,0,NULL,37,'2013-11-17 06:23:38','2013-11-17 06:23:38');
/*!40000 ALTER TABLE `section_course_offering` ENABLE KEYS */;
UNLOCK TABLES;

--
-- Table structure for table `semester_type`
--

DROP TABLE IF EXISTS `semester_type`;
/*!40101 SET @saved_cs_client     = @@character_set_client */;
/*!40101 SET character_set_client = utf8 */;
CREATE TABLE `semester_type` (
  `id` bigint(20) NOT NULL AUTO_INCREMENT,
  `name` varchar(255) NOT NULL,
  `created_at` datetime NOT NULL,
  `updated_at` datetime NOT NULL,
  PRIMARY KEY (`id`)
) ENGINE=InnoDB AUTO_INCREMENT=4 DEFAULT CHARSET=latin1;
/*!40101 SET character_set_client = @saved_cs_client */;

--
-- Dumping data for table `semester_type`
--

LOCK TABLES `semester_type` WRITE;
/*!40000 ALTER TABLE `semester_type` DISABLE KEYS */;
INSERT INTO `semester_type` VALUES (1,'normal','2013-11-16 02:03:10','2013-11-16 02:03:10'),(2,'virtual','2013-11-16 02:03:10','2013-11-16 02:03:10'),(3,'summer','2013-11-16 02:03:10','2013-11-16 02:03:10');
/*!40000 ALTER TABLE `semester_type` ENABLE KEYS */;
UNLOCK TABLES;

--
-- Table structure for table `sf_guard_forgot_password`
--

DROP TABLE IF EXISTS `sf_guard_forgot_password`;
/*!40101 SET @saved_cs_client     = @@character_set_client */;
/*!40101 SET character_set_client = utf8 */;
CREATE TABLE `sf_guard_forgot_password` (
  `id` bigint(20) NOT NULL AUTO_INCREMENT,
  `user_id` bigint(20) NOT NULL,
  `unique_key` varchar(255) DEFAULT NULL,
  `expires_at` datetime NOT NULL,
  `created_at` datetime NOT NULL,
  `updated_at` datetime NOT NULL,
  PRIMARY KEY (`id`),
  KEY `user_id_idx` (`user_id`),
  CONSTRAINT `sf_guard_forgot_password_user_id_sf_guard_user_id` FOREIGN KEY (`user_id`) REFERENCES `sf_guard_user` (`id`) ON DELETE CASCADE
) ENGINE=InnoDB DEFAULT CHARSET=latin1;
/*!40101 SET character_set_client = @saved_cs_client */;

--
-- Dumping data for table `sf_guard_forgot_password`
--

LOCK TABLES `sf_guard_forgot_password` WRITE;
/*!40000 ALTER TABLE `sf_guard_forgot_password` DISABLE KEYS */;
/*!40000 ALTER TABLE `sf_guard_forgot_password` ENABLE KEYS */;
UNLOCK TABLES;

--
-- Table structure for table `sf_guard_group`
--

DROP TABLE IF EXISTS `sf_guard_group`;
/*!40101 SET @saved_cs_client     = @@character_set_client */;
/*!40101 SET character_set_client = utf8 */;
CREATE TABLE `sf_guard_group` (
  `id` bigint(20) NOT NULL AUTO_INCREMENT,
  `name` varchar(255) DEFAULT NULL,
  `description` text,
  `created_at` datetime NOT NULL,
  `updated_at` datetime NOT NULL,
  PRIMARY KEY (`id`),
  UNIQUE KEY `name` (`name`)
) ENGINE=InnoDB DEFAULT CHARSET=latin1;
/*!40101 SET character_set_client = @saved_cs_client */;

--
-- Dumping data for table `sf_guard_group`
--

LOCK TABLES `sf_guard_group` WRITE;
/*!40000 ALTER TABLE `sf_guard_group` DISABLE KEYS */;
/*!40000 ALTER TABLE `sf_guard_group` ENABLE KEYS */;
UNLOCK TABLES;

--
-- Table structure for table `sf_guard_group_permission`
--

DROP TABLE IF EXISTS `sf_guard_group_permission`;
/*!40101 SET @saved_cs_client     = @@character_set_client */;
/*!40101 SET character_set_client = utf8 */;
CREATE TABLE `sf_guard_group_permission` (
  `group_id` bigint(20) NOT NULL DEFAULT '0',
  `permission_id` bigint(20) NOT NULL DEFAULT '0',
  `created_at` datetime NOT NULL,
  `updated_at` datetime NOT NULL,
  PRIMARY KEY (`group_id`,`permission_id`),
  KEY `sf_guard_group_permission_permission_id_sf_guard_permission_id` (`permission_id`),
  CONSTRAINT `sf_guard_group_permission_group_id_sf_guard_group_id` FOREIGN KEY (`group_id`) REFERENCES `sf_guard_group` (`id`) ON DELETE CASCADE,
  CONSTRAINT `sf_guard_group_permission_permission_id_sf_guard_permission_id` FOREIGN KEY (`permission_id`) REFERENCES `sf_guard_permission` (`id`) ON DELETE CASCADE
) ENGINE=InnoDB DEFAULT CHARSET=latin1;
/*!40101 SET character_set_client = @saved_cs_client */;

--
-- Dumping data for table `sf_guard_group_permission`
--

LOCK TABLES `sf_guard_group_permission` WRITE;
/*!40000 ALTER TABLE `sf_guard_group_permission` DISABLE KEYS */;
/*!40000 ALTER TABLE `sf_guard_group_permission` ENABLE KEYS */;
UNLOCK TABLES;

--
-- Table structure for table `sf_guard_permission`
--

DROP TABLE IF EXISTS `sf_guard_permission`;
/*!40101 SET @saved_cs_client     = @@character_set_client */;
/*!40101 SET character_set_client = utf8 */;
CREATE TABLE `sf_guard_permission` (
  `id` bigint(20) NOT NULL AUTO_INCREMENT,
  `name` varchar(255) DEFAULT NULL,
  `description` text,
  `created_at` datetime NOT NULL,
  `updated_at` datetime NOT NULL,
  PRIMARY KEY (`id`),
  UNIQUE KEY `name` (`name`)
) ENGINE=InnoDB DEFAULT CHARSET=latin1;
/*!40101 SET character_set_client = @saved_cs_client */;

--
-- Dumping data for table `sf_guard_permission`
--

LOCK TABLES `sf_guard_permission` WRITE;
/*!40000 ALTER TABLE `sf_guard_permission` DISABLE KEYS */;
/*!40000 ALTER TABLE `sf_guard_permission` ENABLE KEYS */;
UNLOCK TABLES;

--
-- Table structure for table `sf_guard_remember_key`
--

DROP TABLE IF EXISTS `sf_guard_remember_key`;
/*!40101 SET @saved_cs_client     = @@character_set_client */;
/*!40101 SET character_set_client = utf8 */;
CREATE TABLE `sf_guard_remember_key` (
  `id` bigint(20) NOT NULL AUTO_INCREMENT,
  `user_id` bigint(20) DEFAULT NULL,
  `remember_key` varchar(32) DEFAULT NULL,
  `ip_address` varchar(50) DEFAULT NULL,
  `created_at` datetime NOT NULL,
  `updated_at` datetime NOT NULL,
  PRIMARY KEY (`id`),
  KEY `user_id_idx` (`user_id`),
  CONSTRAINT `sf_guard_remember_key_user_id_sf_guard_user_id` FOREIGN KEY (`user_id`) REFERENCES `sf_guard_user` (`id`) ON DELETE CASCADE
) ENGINE=InnoDB DEFAULT CHARSET=latin1;
/*!40101 SET character_set_client = @saved_cs_client */;

--
-- Dumping data for table `sf_guard_remember_key`
--

LOCK TABLES `sf_guard_remember_key` WRITE;
/*!40000 ALTER TABLE `sf_guard_remember_key` DISABLE KEYS */;
/*!40000 ALTER TABLE `sf_guard_remember_key` ENABLE KEYS */;
UNLOCK TABLES;

--
-- Table structure for table `sf_guard_user`
--

DROP TABLE IF EXISTS `sf_guard_user`;
/*!40101 SET @saved_cs_client     = @@character_set_client */;
/*!40101 SET character_set_client = utf8 */;
CREATE TABLE `sf_guard_user` (
  `id` bigint(20) NOT NULL AUTO_INCREMENT,
  `user_id_number` varchar(255) NOT NULL,
  `id_number` varchar(255) NOT NULL,
  `first_name` varchar(255) NOT NULL,
  `last_name` varchar(255) NOT NULL,
  `grand_fathers_name` varchar(255) NOT NULL,
  `phone` varchar(255) DEFAULT NULL,
  `email_address` varchar(255) NOT NULL,
  `username` varchar(128) NOT NULL,
  `is_active` tinyint(1) DEFAULT '1',
  `is_super_admin` tinyint(1) DEFAULT '0',
  `last_login` datetime DEFAULT NULL,
  `created_at` datetime NOT NULL,
  `updated_at` datetime NOT NULL,
  PRIMARY KEY (`id`),
  UNIQUE KEY `email_address` (`email_address`),
  UNIQUE KEY `username` (`username`),
  KEY `is_active_idx_idx` (`is_active`)
) ENGINE=InnoDB DEFAULT CHARSET=latin1;
/*!40101 SET character_set_client = @saved_cs_client */;

--
-- Dumping data for table `sf_guard_user`
--

LOCK TABLES `sf_guard_user` WRITE;
/*!40000 ALTER TABLE `sf_guard_user` DISABLE KEYS */;
/*!40000 ALTER TABLE `sf_guard_user` ENABLE KEYS */;
UNLOCK TABLES;

--
-- Table structure for table `sf_guard_user_group`
--

DROP TABLE IF EXISTS `sf_guard_user_group`;
/*!40101 SET @saved_cs_client     = @@character_set_client */;
/*!40101 SET character_set_client = utf8 */;
CREATE TABLE `sf_guard_user_group` (
  `user_id` bigint(20) NOT NULL DEFAULT '0',
  `group_id` bigint(20) NOT NULL DEFAULT '0',
  `created_at` datetime NOT NULL,
  `updated_at` datetime NOT NULL,
  PRIMARY KEY (`user_id`,`group_id`),
  KEY `sf_guard_user_group_group_id_sf_guard_group_id` (`group_id`),
  CONSTRAINT `sf_guard_user_group_group_id_sf_guard_group_id` FOREIGN KEY (`group_id`) REFERENCES `sf_guard_group` (`id`) ON DELETE CASCADE,
  CONSTRAINT `sf_guard_user_group_user_id_sf_guard_user_id` FOREIGN KEY (`user_id`) REFERENCES `sf_guard_user` (`id`) ON DELETE CASCADE
) ENGINE=InnoDB DEFAULT CHARSET=latin1;
/*!40101 SET character_set_client = @saved_cs_client */;

--
-- Dumping data for table `sf_guard_user_group`
--

LOCK TABLES `sf_guard_user_group` WRITE;
/*!40000 ALTER TABLE `sf_guard_user_group` DISABLE KEYS */;
/*!40000 ALTER TABLE `sf_guard_user_group` ENABLE KEYS */;
UNLOCK TABLES;

--
-- Table structure for table `sf_guard_user_permission`
--

DROP TABLE IF EXISTS `sf_guard_user_permission`;
/*!40101 SET @saved_cs_client     = @@character_set_client */;
/*!40101 SET character_set_client = utf8 */;
CREATE TABLE `sf_guard_user_permission` (
  `user_id` bigint(20) NOT NULL DEFAULT '0',
  `permission_id` bigint(20) NOT NULL DEFAULT '0',
  `created_at` datetime NOT NULL,
  `updated_at` datetime NOT NULL,
  PRIMARY KEY (`user_id`,`permission_id`),
  KEY `sf_guard_user_permission_permission_id_sf_guard_permission_id` (`permission_id`),
  CONSTRAINT `sf_guard_user_permission_permission_id_sf_guard_permission_id` FOREIGN KEY (`permission_id`) REFERENCES `sf_guard_permission` (`id`) ON DELETE CASCADE,
  CONSTRAINT `sf_guard_user_permission_user_id_sf_guard_user_id` FOREIGN KEY (`user_id`) REFERENCES `sf_guard_user` (`id`) ON DELETE CASCADE
) ENGINE=InnoDB DEFAULT CHARSET=latin1;
/*!40101 SET character_set_client = @saved_cs_client */;

--
-- Dumping data for table `sf_guard_user_permission`
--

LOCK TABLES `sf_guard_user_permission` WRITE;
/*!40000 ALTER TABLE `sf_guard_user_permission` DISABLE KEYS */;
/*!40000 ALTER TABLE `sf_guard_user_permission` ENABLE KEYS */;
UNLOCK TABLES;

--
-- Table structure for table `status_setting`
--

DROP TABLE IF EXISTS `status_setting`;
/*!40101 SET @saved_cs_client     = @@character_set_client */;
/*!40101 SET character_set_client = utf8 */;
CREATE TABLE `status_setting` (
  `id` bigint(20) NOT NULL AUTO_INCREMENT,
  `year` bigint(20) NOT NULL,
  `semester` bigint(20) NOT NULL,
  `min_grade_point` float(18,2) NOT NULL,
  `max_grade_point` float(18,2) NOT NULL,
  `status` varchar(50) NOT NULL,
  `created_at` datetime NOT NULL,
  `updated_at` datetime NOT NULL,
  PRIMARY KEY (`id`)
) ENGINE=InnoDB AUTO_INCREMENT=4 DEFAULT CHARSET=latin1;
/*!40101 SET character_set_client = @saved_cs_client */;

--
-- Dumping data for table `status_setting`
--

LOCK TABLES `status_setting` WRITE;
/*!40000 ALTER TABLE `status_setting` DISABLE KEYS */;
INSERT INTO `status_setting` VALUES (1,1,1,1.25,0.00,'Dismissed','2013-11-16 02:03:10','2013-11-16 02:03:10'),(2,1,2,1.75,0.00,'Dismissed','2013-11-16 02:03:10','2013-11-16 02:03:10'),(3,2,1,1.75,0.00,'Dismissed','2013-11-16 02:03:10','2013-11-16 02:03:10');
/*!40000 ALTER TABLE `status_setting` ENABLE KEYS */;
UNLOCK TABLES;

--
-- Table structure for table `student`
--

DROP TABLE IF EXISTS `student`;
/*!40101 SET @saved_cs_client     = @@character_set_client */;
/*!40101 SET character_set_client = utf8 */;
CREATE TABLE `student` (
  `id` bigint(20) NOT NULL AUTO_INCREMENT,
  `student_uid` varchar(255) NOT NULL,
  `name` varchar(255) NOT NULL,
  `fathers_name` varchar(255) NOT NULL,
  `grandfathers_name` varchar(255) NOT NULL,
  `mother_name` varchar(255) DEFAULT NULL,
  `date_of_birth` date NOT NULL,
  `admission_year` varchar(255) NOT NULL,
  `sex` varchar(255) NOT NULL,
  `nationality` varchar(255) NOT NULL,
  `photo` varchar(255) DEFAULT NULL,
  `birth_location` varchar(255) DEFAULT NULL,
  `residence_city` varchar(255) DEFAULT NULL,
  `residence_woreda` varchar(255) DEFAULT NULL,
  `residence_kebele` varchar(255) DEFAULT NULL,
  `residence_house_number` varchar(255) DEFAULT NULL,
  `ethinicity` varchar(255) DEFAULT NULL,
  `telephone` varchar(255) DEFAULT NULL,
  `email` varchar(255) DEFAULT NULL,
  `created_at` datetime NOT NULL,
  `updated_at` datetime NOT NULL,
  PRIMARY KEY (`id`),
  UNIQUE KEY `student_uid` (`student_uid`),
  UNIQUE KEY `student_index_idx` (`name`,`fathers_name`,`grandfathers_name`,`date_of_birth`)
) ENGINE=InnoDB AUTO_INCREMENT=351 DEFAULT CHARSET=latin1;
/*!40101 SET character_set_client = @saved_cs_client */;

--
-- Dumping data for table `student`
--

LOCK TABLES `student` WRITE;
/*!40000 ALTER TABLE `student` DISABLE KEYS */;
INSERT INTO `student` VALUES (1,'1266/13','ABEBECH','REGASA','GURMU','SINKE','1954-06-10','2013','0','Ethiopa',NULL,'','','','','','','','','2013-11-16 07:25:39','2013-11-16 07:25:39'),(2,'1557/13','Abebe ','Belay','Rorisa ','Almaze','1963-04-09','2013','1','Ethiopia',NULL,'','','','','','','','','2013-11-16 07:26:36','2013-11-16 07:26:36'),(3,'1906/13','AMAN ','HULUFU','TUFE','CALTU','1955-05-09','2013','1','Ethiopa',NULL,'','','','','','','','','2013-11-16 07:26:54','2013-11-16 07:26:54'),(4,'7475/13','AMANO','MERGIA','SAKALO','DINKE','1955-05-11','2013','1','Ethiopa',NULL,'','','','','','','','','2013-11-16 07:27:48','2013-11-16 07:27:48'),(5,'2041/13','BELAYINESH','LEMA','ABAYIRE','ZENEBECH','1953-05-11','2013','0','Ethiopa',NULL,'','','','','','','','','2013-11-16 07:28:33','2013-11-16 07:28:33'),(6,'8256/13','BIZUNESH','ADEFIRIS','TESSEMA','LOMI','1964-06-06','2013','0','Ethiopa',NULL,'','','','','','','','','2013-11-16 07:29:34','2013-11-16 07:29:34'),(7,'7493/13','BIRUKTAYIT ','GIRMA','TADESSE','ZINASH','1962-05-17','2013','0','Ethiopa',NULL,'','','','','','','','','2013-11-16 07:30:33','2013-11-16 07:30:33'),(8,'2835/13','Achamyelesh','Tewolde ','Bekele','Almaze','1955-03-06','2013','0','Ethiopia',NULL,'','','','','','','','','2013-11-16 07:30:49','2013-11-16 07:30:49'),(9,'3739/13','DEBEBE','GELAN','ELALA','ROZA','1959-09-10','2013','0','Ethiopa',NULL,'','','','','','','','','2013-11-16 07:31:25','2013-11-16 07:31:25'),(10,'1833/13','DEGAGA','BEASSO','BORU','BIRTUKAN','1965-12-05','2013','1','Ethiopa',NULL,'','','','','','','','','2013-11-16 07:32:30','2013-11-16 07:32:30'),(11,'2458/13','Alebachew ','Jenberu','Benti','Almaze','1959-03-08','2013','1','Ethiopia',NULL,'','','','','','','','','2013-11-16 07:32:46','2013-11-16 07:32:46'),(12,'1370/13','DESTA','EMBAYE','KAHSSAY','ABEBECH','1958-11-14','2013','1','Ethiopa',NULL,'','','','','','','','','2013-11-16 07:33:12','2013-11-16 07:33:12'),(13,'1582/13','EDAO','JIMMA','KUFA','RAMATE','1961-04-11','2013','1','Ethiopa',NULL,'','','','','','','','','2013-11-16 07:33:52','2013-11-16 07:33:52'),(14,'7943/13','Alemnesh ','Shentema','Tuji','Almaze','1966-03-10','2013','0','Ethiopia',NULL,'','','','','','','','','2013-11-16 07:34:16','2013-11-16 07:34:16'),(15,'2746/13','Amanual','Halefom ','Kelelew','Almaze','1956-09-11','2013','1','Ethiopia',NULL,'','','','','','','','','2013-11-16 07:36:07','2013-11-16 07:36:07'),(16,'1144/13','SARA ','GEBREMEICEL','PAWLOS','TSEHAY','1958-10-11','2013','0','Ethiopa',NULL,'','','','','','','','','2013-11-16 07:37:01','2013-11-16 07:37:01'),(17,'1077/13','Aweke ','Walteji','Gutama ','Almaze','1954-02-14','2013','1','Ethiopia',NULL,'','','','','','','','','2013-11-16 07:37:39','2013-11-16 07:37:39'),(18,'1074/13','MOGES','JAFTO','GELALECHA','BELETU','1965-09-05','2013','1','Ethiopa',NULL,'','','','','','','','','2013-11-16 07:37:57','2013-11-16 07:37:57'),(19,'3283/13','TESFAYE','TEKLEAREGAY ','GEBREKIDAN','MAME','1963-12-05','2013','1','Ethiopa',NULL,'','','','','','','','','2013-11-16 07:39:12','2013-11-16 07:39:12'),(20,'1395/13','FEYISA','GADISA','BEJIGA','MOMINA','1960-10-17','2013','1','Ethiopa',NULL,'','','','','','','','','2013-11-16 07:39:52','2013-11-16 07:39:52'),(21,'1105/13','Almaz','Tsige ','Jamale','Bontu','1969-03-03','2013','0','Ethiopia',NULL,'','','','','','','','','2013-11-16 07:39:54','2013-11-16 07:39:54'),(22,'1384/13','EYERUSALEM','AMARE','DESTA','AMARECH','1960-08-12','2013','0','Ethiopa',NULL,'','','','','','','','','2013-11-16 07:41:03','2013-11-16 07:41:03'),(23,'1233/13','GELANA','MIDEKSO','GEDA','LIKE','1959-12-04','2013','1','Ethiopa',NULL,'','','','','','','','','2013-11-16 07:41:41','2013-11-16 07:41:41'),(24,'1895/13','HABTOM','SAMUEL','WOLDEYOHANIS','ZELALEM','1958-08-08','2013','1','Ethiopa',NULL,'','','','','','','','','2013-11-16 07:42:26','2013-11-16 07:42:26'),(25,'1050/13','Nelly ','kidanu','merdasa ','tigist ','1983-01-01','2013','0','ethiopia',NULL,'','','','','','','','','2013-11-16 07:42:31','2013-11-16 07:42:31'),(26,'9332/13','WALELIGNI','YESHITILA','ASFAW','KELEMWA','1962-10-07','2013','1','Ethiopa',NULL,'','','','','','','','','2013-11-16 07:43:12','2013-11-16 07:43:12'),(27,'1033/13','GASHE','GENEMO','BEDANE','ROZA','1968-10-10','2013','1','Ethiopa',NULL,'','','','','','','','','2013-11-16 07:44:19','2013-11-16 07:44:19'),(28,'1619/13','Worke ','Korjo ','bedaso ','aye ','1960-03-06','2013','0','',NULL,'','','','','','','','','2013-11-16 07:44:51','2013-11-16 07:44:51'),(29,'1420/13','ALEMTENA','FELEKE','ALEMINEH','ALEMINESH','1965-07-13','2013','1','Ethiopa',NULL,'','','','','','','','','2013-11-16 07:44:54','2013-11-16 07:44:54'),(30,'9354/13','Abdella','Hussen ','Mandoyu','Bontu','1954-06-04','2013','1','Ethiopia',NULL,'','','','','','','','','2013-11-16 07:45:47','2013-11-16 07:45:47'),(31,'1472/13','fasika ','deme ','kebede ','ayelech ','1955-04-06','2013','0','',NULL,'','','','','','','','','2013-11-16 07:46:50','2013-11-16 07:46:50'),(32,'1234/13','Shagitu ','ashakenu','kedir ','rehima ','1953-05-06','2013','0','',NULL,'','','','','','','','','2013-11-16 07:47:47','2013-11-16 07:47:47'),(33,'1012/13','Mulu ','Zewude','bedesa','KIYA','1963-06-05','2013','0','ETHIOPIA',NULL,'','','','','','','','','2013-11-16 07:48:20','2013-11-16 07:48:20'),(34,'1651/13','mulu','zewide','haile ','genet','1955-06-07','2013','0','',NULL,'','','','','','','','','2013-11-16 07:48:42','2013-11-16 07:48:42'),(35,'5028/13','Abdo ','Aman','Geleto','Almaze','1956-02-07','2013','1','Ethiopia',NULL,'','','','','','','','','2013-11-16 07:48:47','2013-11-16 07:48:47'),(36,'1197/13','ABADIR','UMER','HASSO','ZENEBU','1965-07-09','2013','1','Ethiopa',NULL,'','','','','','','','','2013-11-16 07:49:19','2013-11-16 07:49:19'),(37,'5232/13','Abu','Tesfaye','Raya','Almaze','1957-04-02','2013','1','Ethiopia',NULL,'','','','','','','','','2013-11-16 07:49:56','2013-11-16 07:49:56'),(38,'7407/13','Ahmed ','Tusa','Bude','','1971-02-03','2013','1','Ethiopia',NULL,'','','','','','','','','2013-11-16 07:51:13','2013-11-16 07:51:13'),(39,'5201/13','Abebe  ','Belay','Rorisa','Alemi','1974-03-02','2013','1','ETHIOPIAN',NULL,'','','','','','','','','2013-11-16 07:54:34','2013-11-16 07:54:34'),(40,'1837/13','ABADIR','UMER','HASSO','DINKE','1970-06-14','2013','1','Ethiopa',NULL,'','','','','','','','','2013-11-16 07:54:39','2013-11-16 07:54:39'),(41,'1846/13','eyuel ','gesese ','gemechu','','1958-03-04','2013','1','',NULL,'','','','','','','','','2013-11-16 07:54:46','2013-11-16 07:54:46'),(42,'1514/13','ABAYINESH','ZEWIDE','GEBIRETSADIK','BONTU','1956-06-12','2013','0','Ethiopa',NULL,'','','','','','','','','2013-11-16 07:55:32','2013-11-16 07:55:32'),(43,'1727/13','Addisalam','Tekekilemickael','migan','Almaze','1960-02-01','2013','1','Ethiopia',NULL,'','','','','','','','','2013-11-16 07:55:54','2013-11-16 07:55:54'),(44,'4960/13','Achamyelesh ','Tewolde','Bekele','Bacha','2012-12-03','2012','0','ETHIOPIAN',NULL,'','','','','','','','','2013-11-16 07:55:58','2013-11-16 07:55:58'),(45,'1705/13','ABEBE','MAMO','TUFA','ASKALE','1958-07-06','2013','1','Ethiopa',NULL,'','','','','','','','','2013-11-16 07:56:32','2013-11-16 07:56:32'),(46,'3973/13','sedale ','jemal ','gemeda','','1955-02-03','2013','0','',NULL,'','','','','','','','','2013-11-16 07:56:39','2013-11-16 07:56:39'),(47,'1842/13','ABI','KEDIR','ALIY','ALMAZ','1961-06-13','2013','1','Ethiopa',NULL,'','','','','','','','','2013-11-16 07:57:16','2013-11-16 07:57:16'),(48,'1037/13','AMAN','KEMALO','KEDIR','BIRKE','1963-04-09','2013','1','Ethiopa',NULL,'','','','','','','','','2013-11-16 07:57:52','2013-11-16 07:57:52'),(49,'3597/13','helen ','kidanu','degaga ','','1953-01-01','2013','0','',NULL,'','','','','','','','','2013-11-16 07:59:15','2013-11-16 07:59:15'),(50,'1545/13','ASFAW','WORKU','ADERE','LOMITU','1957-05-06','2013','1','Ethiopa',NULL,'','','','','','','','','2013-11-16 08:00:00','2013-11-16 08:00:00'),(51,'1502/13','Alebachew ','Jenberu','Banti','Badhatu','1954-01-02','2013','1','ETHIOPIAN',NULL,'','','','','','','','','2013-11-16 08:00:01','2013-11-16 08:00:01'),(52,'2815/13','Amanuel','Halefom ','Benti','Bontu','1955-02-04','2013','1','Ethiopia',NULL,'','','','','','','','','2013-11-16 08:01:21','2013-11-16 08:01:21'),(53,'6274/13','Alemnesh','Rorisa','Kelelew','Almaze','1960-02-03','2013','0','Ethiopia',NULL,'','','','','','','','','2013-11-16 08:02:50','2013-11-16 08:02:50'),(54,'4301/13','Abdella','Tekekilemickael','Benti','Almaze','1958-04-05','2013','1','Ethiopia',NULL,'','','','','','','','','2013-11-16 08:03:25','2013-11-16 08:03:25'),(55,'6237/13','Abdo ','Aman','migan','Bontu','1959-03-06','2013','1','Ethiopia',NULL,'','','','','','','','','2013-11-16 08:04:19','2013-11-16 08:04:19'),(56,'1658/13','Tekekilemickael','Balxe','Kelelew','Almaze','1965-03-08','2013','1','Ethiopia',NULL,'','','','','','','','','2013-11-16 08:05:36','2013-11-16 08:05:36'),(57,'1972/13','Aman','Ayele','Mikiyase','Bontu','1968-02-05','2013','1','Ethiopia',NULL,'','','','','','','','','2013-11-16 08:06:37','2013-11-16 08:06:37'),(58,'6171/13','Bontu','Badhane','Roba','Mulu','1966-09-09','2013','0','Ethiopia',NULL,'','','','','','','','','2013-11-16 08:11:29','2013-11-16 08:11:29'),(59,'1821/13','Dawti','Malkato','Bati','Gano','1970-03-05','2013','1','Ethiopia',NULL,'','','','','','','','','2013-11-16 08:14:06','2013-11-16 08:14:06'),(60,'7305/13','BEKUMA','HORDOFA','JEMBO','FANTU','2013-08-13','2013','1','ETHIOPIA',NULL,'','','','','','','','','2013-11-16 08:14:48','2013-11-16 08:14:48'),(61,'1327/13','Bashadu','Tibso','Galato','Mulu','1966-03-08','2013','0','Ethiopia',NULL,'','','','','','','','','2013-11-16 08:15:00','2013-11-16 08:15:00'),(62,'1782/13','Almaz ','Shentema','Tuji','Ture','1966-02-03','2012','0','ETHIOPIAN',NULL,'','','','','','','','','2013-11-16 08:15:07','2013-11-16 08:15:07'),(63,'8858/13','BEKELE ','HASEN','lomi','KIYA','2013-04-03','2013','1','ETHIOPIA',NULL,'','','','','','','','','2013-11-16 08:15:36','2013-11-16 08:15:36'),(64,'7393/13','Barakati','Iyasuu','Marqosi','Gano','1962-06-09','2013','1','Ethiopia',NULL,'','','','','','','','','2013-11-16 08:16:29','2013-11-16 08:16:29'),(65,'9605/13','Amanuel  ','Halefom','Kelelew','Caltu','1967-03-05','2012','1','ETHIOPIAN',NULL,'','','','','','','','','2013-11-16 08:16:39','2013-11-16 08:16:39'),(66,'1079/13','BERISSO','TEKLE','GASO','DF','2013-07-08','2013','0','ETHIOPIA',NULL,'','','','','','','','','2013-11-16 08:17:38','2013-11-16 08:17:38'),(67,'4924/13','Alamu ','Begna ','Abebe','','1970-04-10','2013','1','Ethiopia',NULL,'East Shea','Batu ','Adami Tulu','01','','','','','2013-11-16 08:18:03','2013-11-16 08:18:03'),(68,'5968/13','HABIB','GEBREKIRSTOS','GG','HG','2013-07-08','2013','0','ETHIOPIA',NULL,'','','','','','','','','2013-11-16 08:19:55','2013-11-16 08:19:55'),(69,'2123/13','Amanuel  ','Bayisa','Chewaka','Baritu','1967-06-03','2012','1','ETHIOPIAN',NULL,'','','','','','','','','2013-11-16 08:19:59','2013-11-16 08:19:59'),(70,'4423/13','Askela','Degu','Reta','Bato','1959-09-06','2012','0','ETHIOPIAN',NULL,'','','','','','','','','2013-11-16 08:26:30','2013-11-16 08:26:30'),(71,'1072/13','Dawit','Takale','Hunde','','1983-03-17','2013','1','Ethiopia',NULL,'','','','','','','','','2013-11-16 08:32:14','2013-11-16 08:32:14'),(72,'1385/13','Sinkinesh','Abera','Geleta','','1984-05-11','2013','0','Ethiopia',NULL,'','','','','','','','','2013-11-16 08:34:03','2013-11-16 08:34:03'),(73,'4348/13','Aweke','Walteji','Gutama','Biftu','1958-04-06','2012','1','ETHIOPIAN',NULL,'','','','','','','','','2013-11-16 08:34:59','2013-11-16 08:34:59'),(74,'3783/13','AHIMED','DUBE','GEBEYEHU','LELISE','1963-04-07','2013','0','Ethiopia',NULL,'','','','','','','','','2013-11-16 09:01:33','2013-11-16 09:01:33'),(75,'1407/13','DEJENE','ABU','KEBEDE','KEBEBUSH','1953-10-14','2013','1','Ethiopia',NULL,'','','','','','','','','2013-11-16 09:02:20','2013-11-16 09:02:20'),(76,'2533/13','DEMISE ','BIRHANU','ZAWDE','MUSHIRT','1964-08-14','2013','1','Ethiopia',NULL,'','','','','','','','','2013-11-16 09:13:02','2013-11-16 09:13:02'),(77,'8761/13','ERASU','DEGEFA','GURMU','LELISE','1964-05-10','2013','1','Ethiopia',NULL,'','','','','','','','','2013-11-16 09:18:23','2013-11-16 09:18:23'),(78,'1098/13','FERUZA ','MOHOMMED','ABRAHIM','ABEBECH','1963-06-09','2013','1','Ethiopia',NULL,'','','','','','','','','2013-11-16 09:19:41','2013-11-16 09:19:41'),(79,'1985/13','GETACHEW ','MOTI','TOLESA','ZEBENAY','1967-09-16','2013','1','Ethiopia',NULL,'','','','','','','','','2013-11-16 09:20:25','2013-11-16 09:20:25'),(80,'3279/13','GUTA ','AREDA','DAMESA','BONTU','1965-07-15','2013','1','Ethiopia',NULL,'','','','','','','','','2013-11-16 09:21:22','2013-11-16 09:21:22'),(81,'2575/13','HABTAMU','NIGUSEI','GONFA','BEREDU','1955-08-02','2013','1','Ethiopia',NULL,'','','','','','','','','2013-11-16 09:22:02','2013-11-16 09:22:02'),(82,'1003/13','KOTOLA','GELETLO','DULECHA','BIRKE','1966-02-18','2013','1','Ethiopia',NULL,'','','','','','','','','2013-11-16 09:22:46','2013-11-16 09:22:46'),(83,'1414/13','YESHI','TADESE','BEKANA','LOMITU','1962-03-08','2013','0','Ethiopia',NULL,'','','','','','','','','2013-11-16 09:23:34','2013-11-16 09:23:34'),(84,'2102/13','Betalehem','Ayyansa','Nigirty','Ayalech','1960-04-05','2012','0','ETHIOPIAN',NULL,'','','','','','','','','2013-11-17 01:28:44','2013-11-17 01:28:44'),(85,'2750/13','ABAYINESH','ZEWUDIE','GEBRE','HANA','2013-08-03','2013','0','ETHIOPAI',NULL,'','','','','','','','','2013-11-17 01:28:54','2013-11-17 01:28:54'),(86,'6332/13','Shagitu','Ashekanu','Guta','Haleluya','1954-03-06','2010','0','Ethiopian',NULL,'','','','','','','','','2013-11-17 01:34:41','2013-11-17 01:34:41'),(87,'4052/13','ABADIR','UMER','HASSO','HANA','1970-07-03','2010','1','Ethiopa',NULL,'','','','','','','','','2013-11-17 02:37:09','2013-11-17 02:37:09'),(88,'1730/13','ABAYINESH','ZEWUDIE','GEBRETSADIK','HELEN','1959-08-15','2010','0','Ethiopa',NULL,'','','','','','','','','2013-11-17 02:38:12','2013-11-17 02:38:12'),(89,'3104/13','ABEBE','MAMMO','TUFFA','ASKALE','1967-06-07','2010','1','Ethiopa',NULL,'','','','','','','','','2013-11-17 02:39:10','2013-11-17 02:39:10'),(90,'1827/13','ABEI','KEDIR','ALIYI','MOMINA','1966-06-14','2010','1','Ethiopa',NULL,'','','','','','','','','2013-11-17 02:40:07','2013-11-17 02:40:07'),(91,'2946/13','AMANA','KEMALO','BEKER','AMARE','1958-08-11','2010','1','Ethiopa',NULL,'','','','','','','','','2013-11-17 02:41:00','2013-11-17 02:41:00'),(92,'1416/13','ASFAW','WORKU','ADEREI','BUZE','1966-07-15','2010','1','Ethiopa',NULL,'','','','','','','','','2013-11-17 02:41:51','2013-11-17 02:41:51'),(93,'1498/13','ASHENAFI','NEGEYA','REGITA','ASHU','1968-07-12','2010','1','Ethiopa',NULL,'','','','','','','','','2013-11-17 02:42:45','2013-11-17 02:42:45'),(94,'1711/13','ASNAKA','EBISA','GEBREMESKEL','ROBE','1967-10-14','2010','1','Ethiopa',NULL,'','','','','','','','','2013-11-17 02:43:49','2013-11-17 02:43:49'),(95,'7326/13','AZALECH','AYALEW','AWEKE','RUTI','1967-05-11','2010','0','Ethiopa',NULL,'','','','','','','','','2013-11-17 02:44:52','2013-11-17 02:44:52'),(96,'7992/13','AZEB','ZEGEYE','WORKU','AREGASH','1968-06-12','2010','0','Ethiopa',NULL,'','','','','','','','','2013-11-17 02:45:52','2013-11-17 02:45:52'),(97,'2095/13','BEGASHAW','ZENEBE','DEJENE','UREG','1969-07-15','2010','1','Ethiopa',NULL,'','','','','','','','','2013-11-17 02:49:10','2013-11-17 02:49:10'),(98,'1343/13','BIRHANU','DEMISE','KILTU','REGATU','1969-07-15','2010','1','Ethiopa',NULL,'','','','','','','','','2013-11-17 02:50:06','2013-11-17 02:50:06'),(99,'6206/13','ELFINESH','YILMA','DUBI','WERKI','1958-07-16','2010','0','Ethiopa',NULL,'','','','','','','','','2013-11-17 02:50:56','2013-11-17 02:50:56'),(100,'1861/13','GETAE','ESHETU','WONDIMU','KULI','1961-06-12','2010','1','Ethiopa',NULL,'','','','','','','','','2013-11-17 02:51:51','2013-11-17 02:51:51'),(101,'2103/13','MANAYE','ABAY','MERGIA','SINKE','1970-08-11','2010','1','Ethiopa',NULL,'','','','','','','','','2013-11-17 02:52:43','2013-11-17 02:52:43'),(102,'7402/13','MEKIYA','HUSSEN','KAWO','AMIRA','1969-08-16','2010','0','Ethiopa',NULL,'','','','','','','','','2013-11-17 02:53:37','2013-11-17 02:53:37'),(103,'7841/13','MUHAMED','KELIL','AMANTU','RADIYA','1957-05-07','2010','1','Ethiopa',NULL,'','','','','','','','','2013-11-17 02:54:36','2013-11-17 02:54:36'),(104,'1002/13','ALEMU','DEWANO ','GENAMO','','1970-04-10','2010','1','Ethiopia',NULL,'East Shea','BATU','Adami Tulu','01','','','','','2013-11-17 02:56:43','2013-11-17 02:56:43'),(105,'1142/13','ABDURO ','DADA','BIFA ','Bontu','1956-04-03','2010','1','Ethiopia',NULL,'','','','','','','','','2013-11-17 02:58:07','2013-11-17 02:58:07'),(106,'4010/13','BALCHA ','LETA ','DADI ','','1967-05-10','2010','1','',NULL,'','','','','','','','','2013-11-17 02:58:24','2013-11-17 02:58:24'),(107,'5199/13','BENGA','KUMBI','BEDADA','','1971-05-09','2010','1','Ethiopia',NULL,'East Shea','','DUGDA','','','','','','2013-11-17 02:58:32','2013-11-17 02:58:32'),(108,'1822/13','BEKELE ','NEGERI ','BAYISSA ','','1960-06-19','2010','1','',NULL,'','','','','','','','','2013-11-17 02:59:10','2013-11-17 02:59:10'),(109,'1290/13','ABDISA ','GALATO','MORKEMO','','1959-03-07','2010','1','Ethiopia',NULL,'','','','','','','','','2013-11-17 02:59:11','2013-11-17 02:59:11'),(110,'1625/13','DECHASSA ','KIRINTA ','BAYISSA ','','1958-07-14','2010','1','',NULL,'','','','','','','','','2013-11-17 02:59:50','2013-11-17 02:59:50'),(112,'1568/13','AYANLEM ','FELEKE ','ESHETE','','1964-06-11','2010','0','Ethiopia',NULL,'','','','','','','','','2013-11-17 02:59:57','2013-11-17 02:59:57'),(114,'1123/13','DECHASSA ','KIRINTA ','BAYISSA ','','2009-07-14','2010','1','',NULL,'','','','','','','','','2013-11-17 03:00:11','2013-11-17 03:00:11'),(115,'9377/13','BORU ','GALGALO','DIDA','','1971-03-06','2010','1','Ethiopia',NULL,'BORENA','','ABAY','','','','','','2013-11-17 03:00:18','2013-11-17 03:00:18'),(116,'4506/13','Ababu','Worku','Desta','Chaltu','1953-01-02','2010','1','ETHIOPIAN',NULL,'','','','','','','','','2013-11-17 03:00:40','2013-11-17 03:00:40'),(117,'6341/13','ABREHAM ','ABUGERE ','BEDANE','','1961-09-10','2010','1','Ethiopia',NULL,'','','','','','','','','2013-11-17 03:00:49','2013-11-17 03:00:49'),(118,'1130/13','GAREDEW ','DIDABASSA ','KELLBESSA ','','1959-12-08','2010','1','',NULL,'','','','','','','','','2013-11-17 03:01:20','2013-11-17 03:01:20'),(119,'6133/13','ABU','JIMO','MAAREGN','','1968-07-15','2010','1','Ethiopia',NULL,'','','','','','','','','2013-11-17 03:01:31','2013-11-17 03:01:31'),(120,'8814/13','DAWIT ','SHIFERA','SORI','','1980-03-07','2010','1','Ethiopia',NULL,'WEST WELLEGA','','BOJI DIRMEJ','','','','','','2013-11-17 03:01:32','2013-11-17 03:01:32'),(121,'8562/13','ADDIS ','ABRHAM','KASSAYE','','1967-06-14','2010','1','Ethiopia',NULL,'','','','','','','','','2013-11-17 03:02:06','2013-11-17 03:02:06'),(122,'3242/13','GIDINA ','HIRPA ','LELBESSA ','','2013-07-15','2010','1','',NULL,'','','','','','','','','2013-11-17 03:02:26','2013-11-17 03:02:26'),(123,'1135/13','Abebe ','kuma','Demise','Chalu','1954-02-03','2010','1','',NULL,'','','','','','','','','2013-11-17 03:02:32','2013-11-17 03:02:32'),(124,'1816/13','AMAN','GERO','BEDANE','','1964-09-12','2010','1','Ethiopia',NULL,'','','','','','','','','2013-11-17 03:02:47','2013-11-17 03:02:47'),(125,'1726/13','MUKTAR','MENIZA','HUSSEN','CHALTU','1965-05-14','2010','1','Ethiopa',NULL,'','','','','','','','','2013-11-17 03:02:53','2013-11-17 03:02:53'),(126,'7169/13','ELEYAS ','ABATEMAM','ABAFITA','','1975-03-07','2010','1','Ethiopia',NULL,'JIMMA','','DEDO','','','','','','2013-11-17 03:03:00','2013-11-17 03:03:00'),(127,'1296/13','GURMESSA ','BOKORA ','LAMESSA ','','1956-08-11','2010','1','',NULL,'','','','','','','','','2013-11-17 03:03:18','2013-11-17 03:03:18'),(128,'1208/13','ALAMERIW ','KEFENE','ABAMOGA ','','1963-07-12','2010','1','Ethiopia',NULL,'','','','','','','','','2013-11-17 03:03:37','2013-11-17 03:03:37'),(129,'5499/13','NIGUSE','BEDADA','BOKANE','MULU','1957-06-08','2010','1','Ethiopa',NULL,'','','','','','','','','2013-11-17 03:04:00','2013-11-17 03:04:00'),(130,'1411/13','GURMESSA ','TIRFESSA ','DEMESSA ','','1962-09-27','2010','1','',NULL,'','','','','','','','','2013-11-17 03:04:05','2013-11-17 03:04:05'),(131,'4825/13','ABU','JABESIO','RABO','','1967-06-10','2010','1','Ethiopia',NULL,'','','','','','','','','2013-11-17 03:04:31','2013-11-17 03:04:31'),(132,'2069/13','Abebech ','Ejeta','Dinssa','','1956-03-04','2010','0','ETHIOPIAN',NULL,'','','','','','','','','2013-11-17 03:04:42','2013-11-17 03:04:42'),(133,'4683/13','HAILE ','FUFA ','GELMO ','','1965-06-11','2010','1','',NULL,'','','','','','','','','2013-11-17 03:04:43','2013-11-17 03:04:43'),(134,'1944/13','EYOB ','GEMECHU','WARI','','1977-03-08','2010','1','Ethiopia',NULL,'GUJI','','BORO','','','','','','2013-11-17 03:04:46','2013-11-17 03:04:46'),(135,'8070/13','ALEMU','BELIHU','CHERINET','','1964-08-13','2010','1','Ethiopia',NULL,'','','','','','','','','2013-11-17 03:05:17','2013-11-17 03:05:17'),(136,'1667/13','KASSAHUN ','GADISSA ','HIRPHASA ','','1958-04-09','2010','1','',NULL,'','','','','','','','','2013-11-17 03:05:31','2013-11-17 03:05:31'),(137,'1446/13','Abebech ','Gulila','Birru','','1958-05-06','2010','0','ETHIOPIAN',NULL,'','','','','','','','','2013-11-17 03:05:45','2013-11-17 03:05:45'),(138,'8535/13','ASTER ','KOFI','KABATO','','1967-07-09','2010','0','Ethiopia',NULL,'','','','','','','','','2013-11-17 03:05:52','2013-11-17 03:05:52'),(139,'3862/13','GEMECH','RAGA ','WOLDE','','1981-05-07','2010','1','Ethiopia',NULL,'ARSI','','DODOLA','','','','','','2013-11-17 03:06:26','2013-11-17 03:06:26'),(140,'1864/13','BONSA ','HAILE ','HAMDA ','','1968-05-11','2010','1','Ethiopia',NULL,'','','','','','','','','2013-11-17 03:06:32','2013-11-17 03:06:32'),(141,'2145/13','Abebech ','Tariku','Birechis','','1961-07-09','2010','0','ETHIOPIAN',NULL,'','','','','','','','','2013-11-17 03:06:54','2013-11-17 03:06:54'),(142,'9813/13','ABDELLA ','GELASE ','JILO ','','2004-04-09','2010','1','',NULL,'','','','','','','','','2013-11-17 03:07:18','2013-11-17 03:07:18'),(143,'2068/13','ABEBE ','BEYENE ','UME ','','1957-05-09','2010','1','',NULL,'','','','','','','','','2013-11-17 03:07:55','2013-11-17 03:07:55'),(144,'1608/13','Abebech ','Diriba','Debela','','1966-08-11','2010','0','ETHIOPIAN',NULL,'','','','','','','','','2013-11-17 03:08:02','2013-11-17 03:08:02'),(145,'5572/13','BESHA ','SHUKA ','TOLA','','1970-05-13','2010','0','Ethiopia',NULL,'','','','','','','','','2013-11-17 03:08:18','2013-11-17 03:08:18'),(146,'1284/13','GIRMA ','MEKONNEN','CHIDA','','1988-05-11','2010','1','Ethiopia',NULL,'ILU ABA BOR','','BECHO','','','','','','2013-11-17 03:08:23','2013-11-17 03:08:23'),(147,'1118/13','ABERA ','MULETA','BEKELE ','','1955-09-06','2010','1','',NULL,'','','','','','','','','2013-11-17 03:08:38','2013-11-17 03:08:38'),(148,'6779/13','Achalu','Gelana','Ragasa','','1966-10-15','2010','1','ETHIOPIAN',NULL,'','','','','','','','','2013-11-17 03:08:59','2013-11-17 03:08:59'),(149,'2118/13','BONA','SHAKU','BERISO','','1967-07-13','2010','1','Ethiopia',NULL,'','','','','','','','','2013-11-17 03:09:15','2013-11-17 03:09:15'),(150,'1127/13','ABIYOT ','HUSSEN ','ERKISO ','','1958-04-09','2010','1','',NULL,'','','','','','','','','2013-11-17 03:09:16','2013-11-17 03:09:16'),(151,'1971/13','MAMO','EBSA','BEDENE','','1976-03-06','2010','1','Ethiopia',NULL,'ARSI','','ZIWAY DUGDA','','','','','','2013-11-17 03:09:33','2013-11-17 03:09:33'),(152,'1005/13','ABONSH ','NEGASH ','DEFARU ','','1957-11-05','2010','0','',NULL,'','','','','','','','','2013-11-17 03:09:51','2013-11-17 03:09:51'),(153,'1887/13','BIRHANU','MIDEKSA ','ABJATO','','1968-11-17','2010','1','Ethiopia',NULL,'','','','','','','','','2013-11-17 03:10:07','2013-11-17 03:10:07'),(154,'1465/13','Adene','Endala','Mamo','','1967-11-17','2010','1','ETHIOPIAN',NULL,'','','','','','','','','2013-11-17 03:10:10','2013-11-17 03:10:10'),(155,'1552/13','AHMED ','AREBA ','ANA ','','1956-05-05','2010','1','',NULL,'','','','','','','','','2013-11-17 03:10:20','2013-11-17 03:10:20'),(156,'3009/13','ALEMAYEHU ','BABO ','FEYISA ','','1961-05-07','2010','1','',NULL,'','','','','','','','','2013-11-17 03:11:04','2013-11-17 03:11:04'),(157,'1401/13','SENKNESH ','SIDA','DECHA','','1975-03-06','2010','0','Ethiopia',NULL,'ARSI','','SHALA','','','','','','2013-11-17 03:11:10','2013-11-17 03:11:10'),(158,'6812/13','AMAN ','CAFA ','TUFA ','','1959-06-08','2010','1','',NULL,'','','','','','','','','2013-11-17 03:11:37','2013-11-17 03:11:37'),(159,'9608/13','Adanu','Tegegn','Gutema','','1969-11-15','2010','0','ETHIOPIAN',NULL,'','','','','','','','','2013-11-17 03:11:50','2013-11-17 03:11:50'),(160,'5337/13','ABEBACH','REGASA','GURMU','MERON','1959-10-08','2010','0','Ethiopa',NULL,'','','','','','','','','2013-11-17 03:12:01','2013-11-17 03:12:01'),(161,'1939/13','AMAN','ESMAEL ','ABDO ','','1955-04-17','2010','1','',NULL,'','','','','','','','','2013-11-17 03:12:17','2013-11-17 03:12:17'),(162,'2545/13','Alemitu','Tesema','Habte','','1970-12-19','2010','0','ETHIOPIAN',NULL,'','','','','','','','','2013-11-17 03:12:41','2013-11-17 03:12:41'),(163,'8254/13','AMAN','HULUFU','TUFE','HELEN','1959-06-07','2010','1','Ethiopa',NULL,'','','','','','','','','2013-11-17 03:12:47','2013-11-17 03:12:47'),(164,'4023/13','AMANUEL ','BUDE ','DHABI ','','1959-06-07','2010','1','',NULL,'','','','','','','','','2013-11-17 03:12:56','2013-11-17 03:12:56'),(165,'1128/13','AMANO','MERGIA','SAKALO','SINKE','1955-08-12','2010','1','Ethiopa',NULL,'','','','','','','','','2013-11-17 03:13:35','2013-11-17 03:13:35'),(166,'5481/13','ABDUMELIK','JIBRIL','TAMAM','','1960-04-08','2010','1','Ethiopia',NULL,'','','','','','','','','2013-11-17 03:14:21','2013-11-17 03:14:21'),(167,'8417/13','BELAYNESH','LEMMA','ABAYIRE','SENA','1955-07-09','2010','0','Ethiopa',NULL,'','','','','','','','','2013-11-17 03:14:33','2013-11-17 03:14:33'),(168,'1875/13','Abdurazak','Abda','Abdo','','1954-01-02','2010','1','ETHIOPIAN',NULL,'','','','','','','','','2013-11-17 03:14:49','2013-11-17 03:14:49'),(169,'1379/13','BEZUNESH','ADEFRIS','TESSEMA','SHAGE','1960-04-06','2010','0','Ethiopa',NULL,'','','','','','','','','2013-11-17 03:15:30','2013-11-17 03:15:30'),(170,'2012/13','ABEBECH','KABATO','WARBECHO','','1973-05-10','2010','0','Ethiopia',NULL,'BATU','','Adami Tulu','','','','','','2013-11-17 03:15:31','2013-11-17 03:15:31'),(171,'1894/13','KENO ','DUGUMA ','CHALA ','','1963-07-08','2010','1','',NULL,'','','','','','','','','2013-11-17 03:15:37','2013-11-17 03:15:37'),(172,'1486/13','Abebe','Dejene','Gergecha','','1955-02-03','2010','1','ETHIOPIAN',NULL,'','','','','','','','','2013-11-17 03:15:42','2013-11-17 03:15:42'),(173,'1267/13','CHICHI','JIMA ','ROBALE ','','1971-11-15','2010','1','Ethiopia',NULL,'','','','','','','','','2013-11-17 03:15:53','2013-11-17 03:15:53'),(174,'3555/13','KISSA','KABETA ','DESTA','','1961-04-08','2010','0','',NULL,'','','','','','','','','2013-11-17 03:16:03','2013-11-17 03:16:03'),(175,'8551/13','ABERA ','ALEMU','BSRBECHO','','1983-04-05','2010','1','Ethiopia',NULL,'','','','','','','','','2013-11-17 03:16:24','2013-11-17 03:16:24'),(176,'1052/13','DITA ','GEMEDA ','HAMDA ','','1967-12-10','2010','1','Ethiopia',NULL,'','','','','','','','','2013-11-17 03:16:35','2013-11-17 03:16:35'),(177,'1796/13','KUMALE','GIDISSA ','RAGO ','','1963-08-08','2010','0','',NULL,'','','','','','','','','2013-11-17 03:16:35','2013-11-17 03:16:35'),(178,'7803/13','BRUKTAYIT ','GIRMA','TADESSE','WERIA','1956-05-07','2010','0','Ethiopa',NULL,'','','','','','','','','2013-11-17 03:16:50','2013-11-17 03:16:50'),(179,'7429/13','Abebecha','Kebede','Dadi','','1958-04-06','2010','0','ETHIOPIAN',NULL,'','','','','','','','','2013-11-17 03:16:57','2013-11-17 03:16:57'),(180,'1349/13','DAWIT','KUFA','SEDISO','','1967-08-15','2010','1','Ethiopia',NULL,'','','','','','','','','2013-11-17 03:17:10','2013-11-17 03:17:10'),(181,'4622/13','MEKONNEN ','HAILU','MEGRIA ','','1959-06-10','2010','1','',NULL,'','','','','','','','','2013-11-17 03:17:11','2013-11-17 03:17:11'),(182,'9769/13','ABIYOT ','ABU','GALO','','1971-03-08','2010','1','Ethiopia',NULL,'','','','','','','','','2013-11-17 03:17:15','2013-11-17 03:17:15'),(183,'8671/13','DEBEBE','GELAN','ELALA','HELEN','1962-04-09','2010','1','Ethiopa',NULL,'','','','','','','','','2013-11-17 03:17:37','2013-11-17 03:17:37'),(184,'9166/13','MOKONNEN ','OLANI ','JALU ','','1956-07-04','2010','1','',NULL,'','','','','','','','','2013-11-17 03:17:44','2013-11-17 03:17:44'),(185,'1196/13','Abera','Negasha','Maru','','1958-05-07','2010','1','ETHIOPIAN',NULL,'','','','','','','','','2013-11-17 03:17:47','2013-11-17 03:17:47'),(186,'1464/13','ANUWAR ','ABESHA','SAFAWO','','1985-04-06','2010','1','Ethiopia',NULL,'','','','','','','','','2013-11-17 03:18:02','2013-11-17 03:18:02'),(187,'1973/13','DEGAGA','BEASSO','BORU','ROBDU','1957-03-17','2010','1','Ethiopa',NULL,'','','','','','','','','2013-11-17 03:18:26','2013-11-17 03:18:26'),(188,'6914/13','Abu','Wado','Fugo','','1961-05-09','2010','1','ETHIOPIAN',NULL,'','','','','','','','','2013-11-17 03:18:27','2013-11-17 03:18:27'),(189,'6007/13','MEKURIA ','HINIJIGU ','HIRIKISA ','','1966-07-14','2010','1','',NULL,'','','','','','','','','2013-11-17 03:18:28','2013-11-17 03:18:28'),(190,'1432/13','BENTA ','KUBSA','GUYE','','1983-04-07','2010','1','Ethiopia',NULL,'','','','','','','','','2013-11-17 03:19:07','2013-11-17 03:19:07'),(191,'1938/13','MESGANA ','DEBISA ','DOYO ','','1959-08-06','2010','1','',NULL,'','','','','','','','','2013-11-17 03:19:10','2013-11-17 03:19:10'),(192,'5536/13','DESTA','EMBAYE','KAHSSAY','LOMITU','1960-07-12','2010','1','Ethiopa',NULL,'','','','','','','','','2013-11-17 03:19:16','2013-11-17 03:19:16'),(193,'3060/13','EDASO','HUSSEN ','BIFATU','','1970-09-17','2010','1','Ethiopia',NULL,'','','','','','','','','2013-11-17 03:19:17','2013-11-17 03:19:17'),(194,'5305/13','Ahmed','Wado','Hogo','','1963-09-10','2010','1','ETHIOPIAN',NULL,'','','','','','','','','2013-11-17 03:19:37','2013-11-17 03:19:37'),(195,'9303/13','MISGANAW ','HAILU ','TESO ','','1959-05-10','2010','1','',NULL,'','','','','','','','','2013-11-17 03:19:49','2013-11-17 03:19:49'),(196,'1706/13','GEDA','EDO','DENBEL','SHIBIRE','1964-03-10','2010','1','Ethiopa',NULL,'','','','','','','','','2013-11-17 03:19:53','2013-11-17 03:19:53'),(197,'1151/13','DOBA ','SHIBIRO','SHURA ','','1986-02-01','2010','1','Ethiopia',NULL,'','','','','','','','','2013-11-17 03:19:56','2013-11-17 03:19:56'),(198,'1406/13','ETENESH ','TOLERA','IRGABUS','','1971-06-14','2010','0','Ethiopia',NULL,'','','','','','','','','2013-11-17 03:20:01','2013-11-17 03:20:01'),(199,'1172/13','NEGUSSIE ','DABA ','TOLOSA ','','1959-05-07','2010','1','',NULL,'','','','','','','','','2013-11-17 03:20:22','2013-11-17 03:20:22'),(200,'2047/13','Alemnesh','Sinke','Yimer','','1963-10-11','2010','0','ETHIOPIAN',NULL,'','','','','','','','','2013-11-17 03:20:38','2013-11-17 03:20:38'),(201,'4969/13','GIRMA','ABRHAM','GESSESE','','1970-11-18','2010','1','Ethiopia',NULL,'','','','','','','','','2013-11-17 03:20:43','2013-11-17 03:20:43'),(202,'4513/13','DURESA','KORICHO','HAWANDO','','1977-01-10','2010','1','Ethiopia',NULL,'','','','','','','','','2013-11-17 03:20:43','2013-11-17 03:20:43'),(203,'6380/13','NIGATU ','ETHETE ','MEKONNIN ','','1959-04-05','2010','1','',NULL,'','','','','','','','','2013-11-17 03:20:52','2013-11-17 03:20:52'),(204,'8772/13','FEYISE ','ZEWUDE','JOTE','','1970-06-11','2010','0','Ethiopia',NULL,'','','','','','','','','2013-11-17 03:21:21','2013-11-17 03:21:21'),(205,'1306/13','ADANECH','REGASA','DUBIWAK','SHASHE','1956-10-13','2010','0','Ethiopa',NULL,'','','','','','','','','2013-11-17 03:21:28','2013-11-17 03:21:28'),(206,'1200/13','Alemu','Sebisibe','Gedele','','1965-11-12','2010','1','ETHIOPIAN',NULL,'','','','','','','','','2013-11-17 03:21:45','2013-11-17 03:21:45'),(207,'1772/13','FIREHIWOT ','AMARE','GELGELU','','1985-08-08','2010','0','Ethiopia',NULL,'','','','','','','','','2013-11-17 03:21:48','2013-11-17 03:21:48'),(208,'5511/13','GEDAMT','ABEBE','SEYOUM','','1966-11-16','2010','0','Ethiopia',NULL,'','','','','','','','','2013-11-17 03:22:00','2013-11-17 03:22:00'),(209,'1036/13','ADANECH','FELEKE','TESEMA','GENET','1961-10-10','2010','0','Ethiopa',NULL,'','','','','','','','','2013-11-17 03:22:04','2013-11-17 03:22:04'),(210,'1198/13','Amanuel','Hirpo','Sufa','','1969-12-13','2010','1','ETHIOPIAN',NULL,'','','','','','','','','2013-11-17 03:22:47','2013-11-17 03:22:47'),(211,'1801/13','ADANECH','SHITAW','ESTIFANOS','MERON','1961-09-07','2010','0','Ethiopa',NULL,'','','','','','','','','2013-11-17 03:22:51','2013-11-17 03:22:51'),(212,'6790/13','MERY ','WARISO','FURA','','1980-03-06','2010','0','Ethiopia',NULL,'','','','','','','','','2013-11-17 03:23:04','2013-11-17 03:23:04'),(213,'1232/13','GIRANG','ABITI','TESISO','','1968-09-16','2010','1','Ethiopia',NULL,'','','','','','','','','2013-11-17 03:23:15','2013-11-17 03:23:15'),(214,'1511/13','ADANECH','TAYE','GELETU','TSIGE','1965-03-09','2010','0','Ethiopa',NULL,'','','','','','','','','2013-11-17 03:23:29','2013-11-17 03:23:29'),(215,'1326/13','Ayele','Wakjira','Mihsu','','1971-01-01','2010','1','ETHIOPIAN',NULL,'','','','','','','','','2013-11-17 03:23:51','2013-11-17 03:23:51'),(216,'1991/13','GUTAMA ','HAMBISA','DUFERA','','1964-07-10','2010','1','Ethiopia',NULL,'','','','','','','','','2013-11-17 03:24:01','2013-11-17 03:24:01'),(217,'2091/13','KUFA ','ABU','BATI','','1971-06-09','2010','1','Ethiopia',NULL,'','','','','','','','','2013-11-17 03:24:20','2013-11-17 03:24:20'),(218,'7406/13','ALEMTSEHAY','BIRHANU','DEBELE','TSEHAY','1969-10-15','2010','0','Ethiopa',NULL,'','','','','','','','','2013-11-17 03:24:24','2013-11-17 03:24:24'),(219,'8237/13','ALEMU','DINKU','YADETE','ROZA','1962-12-19','2010','1','Ethiopa',NULL,'','','','','','','','','2013-11-17 03:25:26','2013-11-17 03:25:26'),(220,'1478/13','ALIMAZ','DEFARA','HEYI','LEMLEM','1965-01-14','2010','0','Ethiopa',NULL,'','','','','','','','','2013-11-17 03:26:04','2013-11-17 03:26:04'),(221,'1656/13','ARSICH ','EDAO','LACHEB ','','1958-08-11','2010','1','',NULL,'','','','','','','','','2013-11-17 03:26:24','2013-11-17 03:26:24'),(222,'6595/13','ASEGID','GIRMA','GEMEDA','WERIKE','1953-10-14','2010','1','Ethiopa',NULL,'','','','','','','','','2013-11-17 03:26:37','2013-11-17 03:26:37'),(223,'1501/13','ASHENAFI ','BEBEYEHU ','GILO','','1957-03-06','2010','1','',NULL,'','','','','','','','','2013-11-17 03:27:06','2013-11-17 03:27:06'),(224,'1025/13','ASELEFECH','SHITAW','ESTIFANOS','ASKALE','1955-11-10','2010','0','Ethiopa',NULL,'','','','','','','','','2013-11-17 03:27:28','2013-11-17 03:27:28'),(225,'2738/13','BELACHEW ','TIKE ','NEGEWO ','','1958-03-02','2010','1','',NULL,'','','','','','','','','2013-11-17 03:27:34','2013-11-17 03:27:34'),(226,'2128/13','ASNAKECH','DEMISSIE','HAILE','BIRKE','1966-03-12','2010','0','Ethiopa',NULL,'','','','','','','','','2013-11-17 03:28:00','2013-11-17 03:28:00'),(227,'1428/13','BESHIR','HAJI ','LEKO ','','1957-03-04','2010','1','',NULL,'','','','','','','','','2013-11-17 03:28:04','2013-11-17 03:28:04'),(228,'9423/13','BIZUNESH ','NIGUSLE ','BALCHA ','','1964-05-04','2010','0','',NULL,'','','','','','','','','2013-11-17 03:28:33','2013-11-17 03:28:33'),(229,'8217/13','BUKETO','GEDA','GUYE ','','1958-02-05','2010','0','',NULL,'','','','','','','','','2013-11-17 03:29:06','2013-11-17 03:29:06'),(230,'1704/13','DAME ','MULISA ','EJARASA','','1956-03-03','2010','1','',NULL,'','','','','','','','','2013-11-17 03:29:38','2013-11-17 03:29:38'),(231,'1287/13','ABDELA','SURA','GUSU','LAYILA','1964-10-08','2010','1','Ethiopa',NULL,'','','','','','','','','2013-11-17 03:29:39','2013-11-17 03:29:39'),(232,'3376/13','Abdi','Abe','Jilo','','1954-02-03','2010','1','ETHIOPIAN',NULL,'','','','','','','','','2013-11-17 03:29:48','2013-11-17 03:29:48'),(233,'3122/13','TAMIRU','LEMMA','ROBALE','','1978-03-08','2010','1','Ethiopia',NULL,'','','','','','','','','2013-11-17 03:30:04','2013-11-17 03:30:04'),(234,'1160/13','ABDULJEBAR','ABE','HAMDA','ZENEBECH','1958-11-10','2010','1','Ethiopa',NULL,'','','','','','','','','2013-11-17 03:30:12','2013-11-17 03:30:12'),(235,'1473/13','DEKEBA ','MIDEKAS ','DADI ','','1954-01-01','2010','1','',NULL,'','','','','','','','','2013-11-17 03:30:14','2013-11-17 03:30:14'),(236,'2106/13','ASHENEFI','MELKAMU','TSEGAYE','','1961-07-10','2010','1','Ethiopia',NULL,'','','','','','','','','2013-11-17 03:30:23','2013-11-17 03:30:23'),(237,'8474/13','Abdulah','Adem','Wako','','1956-01-03','2010','1','ETHIOPIAN',NULL,'','','','','','','','','2013-11-17 03:30:31','2013-11-17 03:30:31'),(238,'1536/13','EBRAHIM ','ABDULKARIM ','UMER ','','1956-02-03','2010','1','',NULL,'','','','','','','','','2013-11-17 03:30:42','2013-11-17 03:30:42'),(239,'5518/13','ABDURHEMAN','GUYE','MILKESO','ZEBIBA','1962-06-09','2010','1','Ethiopa',NULL,'','','','','','','','','2013-11-17 03:30:43','2013-11-17 03:30:43'),(240,'8424/13','MULU','BAYISA ','CHALI','','1971-05-08','2010','0','Ethiopia',NULL,'','','','','','','','','2013-11-17 03:30:52','2013-11-17 03:30:52'),(241,'8269/13','AMELEWORK','SEYOUM','TOLA','','1957-04-08','2010','0','Ethiopia',NULL,'','','','','','','','','2013-11-17 03:31:04','2013-11-17 03:31:04'),(242,'1134/13','ABE','DABI','ELEMO','ZINASH','1970-04-09','2010','1','Ethiopa',NULL,'','','','','','','','','2013-11-17 03:31:12','2013-11-17 03:31:12'),(243,'1794/13','ERSASU ','NEGUSSIE ','FEYISA ','','1958-02-04','2010','1','',NULL,'','','','','','','','','2013-11-17 03:31:16','2013-11-17 03:31:16'),(244,'3832/13','Abishu','Tanshu','Beriso','','1956-03-04','2010','1','ETHIOPIAN',NULL,'','','','','','','','','2013-11-17 03:31:20','2013-11-17 03:31:20'),(245,'4140/13','ADUNYE ','TOLCHA','DAMISEE','','1962-07-08','2010','1','Ethiopia',NULL,'','','','','','','','','2013-11-17 03:31:51','2013-11-17 03:31:51'),(246,'2193/13','ACHU','TADESSE','GIZAW','ZEBIDER','1969-06-10','2010','0','Ethiopa',NULL,'','','','','','','','','2013-11-17 03:31:53','2013-11-17 03:31:53'),(247,'2439/13','Adanech','Tegna','Hmato','','1959-05-06','2010','0','ETHIOPIAN',NULL,'','','','','','','','','2013-11-17 03:32:06','2013-11-17 03:32:06'),(248,'9200/13','ADIMASU','GOBIRO','HAYATO','BEKELECH','1962-05-18','2010','1','Ethiopa',NULL,'','','','','','','','','2013-11-17 03:32:27','2013-11-17 03:32:27'),(249,'1965/13','ETALEMAHU ','ADMASU ','GIZAW ','','1969-02-01','2010','0','',NULL,'','','','','','','','','2013-11-17 03:32:33','2013-11-17 03:32:33'),(250,'1966/13','ALEME','NUGUSSIE','TOLERA','','1953-05-03','2010','0','Ethiopia',NULL,'','','','','','','','','2013-11-17 03:32:40','2013-11-17 03:32:40'),(251,'7583/13','FEYSO ','BERISO ','SEYYATO ','','1957-01-09','2010','1','',NULL,'','','','','','','','','2013-11-17 03:32:59','2013-11-17 03:32:59'),(252,'4778/13','AHMED','KEDIR','TUFA','ALIMAZ','1970-06-18','2010','1','Ethiopa',NULL,'','','','','','','','','2013-11-17 03:33:04','2013-11-17 03:33:04'),(253,'1739/13','Abiti','Burka','Koya','','1962-06-10','2010','1','ETHIOPIAN',NULL,'','','','','','','','','2013-11-17 03:33:10','2013-11-17 03:33:10'),(254,'1640/13','ABRAAM ','HAYILU','MAMTE','','1954-01-03','2010','1','Ethiopia',NULL,'','','','','','','','','2013-11-17 03:33:27','2013-11-17 03:33:27'),(255,'1294/13','GEBEYEHU ','HAILE ','MEKONNIN ','','1970-07-12','2010','1','',NULL,'','','','','','','','','2013-11-17 03:33:30','2013-11-17 03:33:30'),(256,'1558/13','AMANE','DEYIBO','NEDI','ZEMIZEM','1959-03-15','2010','0','Ethiopa',NULL,'','','','','','','','','2013-11-17 03:33:38','2013-11-17 03:33:38'),(257,'5229/13','GENALE ','UMER','TSSI ','','1958-05-03','2010','1','',NULL,'','','','','','','','','2013-11-17 03:34:03','2013-11-17 03:34:03'),(258,'1021/13','ALAMII ','ABDI','WAGJIRA','','1956-02-04','2010','0','Ethiopia',NULL,'','','','','','','','','2013-11-17 03:34:07','2013-11-17 03:34:07'),(259,'3319/13','ASHU','DEBISO','SHALE','ROMAN','1958-07-13','2010','0','Ethiopa',NULL,'','','','','','','','','2013-11-17 03:34:16','2013-11-17 03:34:16'),(260,'1661/13','Dddisu','Temena','Asnaka','','1964-08-09','2010','1','ETHIOPIAN',NULL,'','','','','','','','','2013-11-17 03:34:19','2013-11-17 03:34:19'),(261,'1632/13','HAJI ','BONSO ','SHEGARE ','','1961-03-08','2010','1','',NULL,'','','','','','','','','2013-11-17 03:34:45','2013-11-17 03:34:45'),(262,'1270/13','ABIOT','UDESA ','ADULA','','1956-03-05','2010','1','Ethiopia',NULL,'','','','','','','','','2013-11-17 03:34:49','2013-11-17 03:34:49'),(263,'1352/13','AYAME ','TENO','TASHITE','RADIYA','1958-10-10','2010','0','Ethiopa',NULL,'','','','','','','','','2013-11-17 03:34:53','2013-11-17 03:34:53'),(264,'4462/13','JEMAL ','KEDIR ','ADEM ','','1961-06-04','2010','1','',NULL,'','','','','','','','','2013-11-17 03:35:19','2013-11-17 03:35:19'),(265,'9772/13','AMIA','WAKO','BABISO','','1962-07-01','2010','0','Ethiopia',NULL,'','','','','','','','','2013-11-17 03:35:30','2013-11-17 03:35:30'),(266,'1065/13','Agegnehush','Meaza','Weldtsadik','','1966-08-14','2010','0','ETHIOPIAN',NULL,'','','','','','','','','2013-11-17 03:35:37','2013-11-17 03:35:37'),(267,'1372/13','JEMAL ','EDISHU ','GELATO ','','1960-04-11','2010','1','',NULL,'','','','','','','','','2013-11-17 03:35:47','2013-11-17 03:35:47'),(268,'1081/13','AHIMED ','DUBE','GEBEYEHU','AZALECH','1959-10-05','2010','1','Ethiopa',NULL,'','','','','','','','','2013-11-17 03:36:05','2013-11-17 03:36:05'),(269,'2986/13','JEMAL ','KORMA ','MOHAMMED ','','1960-04-06','2010','1','',NULL,'','','','','','','','','2013-11-17 03:36:19','2013-11-17 03:36:19'),(270,'1900/13','DEJENE','ABU','KEBEDE','RIBIKA','1960-05-10','2010','1','Ethiopa',NULL,'','','','','','','','','2013-11-17 03:36:37','2013-11-17 03:36:37'),(271,'1016/13','Alemeriw','Kefene','Abamoga','','1970-11-14','2010','1','ETHIOPIAN',NULL,'','','','','','','','','2013-11-17 03:36:46','2013-11-17 03:36:46'),(272,'7642/13','JEMAL ','TOLA ','GEMEDA ','','1955-05-03','2010','1','',NULL,'','','','','','','','','2013-11-17 03:36:49','2013-11-17 03:36:49'),(273,'9199/13','AMAANUEEL','WAAGGAARII ','TIGIREE','','1970-03-01','2010','1','Ethiopia',NULL,'','','','','','','','','2013-11-17 03:36:56','2013-11-17 03:36:56'),(274,'4079/13','DEMISE','BIRHANU','ZEWIDE','TURUFAT','1966-03-13','2010','1','Ethiopa',NULL,'','','','','','','','','2013-11-17 03:37:14','2013-11-17 03:37:14'),(275,'1701/13','Belaynesh ','Taye','Gebremedhin','','1969-12-16','2010','0','ETHIOPIAN',NULL,'','','','','','','','','2013-11-17 03:37:38','2013-11-17 03:37:38'),(276,'2039/13','BESHA ','TEFESE ','BULCHA','','1967-05-07','2010','0','Ethiopia',NULL,'','','','','','','','','2013-11-17 03:38:07','2013-11-17 03:38:07'),(277,'8809/13','Benebere','Dubele','Shiferaw','','1970-12-10','2010','1','ETHIOPIAN',NULL,'','','','','','','','','2013-11-17 03:38:43','2013-11-17 03:38:43'),(278,'1188/13','ERASU','DEGEFA','gurmu','sifan','1957-03-05','2010','1','Ethiopa',NULL,'','','','','','','','','2013-11-17 03:39:45','2013-11-17 03:39:45'),(279,'2138/13','FERUZA','MOHAMED','ABRAHIM','AMIRA','1959-02-06','2010','0','Ethiopa',NULL,'','','','','','','','','2013-11-17 03:41:18','2013-11-17 03:41:18'),(280,'8342/13','BIRHANU',' TIQI','BULCHA','','1953-04-06','2010','1','Ethiopia',NULL,'','','','','','','','','2013-11-17 03:41:27','2013-11-17 03:41:27'),(281,'2005/13','Abdela','Hallo','Gerisso','','1953-01-02','2010','1','ETHIOPIAN',NULL,'','','','','','','','','2013-11-17 03:41:40','2013-11-17 03:41:40'),(282,'2301/13','GETACHEW','MOTI','TOLESA','IRUS','1959-03-07','2010','1','Ethiopa',NULL,'','','','','','','','','2013-11-17 03:42:00','2013-11-17 03:42:00'),(283,'1775/13','BAHILU','GETAHUN','DABA','','1959-03-01','2010','1','',NULL,'','','','','','','','','2013-11-17 03:42:14','2013-11-17 03:42:14'),(284,'9938/13','Abonesh','Worku','Kebede','','1954-02-03','2010','0','ETHIOPIAN',NULL,'','','','','','','','','2013-11-17 03:42:21','2013-11-17 03:42:21'),(285,'1048/13','GUTA','AREDA','DAMESA','HILINA','1961-04-07','2010','1','Ethiopa',NULL,'','','','','','','','','2013-11-17 03:43:02','2013-11-17 03:43:02'),(286,'1242/13','BONTU','KIBRET','TSEGAYE','','1969-10-17','2010','0','Ethiopia',NULL,'','','','','','','','','2013-11-17 03:43:08','2013-11-17 03:43:08'),(287,'1240/13','MEGERSA','SHAKURE','GALA','','1974-05-14','2011','1','Ethiopia',NULL,'','','','','','','','','2013-11-17 03:43:16','2013-11-17 03:43:16'),(288,'1804/13','Abreham','Aschelew','Nigatu','','1957-03-04','2010','1','ETHIOPIAN',NULL,'','','','','','','','','2013-11-17 03:43:32','2013-11-17 03:43:32'),(289,'1847/13','MOHAMED','ABDELA','','','1974-02-07','2011','1','Ethiopia',NULL,'','','','','','','','','2013-11-17 03:43:45','2013-11-17 03:43:45'),(290,'8465/13','HABTAMU','NIGUSIE','GONFA','SINKE','1958-04-06','2010','1','Ethiopa',NULL,'','','','','','','','','2013-11-17 03:43:48','2013-11-17 03:43:48'),(291,'1865/13','DESSALAGN','EKUBAY','KIDANE','','1964-04-10','2010','1','Ethiopia',NULL,'','','','','','','','','2013-11-17 03:43:58','2013-11-17 03:43:58'),(292,'1393/13','KASIM ','CAKA ','TUSA ','','1968-12-16','2010','1','',NULL,'','','','','','','','','2013-11-17 03:44:01','2013-11-17 03:44:01'),(293,'3694/13','Abuna','Gashe','Edao','','1956-04-05','2010','1','ETHIOPIAN',NULL,'','','','','','','','','2013-11-17 03:44:12','2013-11-17 03:44:12'),(294,'7742/13','IDIRIS','HUSSEIN','AMAN','AMIRA','1964-07-07','2010','1','Ethiopa',NULL,'','','','','','','','','2013-11-17 03:44:39','2013-11-17 03:44:39'),(295,'5539/13','RAGO','IBRAHIM ','ABAY','','1971-05-11','2011','1','Ethiopia',NULL,'','','','','','','','','2013-11-17 03:44:42','2013-11-17 03:44:42'),(296,'1138/13','ELIAS','MESFIN','SEYOUM','','1965-09-12','2010','1','Ethiopia',NULL,'','','','','','','','','2013-11-17 03:44:55','2013-11-17 03:44:55'),(297,'1970/13','KADIJA','HAJI','FATO','FATIYA','1961-06-09','2010','0','Ethiopa',NULL,'','','','','','','','','2013-11-17 03:45:21','2013-11-17 03:45:21'),(298,'2230/13','Adem','Tibeso','Teneshu','','1959-05-06','2010','1','ETHIOPIAN',NULL,'','','','','','','','','2013-11-17 03:45:31','2013-11-17 03:45:31'),(299,'1828/13','JEMAL ','HUSSEN ','MEDA','','1981-04-11','2011','1','Ethiopia',NULL,'','','','','','','','','2013-11-17 03:45:31','2013-11-17 03:45:31'),(300,'6687/13','ETHIOPIA ','SIME','DEDELE ','','1968-02-18','2010','1','Ethiopia',NULL,'','','','','','','','','2013-11-17 03:45:38','2013-11-17 03:45:38'),(301,'4939/13','KASIM ','HUSIEN ','AHMED ','','1955-04-02','2010','1','',NULL,'','','','','','','','','2013-11-17 03:45:58','2013-11-17 03:45:58'),(302,'1488/13','Alemu','Godena','Gemechu','','1963-06-07','2010','1','ETHIOPIAN',NULL,'','','','','','','','','2013-11-17 03:46:13','2013-11-17 03:46:13'),(303,'1282/13','ALEMITU','HOTESA ','','','1971-05-07','2011','0','Ethiopia',NULL,'','','','','','','','','2013-11-17 03:46:22','2013-11-17 03:46:22'),(304,'1159/13','LEMMA ','LEGESSE ','WORDOFA ','','1956-04-06','2010','1','',NULL,'','','','','','','','','2013-11-17 03:46:24','2013-11-17 03:46:24'),(305,'2063/13','FISEHE','DAMTEUS ','MEKONEN','','1962-04-19','2009','1','Ethiopia',NULL,'','','','','','','','','2013-11-17 03:46:28','2013-11-17 03:46:28'),(306,'1317/13','MEGERSA ','KEBEBE ','WETEFA ','','1956-04-06','2010','1','',NULL,'','','','','','','','','2013-11-17 03:46:56','2013-11-17 03:46:56'),(307,'5391/13','Anteneh','Habtamu','Sakala','','1965-08-09','2010','1','ETHIOPIAN',NULL,'','','','','','','','','2013-11-17 03:47:06','2013-11-17 03:47:06'),(308,'1449/13','FANOUS ','KASIM','CHUKULO','','1961-11-10','2010','1','Ethiopia',NULL,'','','','','','','','','2013-11-17 03:47:08','2013-11-17 03:47:08'),(309,'1963/13','FERDE ','KASIM','GODANA','','1975-04-13','2011','1','Ethiopia',NULL,'','','','','','','','','2013-11-17 03:47:10','2013-11-17 03:47:10'),(310,'4669/13','MEJID ','AHMED ','MOHAMMED ','','1964-03-06','2010','1','',NULL,'','','','','','','','','2013-11-17 03:47:26','2013-11-17 03:47:26'),(311,'3215/13','MEKONNEN ','ABERA ','ROBE ','','1958-07-07','2010','1','',NULL,'','','','','','','','','2013-11-17 03:47:55','2013-11-17 03:47:55'),(312,'2054/13','GANO','KEDIR','MOHAMMED ','','1969-08-11','2010','0','Ethiopia',NULL,'','','','','','','','','2013-11-17 03:47:55','2013-11-17 03:47:55'),(313,'4075/13','Asefa','Abebe','Debela','','1966-10-13','2010','1','ETHIOPIAN',NULL,'','','','','','','','','2013-11-17 03:48:01','2013-11-17 03:48:01'),(314,'1247/13','FIRELEMA ','HAILE','GEMEDE','','1977-04-10','2011','0','Ethiopia',NULL,'','','','','','','','','2013-11-17 03:48:13','2013-11-17 03:48:13'),(315,'1703/13','MEKONNEN ','GEMECHU ','BEDHA ','','1957-04-06','2010','1','',NULL,'','','','','','','','','2013-11-17 03:48:26','2013-11-17 03:48:26'),(316,'1580/13','GETEHUN ','GIRMA ','KENE ','','1960-01-15','2010','1','Ethiopia',NULL,'','','','','','','','','2013-11-17 03:48:49','2013-11-17 03:48:49'),(317,'2097/13','MESRERT ','GIRAM ','FILICHATA ','','1961-06-06','2010','0','',NULL,'','','','','','','','','2013-11-17 03:48:53','2013-11-17 03:48:53'),(318,'7282/13','SOLOMON ','MELAKU','','','1981-03-18','2011','1','Ethiopia',NULL,'','','','','','','','','2013-11-17 03:48:56','2013-11-17 03:48:56'),(319,'5574/13','Banchu','Eneyew','Tedla','','1965-11-15','2010','0','ETHIOPIAN',NULL,'','','','','','','','','2013-11-17 03:48:58','2013-11-17 03:48:58'),(320,'2037/13','MOHAMMED ',' BESHIR ','REFISO ','','1964-05-04','2010','1','',NULL,'','','','','','','','','2013-11-17 03:49:18','2013-11-17 03:49:18'),(321,'1996/13','MOHAMMED ','JEMAL ','HAMU ','','1960-04-05','2010','0','',NULL,'','','','','','','','','2013-11-17 03:49:43','2013-11-17 03:49:43'),(322,'1550/13','TARIKU','HUSSEN ','','','1976-05-08','2010','1','Ethiopia',NULL,'','','','','','','','','2013-11-17 03:49:48','2013-11-17 03:49:48'),(323,'1526/13','Belew','Admasu','Enyew','','1971-12-18','2010','1','ETHIOPIAN',NULL,'','','','','','','','','2013-11-17 03:49:49','2013-11-17 03:49:49'),(324,'1765/13','MUKATAR ','HAJO ','ABICHO','','1962-05-06','2010','1','',NULL,'','','','','','','','','2013-11-17 03:50:15','2013-11-17 03:50:15'),(325,'1576/13','MENGISTU','ABUSH','NEGAWO','','1979-07-17','2011','1','Ethiopia',NULL,'','','','','','','','','2013-11-17 03:50:43','2013-11-17 03:50:43'),(326,'2072/13','Ashenafi','Ragasa','Senbeta','','1953-01-02','2010','1','ETHIOPIAN',NULL,'','','','','','','','','2013-11-17 03:58:47','2013-11-17 03:58:47'),(327,'2785/13','Asnakech','Wondimu','mariyame','','1955-02-03','2010','0','ETHIOPIAN',NULL,'','','','','','','','','2013-11-17 03:59:47','2013-11-17 03:59:47'),(328,'1729/13','Asnakech','Dadi','Urji','','1957-04-07','2010','0','ETHIOPIAN',NULL,'','','','','','','','','2013-11-17 04:00:34','2013-11-17 04:00:34'),(329,'1376/13','IDIRIS ','HUSEN','ALI','','1971-04-07','2011','1','Ethiopia',NULL,'','','','','','','','','2013-11-17 04:00:53','2013-11-17 04:00:53'),(330,'1873/13','Aster','Gemechu','Dinka','','1958-04-07','2010','0','ETHIOPIAN',NULL,'','','','','','','','','2013-11-17 04:01:29','2013-11-17 04:01:29'),(331,'8020/13','NURA ','DIDA','HALAKE','','1976-12-19','2011','1','Ethiopia',NULL,'','','','','','','','','2013-11-17 04:01:33','2013-11-17 04:01:33'),(332,'9073/13','TEMESGEN','SHANKO','','','1972-04-08','2011','1','Ethiopia',NULL,'','','','','','','','','2013-11-17 04:02:14','2013-11-17 04:02:14'),(333,'1677/13','YONAS','BELETE','LAKEW','','1973-09-16','2011','1','Ethiopia',NULL,'','','','','','','','','2013-11-17 04:02:47','2013-11-17 04:02:47'),(334,'1438/13','Ayalew','Baissa','Gema','','1962-08-07','2010','0','ETHIOPIAN',NULL,'','','','','','','','','2013-11-17 04:03:11','2013-11-17 04:03:11'),(335,'2028/13','TESHOME','DEJENE','','','1976-03-08','2011','1','Ethiopia',NULL,'','','','','','','','','2013-11-17 04:03:23','2013-11-17 04:03:23'),(336,'1185/13','Ayantu','Mulata','Megarsa','','1961-09-08','2010','0','ETHIOPIAN',NULL,'','','','','','','','','2013-11-17 04:04:03','2013-11-17 04:04:03'),(337,'1162/13','LALIS','YOSEPH','','','1973-06-10','2011','1','Ethiopia',NULL,'','','','','','','','','2013-11-17 04:04:11','2013-11-17 04:04:11'),(338,'1017/13','Ayele','Debela','Toye','','1965-09-11','2010','1','ETHIOPIAN',NULL,'','','','','','','','','2013-11-17 04:04:50','2013-11-17 04:04:50'),(339,'1419/13','MERGA','SHAKURE','','','1973-05-14','2011','1','Ethiopia',NULL,'','','','','','','','','2013-11-17 04:04:58','2013-11-17 04:04:58'),(340,'1878/13','MULU','BEYENE','HUNDE','','1975-05-10','2011','0','Ethiopia',NULL,'','','','','','','','','2013-11-17 04:05:37','2013-11-17 04:05:37'),(341,'7584/13','Aynalem','Tefera','Jimma','','1962-12-15','2010','0','ETHIOPIAN',NULL,'','','','','','','','','2013-11-17 04:05:43','2013-11-17 04:05:43'),(342,'5730/13','MOHAMMED','ALI','','','1976-07-12','2011','1','Ethiopia',NULL,'','','','','','','','','2013-11-17 04:06:12','2013-11-17 04:06:12'),(343,'1997/13','ALMAS ','HUNDE','','','1970-03-16','2011','0','Ethiopia',NULL,'','','','','','','','','2013-11-17 04:06:44','2013-11-17 04:06:44'),(344,'8343/13','Bayisa','Megersa','Edae','','1958-03-13','2010','1','ETHIOPIAN',NULL,'','','','','','','','','2013-11-17 04:06:55','2013-11-17 04:06:55'),(345,'1787/13','Bedada','Tura','Teso','','1968-10-02','2010','1','ETHIOPIAN',NULL,'','','','','','','','','2013-11-17 04:07:34','2013-11-17 04:07:34'),(346,'1499/13','Desta','Ayele','Serbesa','','1955-01-02','2010','0','ETHIOPIAN',NULL,'','','','','','','','','2013-11-17 04:09:33','2013-11-17 04:09:33'),(347,'7772/13','Disasa','Ejersa','Soboka','','1957-05-05','2010','1','ETHIOPIAN',NULL,'','','','','','','','','2013-11-17 04:10:17','2013-11-17 04:10:17'),(348,'1585/13','Emebet','Amenu','Geleta','','1957-02-03','2010','0','',NULL,'','','','','','','','','2013-11-17 04:11:02','2013-11-17 04:11:02'),(349,'1500/13','Etalem','Chemeda','Lechisa','','1957-02-04','2010','0','ETHIOPIAN',NULL,'','','','','','','','','2013-11-17 04:16:19','2013-11-17 04:16:19'),(350,'7624/13',' Feyera','Bedada','Meda','','1959-06-09','2010','0','ETHIOPIAN',NULL,'','','','','','','','','2013-11-17 04:17:05','2013-11-17 04:17:05');
/*!40000 ALTER TABLE `student` ENABLE KEYS */;
UNLOCK TABLES;

--
-- Table structure for table `student_academic_status`
--

DROP TABLE IF EXISTS `student_academic_status`;
/*!40101 SET @saved_cs_client     = @@character_set_client */;
/*!40101 SET character_set_client = utf8 */;
CREATE TABLE `student_academic_status` (
  `id` bigint(20) NOT NULL AUTO_INCREMENT,
  `name` varchar(255) NOT NULL,
  `value` bigint(20) NOT NULL,
  `category` varchar(255) NOT NULL,
  `created_at` datetime NOT NULL,
  `updated_at` datetime NOT NULL,
  PRIMARY KEY (`id`)
) ENGINE=InnoDB AUTO_INCREMENT=10 DEFAULT CHARSET=latin1;
/*!40101 SET character_set_client = @saved_cs_client */;

--
-- Dumping data for table `student_academic_status`
--

LOCK TABLES `student_academic_status` WRITE;
/*!40000 ALTER TABLE `student_academic_status` DISABLE KEYS */;
INSERT INTO `student_academic_status` VALUES (1,'No Status',0,'None','2013-11-16 02:03:09','2013-11-16 02:03:09'),(2,'Dismissed',1,'Dismissed','2013-11-16 02:03:09','2013-11-16 02:03:09'),(3,'Academic Dismissal for Readmission',2,'Dismissed','2013-11-16 02:03:09','2013-11-16 02:03:09'),(4,'Warning',3,'Warning','2013-11-16 02:03:09','2013-11-16 02:03:09'),(5,'Passing',4,'Passing','2013-11-16 02:03:09','2013-11-16 02:03:09'),(6,'Probation',5,'Warning','2013-11-16 02:03:09','2013-11-16 02:03:09'),(7,'Dropout',6,'Dismissed','2013-11-16 02:03:09','2013-11-16 02:03:09'),(8,'Withdrawal',7,'None','2013-11-16 02:03:09','2013-11-16 02:03:09'),(9,'Delay',8,'None','2013-11-16 02:03:09','2013-11-16 02:03:09');
/*!40000 ALTER TABLE `student_academic_status` ENABLE KEYS */;
UNLOCK TABLES;

--
-- Table structure for table `student_center`
--

DROP TABLE IF EXISTS `student_center`;
/*!40101 SET @saved_cs_client     = @@character_set_client */;
/*!40101 SET character_set_client = utf8 */;
CREATE TABLE `student_center` (
  `id` bigint(20) NOT NULL AUTO_INCREMENT,
  `center_id` bigint(20) NOT NULL,
  `student_id` bigint(20) NOT NULL,
  `created_at` datetime NOT NULL,
  `updated_at` datetime NOT NULL,
  PRIMARY KEY (`id`),
  KEY `center_id_idx` (`center_id`),
  KEY `student_id_idx` (`student_id`),
  CONSTRAINT `student_center_center_id_center_id` FOREIGN KEY (`center_id`) REFERENCES `center` (`id`),
  CONSTRAINT `student_center_student_id_student_id` FOREIGN KEY (`student_id`) REFERENCES `student` (`id`)
) ENGINE=InnoDB AUTO_INCREMENT=349 DEFAULT CHARSET=latin1;
/*!40101 SET character_set_client = @saved_cs_client */;

--
-- Dumping data for table `student_center`
--

LOCK TABLES `student_center` WRITE;
/*!40000 ALTER TABLE `student_center` DISABLE KEYS */;
INSERT INTO `student_center` VALUES (1,1,1,'2013-11-16 07:25:39','2013-11-16 07:25:39'),(2,4,2,'2013-11-16 07:26:36','2013-11-16 07:26:36'),(3,1,3,'2013-11-16 07:26:54','2013-11-16 07:26:54'),(4,1,4,'2013-11-16 07:27:48','2013-11-16 07:27:48'),(5,1,5,'2013-11-16 07:28:33','2013-11-16 07:28:33'),(6,1,6,'2013-11-16 07:29:34','2013-11-16 07:29:34'),(7,1,7,'2013-11-16 07:30:33','2013-11-16 07:30:33'),(8,4,8,'2013-11-16 07:30:49','2013-11-16 07:30:49'),(9,1,9,'2013-11-16 07:31:25','2013-11-16 07:31:25'),(10,1,10,'2013-11-16 07:32:30','2013-11-16 07:32:30'),(11,4,11,'2013-11-16 07:32:46','2013-11-16 07:32:46'),(12,1,12,'2013-11-16 07:33:12','2013-11-16 07:33:12'),(13,1,13,'2013-11-16 07:33:52','2013-11-16 07:33:52'),(14,4,14,'2013-11-16 07:34:16','2013-11-16 07:34:16'),(15,4,15,'2013-11-16 07:36:07','2013-11-16 07:36:07'),(16,12,16,'2013-11-16 07:37:01','2013-11-16 07:37:01'),(17,4,17,'2013-11-16 07:37:39','2013-11-16 07:37:39'),(18,12,18,'2013-11-16 07:37:57','2013-11-16 07:37:57'),(19,12,19,'2013-11-16 07:39:12','2013-11-16 07:39:12'),(20,12,20,'2013-11-16 07:39:52','2013-11-16 07:39:52'),(21,4,21,'2013-11-16 07:39:54','2013-11-16 07:39:54'),(22,12,22,'2013-11-16 07:41:03','2013-11-16 07:41:03'),(23,12,23,'2013-11-16 07:41:41','2013-11-16 07:41:41'),(24,12,24,'2013-11-16 07:42:26','2013-11-16 07:42:26'),(25,6,25,'2013-11-16 07:42:31','2013-11-16 07:42:31'),(26,12,26,'2013-11-16 07:43:13','2013-11-16 07:43:13'),(27,12,27,'2013-11-16 07:44:19','2013-11-16 07:44:19'),(28,6,28,'2013-11-16 07:44:51','2013-11-16 07:44:51'),(29,12,29,'2013-11-16 07:44:54','2013-11-16 07:44:54'),(30,4,30,'2013-11-16 07:45:47','2013-11-16 07:45:47'),(31,6,31,'2013-11-16 07:46:50','2013-11-16 07:46:50'),(32,6,32,'2013-11-16 07:47:47','2013-11-16 07:47:47'),(33,1,33,'2013-11-16 07:48:20','2013-11-16 07:48:20'),(34,6,34,'2013-11-16 07:48:42','2013-11-16 07:48:42'),(35,4,35,'2013-11-16 07:48:47','2013-11-16 07:48:47'),(36,1,36,'2013-11-16 07:49:19','2013-11-16 07:49:19'),(37,4,37,'2013-11-16 07:49:56','2013-11-16 07:49:56'),(38,4,38,'2013-11-16 07:51:13','2013-11-16 07:51:13'),(39,1,39,'2013-11-16 07:54:34','2013-11-16 07:54:34'),(40,2,40,'2013-11-16 07:54:39','2013-11-16 07:54:39'),(41,6,41,'2013-11-16 07:54:46','2013-11-16 07:54:46'),(42,2,42,'2013-11-16 07:55:32','2013-11-16 07:55:32'),(43,4,43,'2013-11-16 07:55:54','2013-11-16 07:55:54'),(44,1,44,'2013-11-16 07:55:58','2013-11-16 07:55:58'),(45,2,45,'2013-11-16 07:56:32','2013-11-16 07:56:32'),(46,6,46,'2013-11-16 07:56:39','2013-11-16 07:56:39'),(47,2,47,'2013-11-16 07:57:16','2013-11-16 07:57:16'),(48,2,48,'2013-11-16 07:57:52','2013-11-16 07:57:52'),(49,6,49,'2013-11-16 07:59:15','2013-11-16 07:59:15'),(50,1,50,'2013-11-16 08:00:00','2013-11-16 08:00:00'),(51,1,51,'2013-11-16 08:00:01','2013-11-16 08:00:01'),(52,4,52,'2013-11-16 08:01:21','2013-11-16 08:01:21'),(53,4,53,'2013-11-16 08:02:50','2013-11-16 08:02:50'),(54,4,54,'2013-11-16 08:03:25','2013-11-16 08:03:25'),(55,4,55,'2013-11-16 08:04:19','2013-11-16 08:04:19'),(56,4,56,'2013-11-16 08:05:36','2013-11-16 08:05:36'),(57,4,57,'2013-11-16 08:06:37','2013-11-16 08:06:37'),(58,4,58,'2013-11-16 08:11:29','2013-11-16 08:11:29'),(59,4,59,'2013-11-16 08:14:06','2013-11-16 08:14:06'),(60,1,60,'2013-11-16 08:14:48','2013-11-16 08:14:48'),(61,4,61,'2013-11-16 08:15:00','2013-11-16 08:15:00'),(62,1,62,'2013-11-16 08:15:07','2013-11-16 08:15:07'),(63,1,63,'2013-11-16 08:15:36','2013-11-16 08:15:36'),(64,4,64,'2013-11-16 08:16:29','2013-11-16 08:16:29'),(65,1,65,'2013-11-16 08:16:39','2013-11-16 08:16:39'),(66,1,66,'2013-11-16 08:17:38','2013-11-16 08:17:38'),(67,4,67,'2013-11-16 08:18:03','2013-11-16 08:18:03'),(68,1,68,'2013-11-16 08:19:55','2013-11-16 08:19:55'),(69,1,69,'2013-11-16 08:19:59','2013-11-16 08:19:59'),(70,1,70,'2013-11-16 08:26:30','2013-11-16 08:26:30'),(71,4,71,'2013-11-16 08:32:14','2013-11-16 08:32:14'),(72,4,72,'2013-11-16 08:34:03','2013-11-16 08:34:03'),(73,1,73,'2013-11-16 08:34:59','2013-11-16 08:34:59'),(74,4,74,'2013-11-16 09:01:33','2013-11-16 09:01:33'),(75,4,75,'2013-11-16 09:02:20','2013-11-16 09:02:20'),(76,4,76,'2013-11-16 09:13:02','2013-11-16 09:13:02'),(77,4,77,'2013-11-16 09:18:23','2013-11-16 09:18:23'),(78,4,78,'2013-11-16 09:19:41','2013-11-16 09:19:41'),(79,4,79,'2013-11-16 09:20:25','2013-11-16 09:20:25'),(80,4,80,'2013-11-16 09:21:22','2013-11-16 09:21:22'),(81,4,81,'2013-11-16 09:22:02','2013-11-16 09:22:02'),(82,4,82,'2013-11-16 09:22:46','2013-11-16 09:22:46'),(83,4,83,'2013-11-16 09:23:34','2013-11-16 09:23:34'),(84,1,84,'2013-11-17 01:28:44','2013-11-17 01:28:44'),(85,1,85,'2013-11-17 01:28:54','2013-11-17 01:28:54'),(86,17,86,'2013-11-17 01:34:41','2013-11-17 01:34:41'),(87,1,87,'2013-11-17 02:37:09','2013-11-17 02:37:09'),(88,1,88,'2013-11-17 02:38:12','2013-11-17 02:38:12'),(89,1,89,'2013-11-17 02:39:10','2013-11-17 02:39:10'),(90,1,90,'2013-11-17 02:40:07','2013-11-17 02:40:07'),(91,1,91,'2013-11-17 02:41:00','2013-11-17 02:41:00'),(92,1,92,'2013-11-17 02:41:51','2013-11-17 02:41:51'),(93,1,93,'2013-11-17 02:42:45','2013-11-17 02:42:45'),(94,1,94,'2013-11-17 02:43:49','2013-11-17 02:43:49'),(95,1,95,'2013-11-17 02:44:52','2013-11-17 02:44:52'),(96,1,96,'2013-11-17 02:45:52','2013-11-17 02:45:52'),(97,2,97,'2013-11-17 02:49:10','2013-11-17 02:49:10'),(98,2,98,'2013-11-17 02:50:06','2013-11-17 02:50:06'),(99,2,99,'2013-11-17 02:50:56','2013-11-17 02:50:56'),(100,2,100,'2013-11-17 02:51:51','2013-11-17 02:51:51'),(101,2,101,'2013-11-17 02:52:43','2013-11-17 02:52:43'),(102,2,102,'2013-11-17 02:53:37','2013-11-17 02:53:37'),(103,2,103,'2013-11-17 02:54:36','2013-11-17 02:54:36'),(104,4,104,'2013-11-17 02:56:43','2013-11-17 02:56:43'),(105,4,105,'2013-11-17 02:58:08','2013-11-17 02:58:08'),(106,1,106,'2013-11-17 02:58:24','2013-11-17 02:58:24'),(107,4,107,'2013-11-17 02:58:32','2013-11-17 02:58:32'),(108,1,108,'2013-11-17 02:59:10','2013-11-17 02:59:10'),(109,4,109,'2013-11-17 02:59:11','2013-11-17 02:59:11'),(110,1,110,'2013-11-17 02:59:50','2013-11-17 02:59:50'),(111,4,112,'2013-11-17 02:59:57','2013-11-17 02:59:57'),(112,1,114,'2013-11-17 03:00:11','2013-11-17 03:00:11'),(113,4,115,'2013-11-17 03:00:18','2013-11-17 03:00:18'),(114,1,116,'2013-11-17 03:00:40','2013-11-17 03:00:40'),(115,4,117,'2013-11-17 03:00:49','2013-11-17 03:00:49'),(116,1,118,'2013-11-17 03:01:20','2013-11-17 03:01:20'),(117,4,119,'2013-11-17 03:01:31','2013-11-17 03:01:31'),(118,4,120,'2013-11-17 03:01:32','2013-11-17 03:01:32'),(119,4,121,'2013-11-17 03:02:06','2013-11-17 03:02:06'),(120,1,122,'2013-11-17 03:02:26','2013-11-17 03:02:26'),(121,1,123,'2013-11-17 03:02:32','2013-11-17 03:02:32'),(122,4,124,'2013-11-17 03:02:47','2013-11-17 03:02:47'),(123,12,125,'2013-11-17 03:02:53','2013-11-17 03:02:53'),(124,4,126,'2013-11-17 03:03:00','2013-11-17 03:03:00'),(125,1,127,'2013-11-17 03:03:18','2013-11-17 03:03:18'),(126,4,128,'2013-11-17 03:03:37','2013-11-17 03:03:37'),(127,12,129,'2013-11-17 03:04:00','2013-11-17 03:04:00'),(128,1,130,'2013-11-17 03:04:05','2013-11-17 03:04:05'),(129,4,131,'2013-11-17 03:04:31','2013-11-17 03:04:31'),(130,1,132,'2013-11-17 03:04:42','2013-11-17 03:04:42'),(131,1,133,'2013-11-17 03:04:43','2013-11-17 03:04:43'),(132,4,134,'2013-11-17 03:04:46','2013-11-17 03:04:46'),(133,4,135,'2013-11-17 03:05:17','2013-11-17 03:05:17'),(134,1,136,'2013-11-17 03:05:31','2013-11-17 03:05:31'),(135,1,137,'2013-11-17 03:05:45','2013-11-17 03:05:45'),(136,4,138,'2013-11-17 03:05:52','2013-11-17 03:05:52'),(137,4,139,'2013-11-17 03:06:26','2013-11-17 03:06:26'),(138,4,140,'2013-11-17 03:06:32','2013-11-17 03:06:32'),(139,1,141,'2013-11-17 03:06:54','2013-11-17 03:06:54'),(140,12,142,'2013-11-17 03:07:18','2013-11-17 03:07:18'),(141,12,143,'2013-11-17 03:07:55','2013-11-17 03:07:55'),(142,1,144,'2013-11-17 03:08:02','2013-11-17 03:08:02'),(143,4,145,'2013-11-17 03:08:18','2013-11-17 03:08:18'),(144,4,146,'2013-11-17 03:08:23','2013-11-17 03:08:23'),(145,12,147,'2013-11-17 03:08:38','2013-11-17 03:08:38'),(146,1,148,'2013-11-17 03:08:59','2013-11-17 03:08:59'),(147,4,149,'2013-11-17 03:09:15','2013-11-17 03:09:15'),(148,12,150,'2013-11-17 03:09:16','2013-11-17 03:09:16'),(149,4,151,'2013-11-17 03:09:33','2013-11-17 03:09:33'),(150,12,152,'2013-11-17 03:09:51','2013-11-17 03:09:51'),(151,4,153,'2013-11-17 03:10:07','2013-11-17 03:10:07'),(152,1,154,'2013-11-17 03:10:10','2013-11-17 03:10:10'),(153,12,155,'2013-11-17 03:10:20','2013-11-17 03:10:20'),(154,12,156,'2013-11-17 03:11:04','2013-11-17 03:11:04'),(155,4,157,'2013-11-17 03:11:10','2013-11-17 03:11:10'),(156,12,158,'2013-11-17 03:11:37','2013-11-17 03:11:37'),(157,1,159,'2013-11-17 03:11:50','2013-11-17 03:11:50'),(158,1,160,'2013-11-17 03:12:01','2013-11-17 03:12:01'),(159,12,161,'2013-11-17 03:12:17','2013-11-17 03:12:17'),(160,1,162,'2013-11-17 03:12:41','2013-11-17 03:12:41'),(161,1,163,'2013-11-17 03:12:47','2013-11-17 03:12:47'),(162,12,164,'2013-11-17 03:12:56','2013-11-17 03:12:56'),(163,1,165,'2013-11-17 03:13:35','2013-11-17 03:13:35'),(164,4,166,'2013-11-17 03:14:21','2013-11-17 03:14:21'),(165,1,167,'2013-11-17 03:14:33','2013-11-17 03:14:33'),(166,12,168,'2013-11-17 03:14:49','2013-11-17 03:14:49'),(167,1,169,'2013-11-17 03:15:30','2013-11-17 03:15:30'),(168,4,170,'2013-11-17 03:15:31','2013-11-17 03:15:31'),(169,1,171,'2013-11-17 03:15:37','2013-11-17 03:15:37'),(170,12,172,'2013-11-17 03:15:42','2013-11-17 03:15:42'),(171,4,173,'2013-11-17 03:15:53','2013-11-17 03:15:53'),(172,1,174,'2013-11-17 03:16:03','2013-11-17 03:16:03'),(173,4,175,'2013-11-17 03:16:24','2013-11-17 03:16:24'),(174,4,176,'2013-11-17 03:16:35','2013-11-17 03:16:35'),(175,1,177,'2013-11-17 03:16:35','2013-11-17 03:16:35'),(176,1,178,'2013-11-17 03:16:50','2013-11-17 03:16:50'),(177,12,179,'2013-11-17 03:16:57','2013-11-17 03:16:57'),(178,4,180,'2013-11-17 03:17:10','2013-11-17 03:17:10'),(179,1,181,'2013-11-17 03:17:11','2013-11-17 03:17:11'),(180,4,182,'2013-11-17 03:17:15','2013-11-17 03:17:15'),(181,1,183,'2013-11-17 03:17:37','2013-11-17 03:17:37'),(182,1,184,'2013-11-17 03:17:44','2013-11-17 03:17:44'),(183,12,185,'2013-11-17 03:17:47','2013-11-17 03:17:47'),(184,4,186,'2013-11-17 03:18:02','2013-11-17 03:18:02'),(185,1,187,'2013-11-17 03:18:26','2013-11-17 03:18:26'),(186,12,188,'2013-11-17 03:18:27','2013-11-17 03:18:27'),(187,1,189,'2013-11-17 03:18:28','2013-11-17 03:18:28'),(188,4,190,'2013-11-17 03:19:07','2013-11-17 03:19:07'),(189,1,191,'2013-11-17 03:19:10','2013-11-17 03:19:10'),(190,1,192,'2013-11-17 03:19:16','2013-11-17 03:19:16'),(191,4,193,'2013-11-17 03:19:17','2013-11-17 03:19:17'),(192,12,194,'2013-11-17 03:19:37','2013-11-17 03:19:37'),(193,1,195,'2013-11-17 03:19:49','2013-11-17 03:19:49'),(194,1,196,'2013-11-17 03:19:53','2013-11-17 03:19:53'),(195,4,197,'2013-11-17 03:19:56','2013-11-17 03:19:56'),(196,4,198,'2013-11-17 03:20:01','2013-11-17 03:20:01'),(197,1,199,'2013-11-17 03:20:22','2013-11-17 03:20:22'),(198,12,200,'2013-11-17 03:20:38','2013-11-17 03:20:38'),(199,4,201,'2013-11-17 03:20:43','2013-11-17 03:20:43'),(200,4,202,'2013-11-17 03:20:43','2013-11-17 03:20:43'),(201,1,203,'2013-11-17 03:20:52','2013-11-17 03:20:52'),(202,4,204,'2013-11-17 03:21:21','2013-11-17 03:21:21'),(203,12,205,'2013-11-17 03:21:28','2013-11-17 03:21:28'),(204,12,206,'2013-11-17 03:21:45','2013-11-17 03:21:45'),(205,4,207,'2013-11-17 03:21:48','2013-11-17 03:21:48'),(206,4,208,'2013-11-17 03:22:00','2013-11-17 03:22:00'),(207,12,209,'2013-11-17 03:22:04','2013-11-17 03:22:04'),(208,12,210,'2013-11-17 03:22:47','2013-11-17 03:22:47'),(209,12,211,'2013-11-17 03:22:51','2013-11-17 03:22:51'),(210,4,212,'2013-11-17 03:23:04','2013-11-17 03:23:04'),(211,4,213,'2013-11-17 03:23:15','2013-11-17 03:23:15'),(212,12,214,'2013-11-17 03:23:29','2013-11-17 03:23:29'),(213,12,215,'2013-11-17 03:23:51','2013-11-17 03:23:51'),(214,4,216,'2013-11-17 03:24:01','2013-11-17 03:24:01'),(215,4,217,'2013-11-17 03:24:20','2013-11-17 03:24:20'),(216,12,218,'2013-11-17 03:24:24','2013-11-17 03:24:24'),(217,12,219,'2013-11-17 03:25:26','2013-11-17 03:25:26'),(218,12,220,'2013-11-17 03:26:04','2013-11-17 03:26:04'),(219,12,221,'2013-11-17 03:26:24','2013-11-17 03:26:24'),(220,12,222,'2013-11-17 03:26:37','2013-11-17 03:26:37'),(221,12,223,'2013-11-17 03:27:06','2013-11-17 03:27:06'),(222,12,224,'2013-11-17 03:27:28','2013-11-17 03:27:28'),(223,12,225,'2013-11-17 03:27:34','2013-11-17 03:27:34'),(224,12,226,'2013-11-17 03:28:00','2013-11-17 03:28:00'),(225,12,227,'2013-11-17 03:28:04','2013-11-17 03:28:04'),(226,12,228,'2013-11-17 03:28:33','2013-11-17 03:28:33'),(227,12,229,'2013-11-17 03:29:06','2013-11-17 03:29:06'),(228,12,230,'2013-11-17 03:29:38','2013-11-17 03:29:38'),(229,4,231,'2013-11-17 03:29:39','2013-11-17 03:29:39'),(230,4,232,'2013-11-17 03:29:48','2013-11-17 03:29:48'),(231,4,233,'2013-11-17 03:30:04','2013-11-17 03:30:04'),(232,4,234,'2013-11-17 03:30:12','2013-11-17 03:30:12'),(233,12,235,'2013-11-17 03:30:14','2013-11-17 03:30:14'),(234,4,236,'2013-11-17 03:30:23','2013-11-17 03:30:23'),(235,4,237,'2013-11-17 03:30:31','2013-11-17 03:30:31'),(236,12,238,'2013-11-17 03:30:42','2013-11-17 03:30:42'),(237,4,239,'2013-11-17 03:30:43','2013-11-17 03:30:43'),(238,4,240,'2013-11-17 03:30:52','2013-11-17 03:30:52'),(239,4,241,'2013-11-17 03:31:04','2013-11-17 03:31:04'),(240,4,242,'2013-11-17 03:31:12','2013-11-17 03:31:12'),(241,12,243,'2013-11-17 03:31:16','2013-11-17 03:31:16'),(242,4,244,'2013-11-17 03:31:20','2013-11-17 03:31:20'),(243,4,245,'2013-11-17 03:31:51','2013-11-17 03:31:51'),(244,4,246,'2013-11-17 03:31:53','2013-11-17 03:31:53'),(245,4,247,'2013-11-17 03:32:06','2013-11-17 03:32:06'),(246,4,248,'2013-11-17 03:32:27','2013-11-17 03:32:27'),(247,4,249,'2013-11-17 03:32:33','2013-11-17 03:32:33'),(248,4,250,'2013-11-17 03:32:40','2013-11-17 03:32:40'),(249,4,251,'2013-11-17 03:32:59','2013-11-17 03:32:59'),(250,4,252,'2013-11-17 03:33:04','2013-11-17 03:33:04'),(251,4,253,'2013-11-17 03:33:10','2013-11-17 03:33:10'),(252,4,254,'2013-11-17 03:33:27','2013-11-17 03:33:27'),(253,4,255,'2013-11-17 03:33:30','2013-11-17 03:33:30'),(254,4,256,'2013-11-17 03:33:38','2013-11-17 03:33:38'),(255,4,257,'2013-11-17 03:34:03','2013-11-17 03:34:03'),(256,4,258,'2013-11-17 03:34:07','2013-11-17 03:34:07'),(257,4,259,'2013-11-17 03:34:16','2013-11-17 03:34:16'),(258,4,260,'2013-11-17 03:34:19','2013-11-17 03:34:19'),(259,4,261,'2013-11-17 03:34:45','2013-11-17 03:34:45'),(260,4,262,'2013-11-17 03:34:49','2013-11-17 03:34:49'),(261,4,263,'2013-11-17 03:34:53','2013-11-17 03:34:53'),(262,4,264,'2013-11-17 03:35:19','2013-11-17 03:35:19'),(263,4,265,'2013-11-17 03:35:30','2013-11-17 03:35:30'),(264,4,266,'2013-11-17 03:35:37','2013-11-17 03:35:37'),(265,4,267,'2013-11-17 03:35:47','2013-11-17 03:35:47'),(266,4,268,'2013-11-17 03:36:05','2013-11-17 03:36:05'),(267,4,269,'2013-11-17 03:36:19','2013-11-17 03:36:19'),(268,4,270,'2013-11-17 03:36:37','2013-11-17 03:36:37'),(269,4,271,'2013-11-17 03:36:46','2013-11-17 03:36:46'),(270,4,272,'2013-11-17 03:36:49','2013-11-17 03:36:49'),(271,4,273,'2013-11-17 03:36:56','2013-11-17 03:36:56'),(272,4,274,'2013-11-17 03:37:14','2013-11-17 03:37:14'),(273,4,275,'2013-11-17 03:37:38','2013-11-17 03:37:38'),(274,4,276,'2013-11-17 03:38:07','2013-11-17 03:38:07'),(275,4,277,'2013-11-17 03:38:43','2013-11-17 03:38:43'),(276,4,278,'2013-11-17 03:39:45','2013-11-17 03:39:45'),(277,4,279,'2013-11-17 03:41:18','2013-11-17 03:41:18'),(278,4,280,'2013-11-17 03:41:27','2013-11-17 03:41:27'),(279,4,281,'2013-11-17 03:41:40','2013-11-17 03:41:40'),(280,4,282,'2013-11-17 03:42:00','2013-11-17 03:42:00'),(281,4,283,'2013-11-17 03:42:14','2013-11-17 03:42:14'),(282,4,284,'2013-11-17 03:42:21','2013-11-17 03:42:21'),(283,4,285,'2013-11-17 03:43:02','2013-11-17 03:43:02'),(284,4,286,'2013-11-17 03:43:08','2013-11-17 03:43:08'),(285,4,287,'2013-11-17 03:43:16','2013-11-17 03:43:16'),(286,4,288,'2013-11-17 03:43:32','2013-11-17 03:43:32'),(287,4,289,'2013-11-17 03:43:45','2013-11-17 03:43:45'),(288,4,290,'2013-11-17 03:43:48','2013-11-17 03:43:48'),(289,4,291,'2013-11-17 03:43:58','2013-11-17 03:43:58'),(290,4,292,'2013-11-17 03:44:01','2013-11-17 03:44:01'),(291,4,293,'2013-11-17 03:44:12','2013-11-17 03:44:12'),(292,4,294,'2013-11-17 03:44:39','2013-11-17 03:44:39'),(293,4,295,'2013-11-17 03:44:42','2013-11-17 03:44:42'),(294,4,296,'2013-11-17 03:44:55','2013-11-17 03:44:55'),(295,4,297,'2013-11-17 03:45:21','2013-11-17 03:45:21'),(296,4,298,'2013-11-17 03:45:31','2013-11-17 03:45:31'),(297,4,299,'2013-11-17 03:45:31','2013-11-17 03:45:31'),(298,4,300,'2013-11-17 03:45:38','2013-11-17 03:45:38'),(299,4,301,'2013-11-17 03:45:58','2013-11-17 03:45:58'),(300,4,302,'2013-11-17 03:46:13','2013-11-17 03:46:13'),(301,4,303,'2013-11-17 03:46:22','2013-11-17 03:46:22'),(302,4,304,'2013-11-17 03:46:24','2013-11-17 03:46:24'),(303,4,305,'2013-11-17 03:46:28','2013-11-17 03:46:28'),(304,4,306,'2013-11-17 03:46:56','2013-11-17 03:46:56'),(305,4,307,'2013-11-17 03:47:06','2013-11-17 03:47:06'),(306,4,308,'2013-11-17 03:47:08','2013-11-17 03:47:08'),(307,4,309,'2013-11-17 03:47:10','2013-11-17 03:47:10'),(308,4,310,'2013-11-17 03:47:26','2013-11-17 03:47:26'),(309,4,311,'2013-11-17 03:47:55','2013-11-17 03:47:55'),(310,4,312,'2013-11-17 03:47:55','2013-11-17 03:47:55'),(311,4,313,'2013-11-17 03:48:01','2013-11-17 03:48:01'),(312,4,314,'2013-11-17 03:48:13','2013-11-17 03:48:13'),(313,4,315,'2013-11-17 03:48:26','2013-11-17 03:48:26'),(314,4,316,'2013-11-17 03:48:49','2013-11-17 03:48:49'),(315,4,317,'2013-11-17 03:48:53','2013-11-17 03:48:53'),(316,4,318,'2013-11-17 03:48:56','2013-11-17 03:48:56'),(317,4,319,'2013-11-17 03:48:58','2013-11-17 03:48:58'),(318,4,320,'2013-11-17 03:49:18','2013-11-17 03:49:18'),(319,4,321,'2013-11-17 03:49:43','2013-11-17 03:49:43'),(320,4,322,'2013-11-17 03:49:48','2013-11-17 03:49:48'),(321,4,323,'2013-11-17 03:49:49','2013-11-17 03:49:49'),(322,4,324,'2013-11-17 03:50:15','2013-11-17 03:50:15'),(323,4,325,'2013-11-17 03:50:43','2013-11-17 03:50:43'),(324,12,326,'2013-11-17 03:58:47','2013-11-17 03:58:47'),(325,12,327,'2013-11-17 03:59:47','2013-11-17 03:59:47'),(326,12,328,'2013-11-17 04:00:34','2013-11-17 04:00:34'),(327,4,329,'2013-11-17 04:00:53','2013-11-17 04:00:53'),(328,12,330,'2013-11-17 04:01:29','2013-11-17 04:01:29'),(329,4,331,'2013-11-17 04:01:33','2013-11-17 04:01:33'),(330,4,332,'2013-11-17 04:02:14','2013-11-17 04:02:14'),(331,4,333,'2013-11-17 04:02:47','2013-11-17 04:02:47'),(332,12,334,'2013-11-17 04:03:11','2013-11-17 04:03:11'),(333,4,335,'2013-11-17 04:03:23','2013-11-17 04:03:23'),(334,12,336,'2013-11-17 04:04:03','2013-11-17 04:04:03'),(335,4,337,'2013-11-17 04:04:11','2013-11-17 04:04:11'),(336,12,338,'2013-11-17 04:04:50','2013-11-17 04:04:50'),(337,4,339,'2013-11-17 04:04:58','2013-11-17 04:04:58'),(338,4,340,'2013-11-17 04:05:37','2013-11-17 04:05:37'),(339,12,341,'2013-11-17 04:05:43','2013-11-17 04:05:43'),(340,4,342,'2013-11-17 04:06:12','2013-11-17 04:06:12'),(341,4,343,'2013-11-17 04:06:44','2013-11-17 04:06:44'),(342,12,344,'2013-11-17 04:06:55','2013-11-17 04:06:55'),(343,12,345,'2013-11-17 04:07:34','2013-11-17 04:07:34'),(344,1,346,'2013-11-17 04:09:33','2013-11-17 04:09:33'),(345,1,347,'2013-11-17 04:10:17','2013-11-17 04:10:17'),(346,1,348,'2013-11-17 04:11:02','2013-11-17 04:11:02'),(347,1,349,'2013-11-17 04:16:19','2013-11-17 04:16:19'),(348,1,350,'2013-11-17 04:17:05','2013-11-17 04:17:05');
/*!40000 ALTER TABLE `student_center` ENABLE KEYS */;
UNLOCK TABLES;

--
-- Table structure for table `student_course`
--

DROP TABLE IF EXISTS `student_course`;
/*!40101 SET @saved_cs_client     = @@character_set_client */;
/*!40101 SET character_set_client = utf8 */;
CREATE TABLE `student_course` (
  `id` bigint(20) NOT NULL AUTO_INCREMENT,
  `student_id` bigint(20) NOT NULL,
  `instructor_id` bigint(20) NOT NULL,
  `registration_id` bigint(20) NOT NULL,
  `course_id` bigint(20) NOT NULL,
  `grade_id` bigint(20) NOT NULL,
  `is_repeated` tinyint(1) NOT NULL DEFAULT '0',
  `is_academic_repeated` tinyint(1) NOT NULL DEFAULT '0',
  `is_dropped` tinyint(1) NOT NULL DEFAULT '0',
  `is_added` tinyint(1) NOT NULL DEFAULT '0',
  `is_leftout` tinyint(1) NOT NULL DEFAULT '0',
  `remark` varchar(255) DEFAULT NULL,
  `created_at` datetime NOT NULL,
  `updated_at` datetime NOT NULL,
  PRIMARY KEY (`id`),
  KEY `grade_id_idx` (`grade_id`),
  KEY `student_id_idx` (`student_id`),
  KEY `registration_id_idx` (`registration_id`),
  KEY `instructor_id_idx` (`instructor_id`),
  KEY `course_id_idx` (`course_id`),
  CONSTRAINT `student_course_course_id_course_id` FOREIGN KEY (`course_id`) REFERENCES `course` (`id`),
  CONSTRAINT `student_course_grade_id_grade_id` FOREIGN KEY (`grade_id`) REFERENCES `grade` (`id`),
  CONSTRAINT `student_course_instructor_id_instructor_id` FOREIGN KEY (`instructor_id`) REFERENCES `instructor` (`id`),
  CONSTRAINT `student_course_registration_id_registration_id` FOREIGN KEY (`registration_id`) REFERENCES `registration` (`id`),
  CONSTRAINT `student_course_student_id_student_id` FOREIGN KEY (`student_id`) REFERENCES `student` (`id`)
) ENGINE=InnoDB DEFAULT CHARSET=latin1;
/*!40101 SET character_set_client = @saved_cs_client */;

--
-- Dumping data for table `student_course`
--

LOCK TABLES `student_course` WRITE;
/*!40000 ALTER TABLE `student_course` DISABLE KEYS */;
/*!40000 ALTER TABLE `student_course` ENABLE KEYS */;
UNLOCK TABLES;

--
-- Table structure for table `student_course_grade`
--

DROP TABLE IF EXISTS `student_course_grade`;
/*!40101 SET @saved_cs_client     = @@character_set_client */;
/*!40101 SET character_set_client = utf8 */;
CREATE TABLE `student_course_grade` (
  `id` bigint(20) NOT NULL AUTO_INCREMENT,
  `student_id` bigint(20) NOT NULL,
  `instructor_id` bigint(20) DEFAULT NULL,
  `registration_id` bigint(20) NOT NULL,
  `course_id` bigint(20) NOT NULL,
  `grade_id` bigint(20) DEFAULT NULL,
  `is_repeated` tinyint(1) NOT NULL DEFAULT '0',
  `is_academic_repeated` tinyint(1) NOT NULL DEFAULT '0',
  `is_dropped` tinyint(1) NOT NULL DEFAULT '0',
  `is_added` tinyint(1) NOT NULL DEFAULT '0',
  `is_calculated` tinyint(1) NOT NULL DEFAULT '1',
  `is_exempted` bigint(20) NOT NULL DEFAULT '0',
  `regrade_status` bigint(20) DEFAULT '0',
  `grade_status` tinyint(1) NOT NULL DEFAULT '0',
  `remark` varchar(255) DEFAULT NULL,
  `created_at` datetime NOT NULL,
  `updated_at` datetime NOT NULL,
  PRIMARY KEY (`id`),
  KEY `grade_id_idx` (`grade_id`),
  KEY `student_id_idx` (`student_id`),
  KEY `registration_id_idx` (`registration_id`),
  KEY `instructor_id_idx` (`instructor_id`),
  KEY `course_id_idx` (`course_id`),
  CONSTRAINT `student_course_grade_course_id_course_id` FOREIGN KEY (`course_id`) REFERENCES `course` (`id`),
  CONSTRAINT `student_course_grade_grade_id_grade_id` FOREIGN KEY (`grade_id`) REFERENCES `grade` (`id`),
  CONSTRAINT `student_course_grade_instructor_id_instructor_id` FOREIGN KEY (`instructor_id`) REFERENCES `instructor` (`id`),
  CONSTRAINT `student_course_grade_registration_id_registration_id` FOREIGN KEY (`registration_id`) REFERENCES `registration` (`id`) ON DELETE CASCADE,
  CONSTRAINT `student_course_grade_student_id_student_id` FOREIGN KEY (`student_id`) REFERENCES `student` (`id`)
) ENGINE=InnoDB AUTO_INCREMENT=805 DEFAULT CHARSET=latin1;
/*!40101 SET character_set_client = @saved_cs_client */;

--
-- Dumping data for table `student_course_grade`
--

LOCK TABLES `student_course_grade` WRITE;
/*!40000 ALTER TABLE `student_course_grade` DISABLE KEYS */;
INSERT INTO `student_course_grade` VALUES (1,173,NULL,1,6,13,0,0,0,0,1,0,0,1,NULL,'2013-11-17 04:09:10','2013-11-17 06:32:16'),(2,173,NULL,1,12,11,0,0,0,0,1,0,0,1,NULL,'2013-11-17 04:09:10','2013-11-17 06:33:27'),(3,173,NULL,1,17,11,0,0,0,0,1,0,0,1,NULL,'2013-11-17 04:09:10','2013-11-17 06:35:14'),(4,173,NULL,1,201,11,0,0,0,0,1,0,0,1,NULL,'2013-11-17 04:09:10','2013-11-17 06:36:08'),(5,173,NULL,1,228,11,0,0,0,0,1,0,0,1,NULL,'2013-11-17 04:09:10','2013-11-17 06:37:02'),(6,176,NULL,2,6,10,0,0,0,0,1,0,0,1,NULL,'2013-11-17 04:09:10','2013-11-17 06:32:16'),(7,176,NULL,2,12,11,0,0,0,0,1,0,0,1,NULL,'2013-11-17 04:09:10','2013-11-17 06:33:27'),(8,176,NULL,2,17,11,0,0,0,0,1,0,0,1,NULL,'2013-11-17 04:09:10','2013-11-17 06:35:14'),(9,176,NULL,2,201,11,0,0,0,0,1,0,0,1,NULL,'2013-11-17 04:09:10','2013-11-17 06:36:08'),(10,176,NULL,2,228,11,0,0,0,0,1,0,0,1,NULL,'2013-11-17 04:09:10','2013-11-17 06:37:02'),(11,180,NULL,3,6,11,0,0,0,0,1,0,0,1,NULL,'2013-11-17 04:09:10','2013-11-17 06:32:16'),(12,180,NULL,3,12,8,0,0,0,0,1,0,0,1,NULL,'2013-11-17 04:09:10','2013-11-17 06:33:27'),(13,180,NULL,3,17,11,0,0,0,0,1,0,0,1,NULL,'2013-11-17 04:09:10','2013-11-17 06:35:14'),(14,180,NULL,3,201,8,0,0,0,0,1,0,0,1,NULL,'2013-11-17 04:09:10','2013-11-17 06:36:08'),(15,180,NULL,3,228,8,0,0,0,0,1,0,0,1,NULL,'2013-11-17 04:09:10','2013-11-17 06:37:02'),(16,193,NULL,4,6,8,0,0,0,0,1,0,0,1,NULL,'2013-11-17 04:09:10','2013-11-17 06:32:16'),(17,193,NULL,4,12,3,0,0,0,0,1,0,0,1,NULL,'2013-11-17 04:09:10','2013-11-17 06:33:27'),(18,193,NULL,4,17,8,0,0,0,0,1,0,0,1,NULL,'2013-11-17 04:09:10','2013-11-17 06:35:14'),(19,193,NULL,4,201,5,0,0,0,0,1,0,0,1,NULL,'2013-11-17 04:09:10','2013-11-17 06:36:09'),(20,193,NULL,4,228,5,0,0,0,0,1,0,0,1,NULL,'2013-11-17 04:09:10','2013-11-17 06:37:02'),(21,198,NULL,5,6,7,0,0,0,0,1,0,0,1,NULL,'2013-11-17 04:09:10','2013-11-17 06:32:16'),(22,198,NULL,5,12,7,0,0,0,0,1,0,0,1,NULL,'2013-11-17 04:09:11','2013-11-17 06:33:27'),(23,198,NULL,5,17,2,0,0,0,0,1,0,0,1,NULL,'2013-11-17 04:09:11','2013-11-17 06:35:14'),(24,198,NULL,5,201,8,0,0,0,0,1,0,0,1,NULL,'2013-11-17 04:09:11','2013-11-17 06:36:09'),(25,198,NULL,5,228,13,0,0,0,0,1,0,0,1,NULL,'2013-11-17 04:09:11','2013-11-17 06:37:02'),(26,201,NULL,6,6,4,0,0,0,0,1,0,0,1,NULL,'2013-11-17 04:09:11','2013-11-17 06:32:16'),(27,201,NULL,6,12,2,0,0,0,0,1,0,0,1,NULL,'2013-11-17 04:09:11','2013-11-17 06:33:27'),(28,201,NULL,6,17,6,0,0,0,0,1,0,0,1,NULL,'2013-11-17 04:09:11','2013-11-17 06:35:15'),(29,201,NULL,6,201,9,0,0,0,0,1,0,0,1,NULL,'2013-11-17 04:09:11','2013-11-17 06:36:09'),(30,201,NULL,6,228,8,0,0,0,0,1,0,0,1,NULL,'2013-11-17 04:09:11','2013-11-17 06:37:02'),(31,204,NULL,7,6,3,0,0,0,0,1,0,0,1,NULL,'2013-11-17 04:09:11','2013-11-17 06:32:16'),(32,204,NULL,7,12,7,0,0,0,0,1,0,0,1,NULL,'2013-11-17 04:09:11','2013-11-17 06:33:27'),(33,204,NULL,7,17,3,0,0,0,0,1,0,0,1,NULL,'2013-11-17 04:09:11','2013-11-17 06:35:15'),(34,204,NULL,7,201,7,0,0,0,0,1,0,0,1,NULL,'2013-11-17 04:09:11','2013-11-17 06:36:09'),(35,204,NULL,7,228,12,0,0,0,0,1,0,0,1,NULL,'2013-11-17 04:09:11','2013-11-17 06:37:02'),(36,208,NULL,8,6,11,0,0,0,0,1,0,0,1,NULL,'2013-11-17 04:09:11','2013-11-17 06:32:17'),(37,208,NULL,8,12,5,0,0,0,0,1,0,0,1,NULL,'2013-11-17 04:09:11','2013-11-17 06:33:27'),(38,208,NULL,8,17,4,0,0,0,0,1,0,0,1,NULL,'2013-11-17 04:09:11','2013-11-17 06:35:15'),(39,208,NULL,8,201,10,0,0,0,0,1,0,0,1,NULL,'2013-11-17 04:09:11','2013-11-17 06:36:09'),(40,208,NULL,8,228,11,0,0,0,0,1,0,0,1,NULL,'2013-11-17 04:09:11','2013-11-17 06:37:02'),(41,213,NULL,9,6,5,0,0,0,0,1,0,0,1,NULL,'2013-11-17 04:09:11','2013-11-17 06:32:17'),(42,213,NULL,9,12,8,0,0,0,0,1,0,0,1,NULL,'2013-11-17 04:09:11','2013-11-17 06:33:27'),(43,213,NULL,9,17,1,0,0,0,0,1,0,0,1,NULL,'2013-11-17 04:09:11','2013-11-17 06:35:15'),(44,213,NULL,9,201,6,0,0,0,0,1,0,0,1,NULL,'2013-11-17 04:09:11','2013-11-17 06:36:09'),(45,213,NULL,9,228,5,0,0,0,0,1,0,0,1,NULL,'2013-11-17 04:09:11','2013-11-17 06:37:02'),(46,216,NULL,10,6,6,0,0,0,0,1,0,0,1,NULL,'2013-11-17 04:09:11','2013-11-17 06:32:17'),(47,216,NULL,10,12,3,0,0,0,0,1,0,0,1,NULL,'2013-11-17 04:09:11','2013-11-17 06:33:27'),(48,216,NULL,10,17,2,0,0,0,0,1,0,0,1,NULL,'2013-11-17 04:09:11','2013-11-17 06:35:15'),(49,216,NULL,10,201,8,0,0,0,0,1,0,0,1,NULL,'2013-11-17 04:09:11','2013-11-17 06:36:09'),(50,216,NULL,10,228,8,0,0,0,0,1,0,0,1,NULL,'2013-11-17 04:09:11','2013-11-17 06:37:02'),(51,104,NULL,11,5,4,0,0,0,0,1,0,0,1,NULL,'2013-11-17 04:10:10','2013-11-17 06:30:47'),(52,104,NULL,11,18,3,0,0,0,0,1,0,0,1,NULL,'2013-11-17 04:10:10','2013-11-17 06:32:26'),(53,104,NULL,11,24,2,0,0,0,0,1,0,0,1,NULL,'2013-11-17 04:10:10','2013-11-17 06:34:00'),(54,104,NULL,11,28,8,0,0,0,0,1,0,0,1,NULL,'2013-11-17 04:10:10','2013-11-17 06:36:38'),(55,104,NULL,11,80,NULL,0,0,0,0,1,0,0,0,NULL,'2013-11-17 04:10:10','2013-11-17 04:10:10'),(56,104,NULL,11,9,NULL,0,0,0,0,1,0,0,0,NULL,'2013-11-17 04:10:10','2013-11-17 04:10:10'),(57,104,NULL,11,128,NULL,0,0,0,0,1,0,0,0,NULL,'2013-11-17 04:10:10','2013-11-17 04:10:10'),(58,107,NULL,12,5,5,0,0,0,0,1,0,0,1,NULL,'2013-11-17 04:10:10','2013-11-17 06:30:47'),(59,107,NULL,12,18,4,0,0,0,0,1,0,0,1,NULL,'2013-11-17 04:10:10','2013-11-17 06:32:26'),(60,107,NULL,12,24,1,0,0,0,0,1,0,0,1,NULL,'2013-11-17 04:10:10','2013-11-17 06:34:01'),(61,107,NULL,12,28,2,0,0,0,0,1,0,0,1,NULL,'2013-11-17 04:10:10','2013-11-17 06:36:38'),(62,107,NULL,12,80,NULL,0,0,0,0,1,0,0,0,NULL,'2013-11-17 04:10:10','2013-11-17 04:10:10'),(63,107,NULL,12,9,NULL,0,0,0,0,1,0,0,0,NULL,'2013-11-17 04:10:10','2013-11-17 04:10:10'),(64,107,NULL,12,128,NULL,0,0,0,0,1,0,0,0,NULL,'2013-11-17 04:10:11','2013-11-17 04:10:11'),(65,115,NULL,13,5,9,0,0,0,0,1,0,0,1,NULL,'2013-11-17 04:10:11','2013-11-17 06:30:47'),(66,115,NULL,13,18,8,0,0,0,0,1,0,0,1,NULL,'2013-11-17 04:10:11','2013-11-17 06:32:26'),(67,115,NULL,13,24,10,0,0,0,0,1,0,0,1,NULL,'2013-11-17 04:10:11','2013-11-17 06:34:01'),(68,115,NULL,13,28,7,0,0,0,0,1,0,0,1,NULL,'2013-11-17 04:10:11','2013-11-17 06:36:38'),(69,115,NULL,13,80,NULL,0,0,0,0,1,0,0,0,NULL,'2013-11-17 04:10:11','2013-11-17 04:10:11'),(70,115,NULL,13,9,NULL,0,0,0,0,1,0,0,0,NULL,'2013-11-17 04:10:11','2013-11-17 04:10:11'),(71,115,NULL,13,128,NULL,0,0,0,0,1,0,0,0,NULL,'2013-11-17 04:10:11','2013-11-17 04:10:11'),(72,120,NULL,14,5,2,0,0,0,0,1,0,0,1,NULL,'2013-11-17 04:10:11','2013-11-17 06:30:47'),(73,120,NULL,14,18,5,0,0,0,0,1,0,0,1,NULL,'2013-11-17 04:10:11','2013-11-17 06:32:26'),(74,120,NULL,14,24,4,0,0,0,0,1,0,0,1,NULL,'2013-11-17 04:10:11','2013-11-17 06:34:01'),(75,120,NULL,14,28,2,0,0,0,0,1,0,0,1,NULL,'2013-11-17 04:10:11','2013-11-17 06:36:38'),(76,120,NULL,14,80,NULL,0,0,0,0,1,0,0,0,NULL,'2013-11-17 04:10:11','2013-11-17 04:10:11'),(77,120,NULL,14,9,NULL,0,0,0,0,1,0,0,0,NULL,'2013-11-17 04:10:11','2013-11-17 04:10:11'),(78,120,NULL,14,128,NULL,0,0,0,0,1,0,0,0,NULL,'2013-11-17 04:10:11','2013-11-17 04:10:11'),(79,126,NULL,15,5,7,0,0,0,0,1,0,0,1,NULL,'2013-11-17 04:10:11','2013-11-17 06:30:47'),(80,126,NULL,15,18,5,0,0,0,0,1,0,0,1,NULL,'2013-11-17 04:10:11','2013-11-17 06:32:26'),(81,126,NULL,15,24,3,0,0,0,0,1,0,0,1,NULL,'2013-11-17 04:10:11','2013-11-17 06:34:01'),(82,126,NULL,15,28,6,0,0,0,0,1,0,0,1,NULL,'2013-11-17 04:10:11','2013-11-17 06:36:38'),(83,126,NULL,15,80,NULL,0,0,0,0,1,0,0,0,NULL,'2013-11-17 04:10:11','2013-11-17 04:10:11'),(84,126,NULL,15,9,NULL,0,0,0,0,1,0,0,0,NULL,'2013-11-17 04:10:11','2013-11-17 04:10:11'),(85,126,NULL,15,128,NULL,0,0,0,0,1,0,0,0,NULL,'2013-11-17 04:10:11','2013-11-17 04:10:11'),(86,134,NULL,16,5,6,0,0,0,0,1,0,0,1,NULL,'2013-11-17 04:10:11','2013-11-17 06:30:47'),(87,134,NULL,16,18,1,0,0,0,0,1,0,0,1,NULL,'2013-11-17 04:10:11','2013-11-17 06:32:26'),(88,134,NULL,16,24,4,0,0,0,0,1,0,0,1,NULL,'2013-11-17 04:10:11','2013-11-17 06:34:01'),(89,134,NULL,16,28,4,0,0,0,0,1,0,0,1,NULL,'2013-11-17 04:10:11','2013-11-17 06:36:38'),(90,134,NULL,16,80,NULL,0,0,0,0,1,0,0,0,NULL,'2013-11-17 04:10:11','2013-11-17 04:10:11'),(91,134,NULL,16,9,NULL,0,0,0,0,1,0,0,0,NULL,'2013-11-17 04:10:11','2013-11-17 04:10:11'),(92,134,NULL,16,128,NULL,0,0,0,0,1,0,0,0,NULL,'2013-11-17 04:10:11','2013-11-17 04:10:11'),(93,139,NULL,17,5,1,0,0,0,0,1,0,0,1,NULL,'2013-11-17 04:10:11','2013-11-17 06:30:47'),(94,139,NULL,17,18,4,0,0,0,0,1,0,0,1,NULL,'2013-11-17 04:10:11','2013-11-17 06:32:27'),(95,139,NULL,17,24,5,0,0,0,0,1,0,0,1,NULL,'2013-11-17 04:10:11','2013-11-17 06:34:01'),(96,139,NULL,17,28,2,0,0,0,0,1,0,0,1,NULL,'2013-11-17 04:10:11','2013-11-17 06:36:38'),(97,139,NULL,17,80,NULL,0,0,0,0,1,0,0,0,NULL,'2013-11-17 04:10:11','2013-11-17 04:10:11'),(98,139,NULL,17,9,NULL,0,0,0,0,1,0,0,0,NULL,'2013-11-17 04:10:11','2013-11-17 04:10:11'),(99,139,NULL,17,128,NULL,0,0,0,0,1,0,0,0,NULL,'2013-11-17 04:10:11','2013-11-17 04:10:11'),(100,146,NULL,18,5,4,0,0,0,0,1,0,0,1,NULL,'2013-11-17 04:10:11','2013-11-17 06:30:47'),(101,146,NULL,18,18,3,0,0,0,0,1,0,0,1,NULL,'2013-11-17 04:10:12','2013-11-17 06:32:27'),(102,146,NULL,18,24,2,0,0,0,0,1,0,0,1,NULL,'2013-11-17 04:10:12','2013-11-17 06:34:01'),(103,146,NULL,18,28,5,0,0,0,0,1,0,0,1,NULL,'2013-11-17 04:10:12','2013-11-17 06:36:38'),(104,146,NULL,18,80,NULL,0,0,0,0,1,0,0,0,NULL,'2013-11-17 04:10:12','2013-11-17 04:10:12'),(105,146,NULL,18,9,NULL,0,0,0,0,1,0,0,0,NULL,'2013-11-17 04:10:12','2013-11-17 04:10:12'),(106,146,NULL,18,128,NULL,0,0,0,0,1,0,0,0,NULL,'2013-11-17 04:10:12','2013-11-17 04:10:12'),(107,151,NULL,19,5,12,0,0,0,0,1,0,0,1,NULL,'2013-11-17 04:10:12','2013-11-17 06:30:47'),(108,151,NULL,19,18,13,0,0,0,0,1,0,0,1,NULL,'2013-11-17 04:10:12','2013-11-17 06:32:27'),(109,151,NULL,19,24,12,0,0,0,0,1,0,0,1,NULL,'2013-11-17 04:10:12','2013-11-17 06:34:01'),(110,151,NULL,19,28,12,0,0,0,0,1,0,0,1,NULL,'2013-11-17 04:10:12','2013-11-17 06:36:38'),(111,151,NULL,19,80,NULL,0,0,0,0,1,0,0,0,NULL,'2013-11-17 04:10:12','2013-11-17 04:10:12'),(112,151,NULL,19,9,NULL,0,0,0,0,1,0,0,0,NULL,'2013-11-17 04:10:12','2013-11-17 04:10:12'),(113,151,NULL,19,128,NULL,0,0,0,0,1,0,0,0,NULL,'2013-11-17 04:10:12','2013-11-17 04:10:12'),(114,157,NULL,20,5,3,0,0,0,0,1,0,0,1,NULL,'2013-11-17 04:10:12','2013-11-17 06:30:47'),(115,157,NULL,20,18,4,0,0,0,0,1,0,0,1,NULL,'2013-11-17 04:10:12','2013-11-17 06:32:27'),(116,157,NULL,20,24,5,0,0,0,0,1,0,0,1,NULL,'2013-11-17 04:10:12','2013-11-17 06:34:01'),(117,157,NULL,20,28,5,0,0,0,0,1,0,0,1,NULL,'2013-11-17 04:10:12','2013-11-17 06:36:38'),(118,157,NULL,20,80,NULL,0,0,0,0,1,0,0,0,NULL,'2013-11-17 04:10:12','2013-11-17 04:10:12'),(119,157,NULL,20,9,NULL,0,0,0,0,1,0,0,0,NULL,'2013-11-17 04:10:12','2013-11-17 04:10:12'),(120,157,NULL,20,128,NULL,0,0,0,0,1,0,0,0,NULL,'2013-11-17 04:10:12','2013-11-17 04:10:12'),(121,233,NULL,21,5,11,0,0,0,0,1,0,0,1,NULL,'2013-11-17 04:10:12','2013-11-17 06:30:47'),(122,233,NULL,21,18,10,0,0,0,0,1,0,0,1,NULL,'2013-11-17 04:10:12','2013-11-17 06:32:27'),(123,233,NULL,21,24,9,0,0,0,0,1,0,0,1,NULL,'2013-11-17 04:10:12','2013-11-17 06:34:01'),(124,233,NULL,21,28,11,0,0,0,0,1,0,0,1,NULL,'2013-11-17 04:10:12','2013-11-17 06:36:39'),(125,233,NULL,21,80,NULL,0,0,0,0,1,0,0,0,NULL,'2013-11-17 04:10:12','2013-11-17 04:10:12'),(126,233,NULL,21,9,NULL,0,0,0,0,1,0,0,0,NULL,'2013-11-17 04:10:12','2013-11-17 04:10:12'),(127,233,NULL,21,128,NULL,0,0,0,0,1,0,0,0,NULL,'2013-11-17 04:10:12','2013-11-17 04:10:12'),(128,240,NULL,22,5,2,0,0,0,0,1,0,0,1,NULL,'2013-11-17 04:10:12','2013-11-17 06:30:47'),(129,240,NULL,22,18,7,0,0,0,0,1,0,0,1,NULL,'2013-11-17 04:10:12','2013-11-17 06:32:27'),(130,240,NULL,22,24,3,0,0,0,0,1,0,0,1,NULL,'2013-11-17 04:10:12','2013-11-17 06:34:01'),(131,240,NULL,22,28,4,0,0,0,0,1,0,0,1,NULL,'2013-11-17 04:10:12','2013-11-17 06:36:39'),(132,240,NULL,22,80,NULL,0,0,0,0,1,0,0,0,NULL,'2013-11-17 04:10:12','2013-11-17 04:10:12'),(133,240,NULL,22,9,NULL,0,0,0,0,1,0,0,0,NULL,'2013-11-17 04:10:12','2013-11-17 04:10:12'),(134,240,NULL,22,128,NULL,0,0,0,0,1,0,0,0,NULL,'2013-11-17 04:10:12','2013-11-17 04:10:12'),(135,105,NULL,23,6,NULL,0,0,0,0,1,0,0,0,NULL,'2013-11-17 04:10:46','2013-11-17 04:10:46'),(136,105,NULL,23,17,NULL,0,0,0,0,1,0,0,0,NULL,'2013-11-17 04:10:46','2013-11-17 04:10:46'),(137,105,NULL,23,201,NULL,0,0,0,0,1,0,0,0,NULL,'2013-11-17 04:10:46','2013-11-17 04:10:46'),(138,105,NULL,23,228,NULL,0,0,0,0,1,0,0,0,NULL,'2013-11-17 04:10:46','2013-11-17 04:10:46'),(139,109,NULL,24,6,NULL,0,0,0,0,1,0,0,0,NULL,'2013-11-17 04:10:46','2013-11-17 04:10:46'),(140,109,NULL,24,17,NULL,0,0,0,0,1,0,0,0,NULL,'2013-11-17 04:10:46','2013-11-17 04:10:46'),(141,109,NULL,24,201,NULL,0,0,0,0,1,0,0,0,NULL,'2013-11-17 04:10:46','2013-11-17 04:10:46'),(142,109,NULL,24,228,NULL,0,0,0,0,1,0,0,0,NULL,'2013-11-17 04:10:46','2013-11-17 04:10:46'),(143,112,NULL,25,6,NULL,0,0,0,0,1,0,0,0,NULL,'2013-11-17 04:10:46','2013-11-17 04:10:46'),(144,112,NULL,25,17,NULL,0,0,0,0,1,0,0,0,NULL,'2013-11-17 04:10:46','2013-11-17 04:10:46'),(145,112,NULL,25,201,NULL,0,0,0,0,1,0,0,0,NULL,'2013-11-17 04:10:46','2013-11-17 04:10:46'),(146,112,NULL,25,228,NULL,0,0,0,0,1,0,0,0,NULL,'2013-11-17 04:10:46','2013-11-17 04:10:46'),(147,117,NULL,26,6,NULL,0,0,0,0,1,0,0,0,NULL,'2013-11-17 04:10:46','2013-11-17 04:10:46'),(148,117,NULL,26,17,NULL,0,0,0,0,1,0,0,0,NULL,'2013-11-17 04:10:46','2013-11-17 04:10:46'),(149,117,NULL,26,201,NULL,0,0,0,0,1,0,0,0,NULL,'2013-11-17 04:10:46','2013-11-17 04:10:46'),(150,117,NULL,26,228,NULL,0,0,0,0,1,0,0,0,NULL,'2013-11-17 04:10:46','2013-11-17 04:10:46'),(151,119,NULL,27,6,NULL,0,0,0,0,1,0,0,0,NULL,'2013-11-17 04:10:46','2013-11-17 04:10:46'),(152,119,NULL,27,17,NULL,0,0,0,0,1,0,0,0,NULL,'2013-11-17 04:10:46','2013-11-17 04:10:46'),(153,119,NULL,27,201,NULL,0,0,0,0,1,0,0,0,NULL,'2013-11-17 04:10:46','2013-11-17 04:10:46'),(154,119,NULL,27,228,NULL,0,0,0,0,1,0,0,0,NULL,'2013-11-17 04:10:46','2013-11-17 04:10:46'),(155,121,NULL,28,6,NULL,0,0,0,0,1,0,0,0,NULL,'2013-11-17 04:10:46','2013-11-17 04:10:46'),(156,121,NULL,28,17,NULL,0,0,0,0,1,0,0,0,NULL,'2013-11-17 04:10:46','2013-11-17 04:10:46'),(157,121,NULL,28,201,NULL,0,0,0,0,1,0,0,0,NULL,'2013-11-17 04:10:46','2013-11-17 04:10:46'),(158,121,NULL,28,228,NULL,0,0,0,0,1,0,0,0,NULL,'2013-11-17 04:10:46','2013-11-17 04:10:46'),(159,124,NULL,29,6,NULL,0,0,0,0,1,0,0,0,NULL,'2013-11-17 04:10:47','2013-11-17 04:10:47'),(160,124,NULL,29,17,NULL,0,0,0,0,1,0,0,0,NULL,'2013-11-17 04:10:47','2013-11-17 04:10:47'),(161,124,NULL,29,201,NULL,0,0,0,0,1,0,0,0,NULL,'2013-11-17 04:10:47','2013-11-17 04:10:47'),(162,124,NULL,29,228,NULL,0,0,0,0,1,0,0,0,NULL,'2013-11-17 04:10:47','2013-11-17 04:10:47'),(163,128,NULL,30,6,NULL,0,0,0,0,1,0,0,0,NULL,'2013-11-17 04:10:47','2013-11-17 04:10:47'),(164,128,NULL,30,17,NULL,0,0,0,0,1,0,0,0,NULL,'2013-11-17 04:10:47','2013-11-17 04:10:47'),(165,128,NULL,30,201,NULL,0,0,0,0,1,0,0,0,NULL,'2013-11-17 04:10:47','2013-11-17 04:10:47'),(166,128,NULL,30,228,NULL,0,0,0,0,1,0,0,0,NULL,'2013-11-17 04:10:47','2013-11-17 04:10:47'),(167,131,NULL,31,6,NULL,0,0,0,0,1,0,0,0,NULL,'2013-11-17 04:10:47','2013-11-17 04:10:47'),(168,131,NULL,31,17,NULL,0,0,0,0,1,0,0,0,NULL,'2013-11-17 04:10:47','2013-11-17 04:10:47'),(169,131,NULL,31,201,NULL,0,0,0,0,1,0,0,0,NULL,'2013-11-17 04:10:47','2013-11-17 04:10:47'),(170,131,NULL,31,228,NULL,0,0,0,0,1,0,0,0,NULL,'2013-11-17 04:10:47','2013-11-17 04:10:47'),(171,135,NULL,32,6,NULL,0,0,0,0,1,0,0,0,NULL,'2013-11-17 04:10:47','2013-11-17 04:10:47'),(172,135,NULL,32,17,NULL,0,0,0,0,1,0,0,0,NULL,'2013-11-17 04:10:47','2013-11-17 04:10:47'),(173,135,NULL,32,201,NULL,0,0,0,0,1,0,0,0,NULL,'2013-11-17 04:10:47','2013-11-17 04:10:47'),(174,135,NULL,32,228,NULL,0,0,0,0,1,0,0,0,NULL,'2013-11-17 04:10:47','2013-11-17 04:10:47'),(175,138,NULL,33,6,NULL,0,0,0,0,1,0,0,0,NULL,'2013-11-17 04:10:47','2013-11-17 04:10:47'),(176,138,NULL,33,17,NULL,0,0,0,0,1,0,0,0,NULL,'2013-11-17 04:10:47','2013-11-17 04:10:47'),(177,138,NULL,33,201,NULL,0,0,0,0,1,0,0,0,NULL,'2013-11-17 04:10:47','2013-11-17 04:10:47'),(178,138,NULL,33,228,NULL,0,0,0,0,1,0,0,0,NULL,'2013-11-17 04:10:47','2013-11-17 04:10:47'),(179,140,NULL,34,6,NULL,0,0,0,0,1,0,0,0,NULL,'2013-11-17 04:10:47','2013-11-17 04:10:47'),(180,140,NULL,34,17,NULL,0,0,0,0,1,0,0,0,NULL,'2013-11-17 04:10:47','2013-11-17 04:10:47'),(181,140,NULL,34,201,NULL,0,0,0,0,1,0,0,0,NULL,'2013-11-17 04:10:47','2013-11-17 04:10:47'),(182,140,NULL,34,228,NULL,0,0,0,0,1,0,0,0,NULL,'2013-11-17 04:10:47','2013-11-17 04:10:47'),(183,145,NULL,35,6,NULL,0,0,0,0,1,0,0,0,NULL,'2013-11-17 04:10:47','2013-11-17 04:10:47'),(184,145,NULL,35,17,NULL,0,0,0,0,1,0,0,0,NULL,'2013-11-17 04:10:47','2013-11-17 04:10:47'),(185,145,NULL,35,201,NULL,0,0,0,0,1,0,0,0,NULL,'2013-11-17 04:10:47','2013-11-17 04:10:47'),(186,145,NULL,35,228,NULL,0,0,0,0,1,0,0,0,NULL,'2013-11-17 04:10:47','2013-11-17 04:10:47'),(187,149,NULL,36,6,NULL,0,0,0,0,1,0,0,0,NULL,'2013-11-17 04:10:47','2013-11-17 04:10:47'),(188,149,NULL,36,17,NULL,0,0,0,0,1,0,0,0,NULL,'2013-11-17 04:10:47','2013-11-17 04:10:47'),(189,149,NULL,36,201,NULL,0,0,0,0,1,0,0,0,NULL,'2013-11-17 04:10:47','2013-11-17 04:10:47'),(190,149,NULL,36,228,NULL,0,0,0,0,1,0,0,0,NULL,'2013-11-17 04:10:47','2013-11-17 04:10:47'),(191,153,NULL,37,6,NULL,0,0,0,0,1,0,0,0,NULL,'2013-11-17 04:10:47','2013-11-17 04:10:47'),(192,153,NULL,37,17,NULL,0,0,0,0,1,0,0,0,NULL,'2013-11-17 04:10:47','2013-11-17 04:10:47'),(193,153,NULL,37,201,NULL,0,0,0,0,1,0,0,0,NULL,'2013-11-17 04:10:47','2013-11-17 04:10:47'),(194,153,NULL,37,228,NULL,0,0,0,0,1,0,0,0,NULL,'2013-11-17 04:10:47','2013-11-17 04:10:47'),(195,171,NULL,38,1,NULL,0,0,0,0,1,0,0,0,NULL,'2013-11-17 04:12:44','2013-11-17 04:12:44'),(196,171,NULL,38,2,NULL,0,0,0,0,1,0,0,0,NULL,'2013-11-17 04:12:44','2013-11-17 04:12:44'),(197,171,NULL,38,3,NULL,0,0,0,0,1,0,0,0,NULL,'2013-11-17 04:12:44','2013-11-17 04:12:44'),(198,171,NULL,38,4,NULL,0,0,0,0,1,0,0,0,NULL,'2013-11-17 04:12:44','2013-11-17 04:12:44'),(199,174,NULL,39,1,NULL,0,0,0,0,1,0,0,0,NULL,'2013-11-17 04:12:44','2013-11-17 04:12:44'),(200,174,NULL,39,2,NULL,0,0,0,0,1,0,0,0,NULL,'2013-11-17 04:12:44','2013-11-17 04:12:44'),(201,174,NULL,39,3,NULL,0,0,0,0,1,0,0,0,NULL,'2013-11-17 04:12:44','2013-11-17 04:12:44'),(202,174,NULL,39,4,NULL,0,0,0,0,1,0,0,0,NULL,'2013-11-17 04:12:44','2013-11-17 04:12:44'),(203,177,NULL,40,1,NULL,0,0,0,0,1,0,0,0,NULL,'2013-11-17 04:12:44','2013-11-17 04:12:44'),(204,177,NULL,40,2,NULL,0,0,0,0,1,0,0,0,NULL,'2013-11-17 04:12:44','2013-11-17 04:12:44'),(205,177,NULL,40,3,NULL,0,0,0,0,1,0,0,0,NULL,'2013-11-17 04:12:44','2013-11-17 04:12:44'),(206,177,NULL,40,4,NULL,0,0,0,0,1,0,0,0,NULL,'2013-11-17 04:12:44','2013-11-17 04:12:44'),(207,181,NULL,41,1,NULL,0,0,0,0,1,0,0,0,NULL,'2013-11-17 04:12:44','2013-11-17 04:12:44'),(208,181,NULL,41,2,NULL,0,0,0,0,1,0,0,0,NULL,'2013-11-17 04:12:44','2013-11-17 04:12:44'),(209,181,NULL,41,3,NULL,0,0,0,0,1,0,0,0,NULL,'2013-11-17 04:12:44','2013-11-17 04:12:44'),(210,181,NULL,41,4,NULL,0,0,0,0,1,0,0,0,NULL,'2013-11-17 04:12:44','2013-11-17 04:12:44'),(211,184,NULL,42,1,NULL,0,0,0,0,1,0,0,0,NULL,'2013-11-17 04:12:44','2013-11-17 04:12:44'),(212,184,NULL,42,2,NULL,0,0,0,0,1,0,0,0,NULL,'2013-11-17 04:12:44','2013-11-17 04:12:44'),(213,184,NULL,42,3,NULL,0,0,0,0,1,0,0,0,NULL,'2013-11-17 04:12:44','2013-11-17 04:12:44'),(214,184,NULL,42,4,NULL,0,0,0,0,1,0,0,0,NULL,'2013-11-17 04:12:44','2013-11-17 04:12:44'),(215,189,NULL,43,1,NULL,0,0,0,0,1,0,0,0,NULL,'2013-11-17 04:12:44','2013-11-17 04:12:44'),(216,189,NULL,43,2,NULL,0,0,0,0,1,0,0,0,NULL,'2013-11-17 04:12:44','2013-11-17 04:12:44'),(217,189,NULL,43,3,NULL,0,0,0,0,1,0,0,0,NULL,'2013-11-17 04:12:44','2013-11-17 04:12:44'),(218,189,NULL,43,4,NULL,0,0,0,0,1,0,0,0,NULL,'2013-11-17 04:12:44','2013-11-17 04:12:44'),(219,191,NULL,44,1,NULL,0,0,0,0,1,0,0,0,NULL,'2013-11-17 04:12:44','2013-11-17 04:12:44'),(220,191,NULL,44,2,NULL,0,0,0,0,1,0,0,0,NULL,'2013-11-17 04:12:44','2013-11-17 04:12:44'),(221,191,NULL,44,3,NULL,0,0,0,0,1,0,0,0,NULL,'2013-11-17 04:12:44','2013-11-17 04:12:44'),(222,191,NULL,44,4,NULL,0,0,0,0,1,0,0,0,NULL,'2013-11-17 04:12:44','2013-11-17 04:12:44'),(223,195,NULL,45,1,NULL,0,0,0,0,1,0,0,0,NULL,'2013-11-17 04:12:44','2013-11-17 04:12:44'),(224,195,NULL,45,2,NULL,0,0,0,0,1,0,0,0,NULL,'2013-11-17 04:12:44','2013-11-17 04:12:44'),(225,195,NULL,45,3,NULL,0,0,0,0,1,0,0,0,NULL,'2013-11-17 04:12:45','2013-11-17 04:12:45'),(226,195,NULL,45,4,NULL,0,0,0,0,1,0,0,0,NULL,'2013-11-17 04:12:45','2013-11-17 04:12:45'),(227,199,NULL,46,1,NULL,0,0,0,0,1,0,0,0,NULL,'2013-11-17 04:12:45','2013-11-17 04:12:45'),(228,199,NULL,46,2,NULL,0,0,0,0,1,0,0,0,NULL,'2013-11-17 04:12:45','2013-11-17 04:12:45'),(229,199,NULL,46,3,NULL,0,0,0,0,1,0,0,0,NULL,'2013-11-17 04:12:45','2013-11-17 04:12:45'),(230,199,NULL,46,4,NULL,0,0,0,0,1,0,0,0,NULL,'2013-11-17 04:12:45','2013-11-17 04:12:45'),(231,203,NULL,47,1,NULL,0,0,0,0,1,0,0,0,NULL,'2013-11-17 04:12:45','2013-11-17 04:12:45'),(232,203,NULL,47,2,NULL,0,0,0,0,1,0,0,0,NULL,'2013-11-17 04:12:45','2013-11-17 04:12:45'),(233,203,NULL,47,3,NULL,0,0,0,0,1,0,0,0,NULL,'2013-11-17 04:12:45','2013-11-17 04:12:45'),(234,203,NULL,47,4,NULL,0,0,0,0,1,0,0,0,NULL,'2013-11-17 04:12:45','2013-11-17 04:12:45'),(235,221,NULL,48,1,NULL,0,0,0,0,1,0,0,0,NULL,'2013-11-17 04:13:17','2013-11-17 04:13:17'),(236,221,NULL,48,2,NULL,0,0,0,0,1,0,0,0,NULL,'2013-11-17 04:13:17','2013-11-17 04:13:17'),(237,221,NULL,48,3,NULL,0,0,0,0,1,0,0,0,NULL,'2013-11-17 04:13:17','2013-11-17 04:13:17'),(238,221,NULL,48,4,NULL,0,0,0,0,1,0,0,0,NULL,'2013-11-17 04:13:17','2013-11-17 04:13:17'),(239,223,NULL,49,1,NULL,0,0,0,0,1,0,0,0,NULL,'2013-11-17 04:13:17','2013-11-17 04:13:17'),(240,223,NULL,49,2,NULL,0,0,0,0,1,0,0,0,NULL,'2013-11-17 04:13:17','2013-11-17 04:13:17'),(241,223,NULL,49,3,NULL,0,0,0,0,1,0,0,0,NULL,'2013-11-17 04:13:17','2013-11-17 04:13:17'),(242,223,NULL,49,4,NULL,0,0,0,0,1,0,0,0,NULL,'2013-11-17 04:13:18','2013-11-17 04:13:18'),(243,225,NULL,50,1,NULL,0,0,0,0,1,0,0,0,NULL,'2013-11-17 04:13:18','2013-11-17 04:13:18'),(244,225,NULL,50,2,NULL,0,0,0,0,1,0,0,0,NULL,'2013-11-17 04:13:18','2013-11-17 04:13:18'),(245,225,NULL,50,3,NULL,0,0,0,0,1,0,0,0,NULL,'2013-11-17 04:13:18','2013-11-17 04:13:18'),(246,225,NULL,50,4,NULL,0,0,0,0,1,0,0,0,NULL,'2013-11-17 04:13:18','2013-11-17 04:13:18'),(247,227,NULL,51,1,NULL,0,0,0,0,1,0,0,0,NULL,'2013-11-17 04:13:18','2013-11-17 04:13:18'),(248,227,NULL,51,2,NULL,0,0,0,0,1,0,0,0,NULL,'2013-11-17 04:13:18','2013-11-17 04:13:18'),(249,227,NULL,51,3,NULL,0,0,0,0,1,0,0,0,NULL,'2013-11-17 04:13:18','2013-11-17 04:13:18'),(250,227,NULL,51,4,NULL,0,0,0,0,1,0,0,0,NULL,'2013-11-17 04:13:18','2013-11-17 04:13:18'),(251,228,NULL,52,1,NULL,0,0,0,0,1,0,0,0,NULL,'2013-11-17 04:13:18','2013-11-17 04:13:18'),(252,228,NULL,52,2,NULL,0,0,0,0,1,0,0,0,NULL,'2013-11-17 04:13:18','2013-11-17 04:13:18'),(253,228,NULL,52,3,NULL,0,0,0,0,1,0,0,0,NULL,'2013-11-17 04:13:18','2013-11-17 04:13:18'),(254,228,NULL,52,4,NULL,0,0,0,0,1,0,0,0,NULL,'2013-11-17 04:13:18','2013-11-17 04:13:18'),(255,229,NULL,53,1,NULL,0,0,0,0,1,0,0,0,NULL,'2013-11-17 04:13:18','2013-11-17 04:13:18'),(256,229,NULL,53,2,NULL,0,0,0,0,1,0,0,0,NULL,'2013-11-17 04:13:18','2013-11-17 04:13:18'),(257,229,NULL,53,3,NULL,0,0,0,0,1,0,0,0,NULL,'2013-11-17 04:13:18','2013-11-17 04:13:18'),(258,229,NULL,53,4,NULL,0,0,0,0,1,0,0,0,NULL,'2013-11-17 04:13:18','2013-11-17 04:13:18'),(259,230,NULL,54,1,NULL,0,0,0,0,1,0,0,0,NULL,'2013-11-17 04:13:18','2013-11-17 04:13:18'),(260,230,NULL,54,2,NULL,0,0,0,0,1,0,0,0,NULL,'2013-11-17 04:13:18','2013-11-17 04:13:18'),(261,230,NULL,54,3,NULL,0,0,0,0,1,0,0,0,NULL,'2013-11-17 04:13:18','2013-11-17 04:13:18'),(262,230,NULL,54,4,NULL,0,0,0,0,1,0,0,0,NULL,'2013-11-17 04:13:18','2013-11-17 04:13:18'),(263,235,NULL,55,1,NULL,0,0,0,0,1,0,0,0,NULL,'2013-11-17 04:13:18','2013-11-17 04:13:18'),(264,235,NULL,55,2,NULL,0,0,0,0,1,0,0,0,NULL,'2013-11-17 04:13:18','2013-11-17 04:13:18'),(265,235,NULL,55,3,NULL,0,0,0,0,1,0,0,0,NULL,'2013-11-17 04:13:18','2013-11-17 04:13:18'),(266,235,NULL,55,4,NULL,0,0,0,0,1,0,0,0,NULL,'2013-11-17 04:13:18','2013-11-17 04:13:18'),(267,238,NULL,56,1,NULL,0,0,0,0,1,0,0,0,NULL,'2013-11-17 04:13:18','2013-11-17 04:13:18'),(268,238,NULL,56,2,NULL,0,0,0,0,1,0,0,0,NULL,'2013-11-17 04:13:18','2013-11-17 04:13:18'),(269,238,NULL,56,3,NULL,0,0,0,0,1,0,0,0,NULL,'2013-11-17 04:13:18','2013-11-17 04:13:18'),(270,238,NULL,56,4,NULL,0,0,0,0,1,0,0,0,NULL,'2013-11-17 04:13:18','2013-11-17 04:13:18'),(271,243,NULL,57,1,NULL,0,0,0,0,1,0,0,0,NULL,'2013-11-17 04:13:18','2013-11-17 04:13:18'),(272,243,NULL,57,2,NULL,0,0,0,0,1,0,0,0,NULL,'2013-11-17 04:13:18','2013-11-17 04:13:18'),(273,243,NULL,57,3,NULL,0,0,0,0,1,0,0,0,NULL,'2013-11-17 04:13:18','2013-11-17 04:13:18'),(274,243,NULL,57,4,NULL,0,0,0,0,1,0,0,0,NULL,'2013-11-17 04:13:18','2013-11-17 04:13:18'),(275,106,NULL,58,1,NULL,0,0,0,0,1,0,0,0,NULL,'2013-11-17 04:13:55','2013-11-17 04:13:55'),(276,106,NULL,58,2,NULL,0,0,0,0,1,0,0,0,NULL,'2013-11-17 04:13:55','2013-11-17 04:13:55'),(277,106,NULL,58,3,NULL,0,0,0,0,1,0,0,0,NULL,'2013-11-17 04:13:55','2013-11-17 04:13:55'),(278,106,NULL,58,4,NULL,0,0,0,0,1,0,0,0,NULL,'2013-11-17 04:13:55','2013-11-17 04:13:55'),(279,108,NULL,59,1,NULL,0,0,0,0,1,0,0,0,NULL,'2013-11-17 04:13:55','2013-11-17 04:13:55'),(280,108,NULL,59,2,NULL,0,0,0,0,1,0,0,0,NULL,'2013-11-17 04:13:55','2013-11-17 04:13:55'),(281,108,NULL,59,3,NULL,0,0,0,0,1,0,0,0,NULL,'2013-11-17 04:13:55','2013-11-17 04:13:55'),(282,108,NULL,59,4,NULL,0,0,0,0,1,0,0,0,NULL,'2013-11-17 04:13:55','2013-11-17 04:13:55'),(283,110,NULL,60,1,NULL,0,0,0,0,1,0,0,0,NULL,'2013-11-17 04:13:55','2013-11-17 04:13:55'),(284,110,NULL,60,2,NULL,0,0,0,0,1,0,0,0,NULL,'2013-11-17 04:13:55','2013-11-17 04:13:55'),(285,110,NULL,60,3,NULL,0,0,0,0,1,0,0,0,NULL,'2013-11-17 04:13:55','2013-11-17 04:13:55'),(286,110,NULL,60,4,NULL,0,0,0,0,1,0,0,0,NULL,'2013-11-17 04:13:55','2013-11-17 04:13:55'),(287,114,NULL,61,1,NULL,0,0,0,0,1,0,0,0,NULL,'2013-11-17 04:13:55','2013-11-17 04:13:55'),(288,114,NULL,61,2,NULL,0,0,0,0,1,0,0,0,NULL,'2013-11-17 04:13:55','2013-11-17 04:13:55'),(289,114,NULL,61,3,NULL,0,0,0,0,1,0,0,0,NULL,'2013-11-17 04:13:55','2013-11-17 04:13:55'),(290,114,NULL,61,4,NULL,0,0,0,0,1,0,0,0,NULL,'2013-11-17 04:13:55','2013-11-17 04:13:55'),(291,118,NULL,62,1,NULL,0,0,0,0,1,0,0,0,NULL,'2013-11-17 04:13:55','2013-11-17 04:13:55'),(292,118,NULL,62,2,NULL,0,0,0,0,1,0,0,0,NULL,'2013-11-17 04:13:55','2013-11-17 04:13:55'),(293,118,NULL,62,3,NULL,0,0,0,0,1,0,0,0,NULL,'2013-11-17 04:13:55','2013-11-17 04:13:55'),(294,118,NULL,62,4,NULL,0,0,0,0,1,0,0,0,NULL,'2013-11-17 04:13:55','2013-11-17 04:13:55'),(295,122,NULL,63,1,NULL,0,0,0,0,1,0,0,0,NULL,'2013-11-17 04:13:55','2013-11-17 04:13:55'),(296,122,NULL,63,2,NULL,0,0,0,0,1,0,0,0,NULL,'2013-11-17 04:13:56','2013-11-17 04:13:56'),(297,122,NULL,63,3,NULL,0,0,0,0,1,0,0,0,NULL,'2013-11-17 04:13:56','2013-11-17 04:13:56'),(298,122,NULL,63,4,NULL,0,0,0,0,1,0,0,0,NULL,'2013-11-17 04:13:56','2013-11-17 04:13:56'),(299,127,NULL,64,1,NULL,0,0,0,0,1,0,0,0,NULL,'2013-11-17 04:13:56','2013-11-17 04:13:56'),(300,127,NULL,64,2,NULL,0,0,0,0,1,0,0,0,NULL,'2013-11-17 04:13:56','2013-11-17 04:13:56'),(301,127,NULL,64,3,NULL,0,0,0,0,1,0,0,0,NULL,'2013-11-17 04:13:56','2013-11-17 04:13:56'),(302,127,NULL,64,4,NULL,0,0,0,0,1,0,0,0,NULL,'2013-11-17 04:13:56','2013-11-17 04:13:56'),(303,130,NULL,65,1,NULL,0,0,0,0,1,0,0,0,NULL,'2013-11-17 04:13:56','2013-11-17 04:13:56'),(304,130,NULL,65,2,NULL,0,0,0,0,1,0,0,0,NULL,'2013-11-17 04:13:56','2013-11-17 04:13:56'),(305,130,NULL,65,3,NULL,0,0,0,0,1,0,0,0,NULL,'2013-11-17 04:13:56','2013-11-17 04:13:56'),(306,130,NULL,65,4,NULL,0,0,0,0,1,0,0,0,NULL,'2013-11-17 04:13:56','2013-11-17 04:13:56'),(307,133,NULL,66,1,NULL,0,0,0,0,1,0,0,0,NULL,'2013-11-17 04:13:56','2013-11-17 04:13:56'),(308,133,NULL,66,2,NULL,0,0,0,0,1,0,0,0,NULL,'2013-11-17 04:13:56','2013-11-17 04:13:56'),(309,133,NULL,66,3,NULL,0,0,0,0,1,0,0,0,NULL,'2013-11-17 04:13:56','2013-11-17 04:13:56'),(310,133,NULL,66,4,NULL,0,0,0,0,1,0,0,0,NULL,'2013-11-17 04:13:56','2013-11-17 04:13:56'),(311,136,NULL,67,1,NULL,0,0,0,0,1,0,0,0,NULL,'2013-11-17 04:13:56','2013-11-17 04:13:56'),(312,136,NULL,67,2,NULL,0,0,0,0,1,0,0,0,NULL,'2013-11-17 04:13:56','2013-11-17 04:13:56'),(313,136,NULL,67,3,NULL,0,0,0,0,1,0,0,0,NULL,'2013-11-17 04:13:56','2013-11-17 04:13:56'),(314,136,NULL,67,4,NULL,0,0,0,0,1,0,0,0,NULL,'2013-11-17 04:13:56','2013-11-17 04:13:56'),(315,142,NULL,68,1,NULL,0,0,0,0,1,0,0,0,NULL,'2013-11-17 04:14:30','2013-11-17 04:14:30'),(316,142,NULL,68,2,NULL,0,0,0,0,1,0,0,0,NULL,'2013-11-17 04:14:30','2013-11-17 04:14:30'),(317,142,NULL,68,3,NULL,0,0,0,0,1,0,0,0,NULL,'2013-11-17 04:14:30','2013-11-17 04:14:30'),(318,142,NULL,68,4,NULL,0,0,0,0,1,0,0,0,NULL,'2013-11-17 04:14:30','2013-11-17 04:14:30'),(319,143,NULL,69,1,NULL,0,0,0,0,1,0,0,0,NULL,'2013-11-17 04:14:30','2013-11-17 04:14:30'),(320,143,NULL,69,2,NULL,0,0,0,0,1,0,0,0,NULL,'2013-11-17 04:14:30','2013-11-17 04:14:30'),(321,143,NULL,69,3,NULL,0,0,0,0,1,0,0,0,NULL,'2013-11-17 04:14:30','2013-11-17 04:14:30'),(322,143,NULL,69,4,NULL,0,0,0,0,1,0,0,0,NULL,'2013-11-17 04:14:31','2013-11-17 04:14:31'),(323,147,NULL,70,1,NULL,0,0,0,0,1,0,0,0,NULL,'2013-11-17 04:14:31','2013-11-17 04:14:31'),(324,147,NULL,70,2,NULL,0,0,0,0,1,0,0,0,NULL,'2013-11-17 04:14:31','2013-11-17 04:14:31'),(325,147,NULL,70,3,NULL,0,0,0,0,1,0,0,0,NULL,'2013-11-17 04:14:31','2013-11-17 04:14:31'),(326,147,NULL,70,4,NULL,0,0,0,0,1,0,0,0,NULL,'2013-11-17 04:14:31','2013-11-17 04:14:31'),(327,150,NULL,71,1,NULL,0,0,0,0,1,0,0,0,NULL,'2013-11-17 04:14:31','2013-11-17 04:14:31'),(328,150,NULL,71,2,NULL,0,0,0,0,1,0,0,0,NULL,'2013-11-17 04:14:31','2013-11-17 04:14:31'),(329,150,NULL,71,3,NULL,0,0,0,0,1,0,0,0,NULL,'2013-11-17 04:14:31','2013-11-17 04:14:31'),(330,150,NULL,71,4,NULL,0,0,0,0,1,0,0,0,NULL,'2013-11-17 04:14:31','2013-11-17 04:14:31'),(331,152,NULL,72,1,NULL,0,0,0,0,1,0,0,0,NULL,'2013-11-17 04:14:31','2013-11-17 04:14:31'),(332,152,NULL,72,2,NULL,0,0,0,0,1,0,0,0,NULL,'2013-11-17 04:14:31','2013-11-17 04:14:31'),(333,152,NULL,72,3,NULL,0,0,0,0,1,0,0,0,NULL,'2013-11-17 04:14:31','2013-11-17 04:14:31'),(334,152,NULL,72,4,NULL,0,0,0,0,1,0,0,0,NULL,'2013-11-17 04:14:31','2013-11-17 04:14:31'),(335,155,NULL,73,1,NULL,0,0,0,0,1,0,0,0,NULL,'2013-11-17 04:14:31','2013-11-17 04:14:31'),(336,155,NULL,73,2,NULL,0,0,0,0,1,0,0,0,NULL,'2013-11-17 04:14:31','2013-11-17 04:14:31'),(337,155,NULL,73,3,NULL,0,0,0,0,1,0,0,0,NULL,'2013-11-17 04:14:31','2013-11-17 04:14:31'),(338,155,NULL,73,4,NULL,0,0,0,0,1,0,0,0,NULL,'2013-11-17 04:14:31','2013-11-17 04:14:31'),(339,156,NULL,74,1,NULL,0,0,0,0,1,0,0,0,NULL,'2013-11-17 04:14:31','2013-11-17 04:14:31'),(340,156,NULL,74,2,NULL,0,0,0,0,1,0,0,0,NULL,'2013-11-17 04:14:31','2013-11-17 04:14:31'),(341,156,NULL,74,3,NULL,0,0,0,0,1,0,0,0,NULL,'2013-11-17 04:14:31','2013-11-17 04:14:31'),(342,156,NULL,74,4,NULL,0,0,0,0,1,0,0,0,NULL,'2013-11-17 04:14:31','2013-11-17 04:14:31'),(343,158,NULL,75,1,NULL,0,0,0,0,1,0,0,0,NULL,'2013-11-17 04:14:31','2013-11-17 04:14:31'),(344,158,NULL,75,2,NULL,0,0,0,0,1,0,0,0,NULL,'2013-11-17 04:14:31','2013-11-17 04:14:31'),(345,158,NULL,75,3,NULL,0,0,0,0,1,0,0,0,NULL,'2013-11-17 04:14:31','2013-11-17 04:14:31'),(346,158,NULL,75,4,NULL,0,0,0,0,1,0,0,0,NULL,'2013-11-17 04:14:31','2013-11-17 04:14:31'),(347,161,NULL,76,1,NULL,0,0,0,0,1,0,0,0,NULL,'2013-11-17 04:14:31','2013-11-17 04:14:31'),(348,161,NULL,76,2,NULL,0,0,0,0,1,0,0,0,NULL,'2013-11-17 04:14:31','2013-11-17 04:14:31'),(349,161,NULL,76,3,NULL,0,0,0,0,1,0,0,0,NULL,'2013-11-17 04:14:31','2013-11-17 04:14:31'),(350,161,NULL,76,4,NULL,0,0,0,0,1,0,0,0,NULL,'2013-11-17 04:14:31','2013-11-17 04:14:31'),(351,164,NULL,77,1,NULL,0,0,0,0,1,0,0,0,NULL,'2013-11-17 04:14:31','2013-11-17 04:14:31'),(352,164,NULL,77,2,NULL,0,0,0,0,1,0,0,0,NULL,'2013-11-17 04:14:31','2013-11-17 04:14:31'),(353,164,NULL,77,3,NULL,0,0,0,0,1,0,0,0,NULL,'2013-11-17 04:14:31','2013-11-17 04:14:31'),(354,164,NULL,77,4,NULL,0,0,0,0,1,0,0,0,NULL,'2013-11-17 04:14:31','2013-11-17 04:14:31'),(355,166,NULL,78,5,NULL,0,0,0,0,1,0,0,0,NULL,'2013-11-17 04:15:36','2013-11-17 04:15:36'),(356,166,NULL,78,9,NULL,0,0,0,0,1,0,0,0,NULL,'2013-11-17 04:15:36','2013-11-17 04:15:36'),(357,166,NULL,78,18,NULL,0,0,0,0,1,0,0,0,NULL,'2013-11-17 04:15:36','2013-11-17 04:15:36'),(358,166,NULL,78,24,NULL,0,0,0,0,1,0,0,0,NULL,'2013-11-17 04:15:36','2013-11-17 04:15:36'),(359,166,NULL,78,28,NULL,0,0,0,0,1,0,0,0,NULL,'2013-11-17 04:15:36','2013-11-17 04:15:36'),(360,170,NULL,79,5,NULL,0,0,0,0,1,0,0,0,NULL,'2013-11-17 04:15:37','2013-11-17 04:15:37'),(361,170,NULL,79,9,NULL,0,0,0,0,1,0,0,0,NULL,'2013-11-17 04:15:37','2013-11-17 04:15:37'),(362,170,NULL,79,18,NULL,0,0,0,0,1,0,0,0,NULL,'2013-11-17 04:15:37','2013-11-17 04:15:37'),(363,170,NULL,79,24,NULL,0,0,0,0,1,0,0,0,NULL,'2013-11-17 04:15:37','2013-11-17 04:15:37'),(364,170,NULL,79,28,NULL,0,0,0,0,1,0,0,0,NULL,'2013-11-17 04:15:37','2013-11-17 04:15:37'),(365,175,NULL,80,5,NULL,0,0,0,0,1,0,0,0,NULL,'2013-11-17 04:15:37','2013-11-17 04:15:37'),(366,175,NULL,80,9,NULL,0,0,0,0,1,0,0,0,NULL,'2013-11-17 04:15:37','2013-11-17 04:15:37'),(367,175,NULL,80,18,NULL,0,0,0,0,1,0,0,0,NULL,'2013-11-17 04:15:37','2013-11-17 04:15:37'),(368,175,NULL,80,24,NULL,0,0,0,0,1,0,0,0,NULL,'2013-11-17 04:15:37','2013-11-17 04:15:37'),(369,175,NULL,80,28,NULL,0,0,0,0,1,0,0,0,NULL,'2013-11-17 04:15:37','2013-11-17 04:15:37'),(370,182,NULL,81,5,NULL,0,0,0,0,1,0,0,0,NULL,'2013-11-17 04:15:37','2013-11-17 04:15:37'),(371,182,NULL,81,9,NULL,0,0,0,0,1,0,0,0,NULL,'2013-11-17 04:15:37','2013-11-17 04:15:37'),(372,182,NULL,81,18,NULL,0,0,0,0,1,0,0,0,NULL,'2013-11-17 04:15:37','2013-11-17 04:15:37'),(373,182,NULL,81,24,NULL,0,0,0,0,1,0,0,0,NULL,'2013-11-17 04:15:37','2013-11-17 04:15:37'),(374,182,NULL,81,28,NULL,0,0,0,0,1,0,0,0,NULL,'2013-11-17 04:15:37','2013-11-17 04:15:37'),(375,186,NULL,82,5,NULL,0,0,0,0,1,0,0,0,NULL,'2013-11-17 04:15:37','2013-11-17 04:15:37'),(376,186,NULL,82,9,NULL,0,0,0,0,1,0,0,0,NULL,'2013-11-17 04:15:37','2013-11-17 04:15:37'),(377,186,NULL,82,18,NULL,0,0,0,0,1,0,0,0,NULL,'2013-11-17 04:15:37','2013-11-17 04:15:37'),(378,186,NULL,82,24,NULL,0,0,0,0,1,0,0,0,NULL,'2013-11-17 04:15:37','2013-11-17 04:15:37'),(379,186,NULL,82,28,NULL,0,0,0,0,1,0,0,0,NULL,'2013-11-17 04:15:37','2013-11-17 04:15:37'),(380,190,NULL,83,5,NULL,0,0,0,0,1,0,0,0,NULL,'2013-11-17 04:15:37','2013-11-17 04:15:37'),(381,190,NULL,83,9,NULL,0,0,0,0,1,0,0,0,NULL,'2013-11-17 04:15:37','2013-11-17 04:15:37'),(382,190,NULL,83,18,NULL,0,0,0,0,1,0,0,0,NULL,'2013-11-17 04:15:37','2013-11-17 04:15:37'),(383,190,NULL,83,24,NULL,0,0,0,0,1,0,0,0,NULL,'2013-11-17 04:15:37','2013-11-17 04:15:37'),(384,190,NULL,83,28,NULL,0,0,0,0,1,0,0,0,NULL,'2013-11-17 04:15:37','2013-11-17 04:15:37'),(385,197,NULL,84,5,NULL,0,0,0,0,1,0,0,0,NULL,'2013-11-17 04:15:37','2013-11-17 04:15:37'),(386,197,NULL,84,9,NULL,0,0,0,0,1,0,0,0,NULL,'2013-11-17 04:15:37','2013-11-17 04:15:37'),(387,197,NULL,84,18,NULL,0,0,0,0,1,0,0,0,NULL,'2013-11-17 04:15:37','2013-11-17 04:15:37'),(388,197,NULL,84,24,NULL,0,0,0,0,1,0,0,0,NULL,'2013-11-17 04:15:37','2013-11-17 04:15:37'),(389,197,NULL,84,28,NULL,0,0,0,0,1,0,0,0,NULL,'2013-11-17 04:15:37','2013-11-17 04:15:37'),(390,202,NULL,85,5,NULL,0,0,0,0,1,0,0,0,NULL,'2013-11-17 04:15:37','2013-11-17 04:15:37'),(391,202,NULL,85,9,NULL,0,0,0,0,1,0,0,0,NULL,'2013-11-17 04:15:37','2013-11-17 04:15:37'),(392,202,NULL,85,18,NULL,0,0,0,0,1,0,0,0,NULL,'2013-11-17 04:15:37','2013-11-17 04:15:37'),(393,202,NULL,85,24,NULL,0,0,0,0,1,0,0,0,NULL,'2013-11-17 04:15:37','2013-11-17 04:15:37'),(394,202,NULL,85,28,NULL,0,0,0,0,1,0,0,0,NULL,'2013-11-17 04:15:37','2013-11-17 04:15:37'),(395,207,NULL,86,5,NULL,0,0,0,0,1,0,0,0,NULL,'2013-11-17 04:15:37','2013-11-17 04:15:37'),(396,207,NULL,86,9,NULL,0,0,0,0,1,0,0,0,NULL,'2013-11-17 04:15:37','2013-11-17 04:15:37'),(397,207,NULL,86,18,NULL,0,0,0,0,1,0,0,0,NULL,'2013-11-17 04:15:37','2013-11-17 04:15:37'),(398,207,NULL,86,24,NULL,0,0,0,0,1,0,0,0,NULL,'2013-11-17 04:15:37','2013-11-17 04:15:37'),(399,207,NULL,86,28,NULL,0,0,0,0,1,0,0,0,NULL,'2013-11-17 04:15:37','2013-11-17 04:15:37'),(400,212,NULL,87,5,NULL,0,0,0,0,1,0,0,0,NULL,'2013-11-17 04:15:38','2013-11-17 04:15:38'),(401,212,NULL,87,9,NULL,0,0,0,0,1,0,0,0,NULL,'2013-11-17 04:15:38','2013-11-17 04:15:38'),(402,212,NULL,87,18,NULL,0,0,0,0,1,0,0,0,NULL,'2013-11-17 04:15:38','2013-11-17 04:15:38'),(403,212,NULL,87,24,NULL,0,0,0,0,1,0,0,0,NULL,'2013-11-17 04:15:38','2013-11-17 04:15:38'),(404,212,NULL,87,28,NULL,0,0,0,0,1,0,0,0,NULL,'2013-11-17 04:15:38','2013-11-17 04:15:38'),(405,217,NULL,88,5,NULL,0,0,0,0,1,0,0,0,NULL,'2013-11-17 04:15:38','2013-11-17 04:15:38'),(406,217,NULL,88,9,NULL,0,0,0,0,1,0,0,0,NULL,'2013-11-17 04:15:38','2013-11-17 04:15:38'),(407,217,NULL,88,18,NULL,0,0,0,0,1,0,0,0,NULL,'2013-11-17 04:15:38','2013-11-17 04:15:38'),(408,217,NULL,88,24,NULL,0,0,0,0,1,0,0,0,NULL,'2013-11-17 04:15:38','2013-11-17 04:15:38'),(409,217,NULL,88,28,NULL,0,0,0,0,1,0,0,0,NULL,'2013-11-17 04:15:38','2013-11-17 04:15:38'),(410,249,NULL,89,1,NULL,0,0,0,0,1,0,0,0,NULL,'2013-11-17 04:16:45','2013-11-17 04:16:45'),(411,249,NULL,89,2,NULL,0,0,0,0,1,0,0,0,NULL,'2013-11-17 04:16:45','2013-11-17 04:16:45'),(412,249,NULL,89,3,NULL,0,0,0,0,1,0,0,0,NULL,'2013-11-17 04:16:45','2013-11-17 04:16:45'),(413,249,NULL,89,4,NULL,0,0,0,0,1,0,0,0,NULL,'2013-11-17 04:16:45','2013-11-17 04:16:45'),(414,251,NULL,90,1,NULL,0,0,0,0,1,0,0,0,NULL,'2013-11-17 04:16:46','2013-11-17 04:16:46'),(415,251,NULL,90,2,NULL,0,0,0,0,1,0,0,0,NULL,'2013-11-17 04:16:46','2013-11-17 04:16:46'),(416,251,NULL,90,3,NULL,0,0,0,0,1,0,0,0,NULL,'2013-11-17 04:16:46','2013-11-17 04:16:46'),(417,251,NULL,90,4,NULL,0,0,0,0,1,0,0,0,NULL,'2013-11-17 04:16:46','2013-11-17 04:16:46'),(418,255,NULL,91,1,NULL,0,0,0,0,1,0,0,0,NULL,'2013-11-17 04:16:46','2013-11-17 04:16:46'),(419,255,NULL,91,2,NULL,0,0,0,0,1,0,0,0,NULL,'2013-11-17 04:16:46','2013-11-17 04:16:46'),(420,255,NULL,91,3,NULL,0,0,0,0,1,0,0,0,NULL,'2013-11-17 04:16:46','2013-11-17 04:16:46'),(421,255,NULL,91,4,NULL,0,0,0,0,1,0,0,0,NULL,'2013-11-17 04:16:46','2013-11-17 04:16:46'),(422,257,NULL,92,1,NULL,0,0,0,0,1,0,0,0,NULL,'2013-11-17 04:16:46','2013-11-17 04:16:46'),(423,257,NULL,92,2,NULL,0,0,0,0,1,0,0,0,NULL,'2013-11-17 04:16:46','2013-11-17 04:16:46'),(424,257,NULL,92,3,NULL,0,0,0,0,1,0,0,0,NULL,'2013-11-17 04:16:46','2013-11-17 04:16:46'),(425,257,NULL,92,4,NULL,0,0,0,0,1,0,0,0,NULL,'2013-11-17 04:16:46','2013-11-17 04:16:46'),(426,261,NULL,93,1,NULL,0,0,0,0,1,0,0,0,NULL,'2013-11-17 04:16:46','2013-11-17 04:16:46'),(427,261,NULL,93,2,NULL,0,0,0,0,1,0,0,0,NULL,'2013-11-17 04:16:46','2013-11-17 04:16:46'),(428,261,NULL,93,3,NULL,0,0,0,0,1,0,0,0,NULL,'2013-11-17 04:16:46','2013-11-17 04:16:46'),(429,261,NULL,93,4,NULL,0,0,0,0,1,0,0,0,NULL,'2013-11-17 04:16:46','2013-11-17 04:16:46'),(430,264,NULL,94,1,NULL,0,0,0,0,1,0,0,0,NULL,'2013-11-17 04:16:46','2013-11-17 04:16:46'),(431,264,NULL,94,2,NULL,0,0,0,0,1,0,0,0,NULL,'2013-11-17 04:16:46','2013-11-17 04:16:46'),(432,264,NULL,94,3,NULL,0,0,0,0,1,0,0,0,NULL,'2013-11-17 04:16:46','2013-11-17 04:16:46'),(433,264,NULL,94,4,NULL,0,0,0,0,1,0,0,0,NULL,'2013-11-17 04:16:46','2013-11-17 04:16:46'),(434,267,NULL,95,1,NULL,0,0,0,0,1,0,0,0,NULL,'2013-11-17 04:16:46','2013-11-17 04:16:46'),(435,267,NULL,95,2,NULL,0,0,0,0,1,0,0,0,NULL,'2013-11-17 04:16:46','2013-11-17 04:16:46'),(436,267,NULL,95,3,NULL,0,0,0,0,1,0,0,0,NULL,'2013-11-17 04:16:46','2013-11-17 04:16:46'),(437,267,NULL,95,4,NULL,0,0,0,0,1,0,0,0,NULL,'2013-11-17 04:16:46','2013-11-17 04:16:46'),(438,269,NULL,96,1,NULL,0,0,0,0,1,0,0,0,NULL,'2013-11-17 04:16:46','2013-11-17 04:16:46'),(439,269,NULL,96,2,NULL,0,0,0,0,1,0,0,0,NULL,'2013-11-17 04:16:46','2013-11-17 04:16:46'),(440,269,NULL,96,3,NULL,0,0,0,0,1,0,0,0,NULL,'2013-11-17 04:16:46','2013-11-17 04:16:46'),(441,269,NULL,96,4,NULL,0,0,0,0,1,0,0,0,NULL,'2013-11-17 04:16:46','2013-11-17 04:16:46'),(442,272,NULL,97,1,NULL,0,0,0,0,1,0,0,0,NULL,'2013-11-17 04:16:47','2013-11-17 04:16:47'),(443,272,NULL,97,2,NULL,0,0,0,0,1,0,0,0,NULL,'2013-11-17 04:16:47','2013-11-17 04:16:47'),(444,272,NULL,97,3,NULL,0,0,0,0,1,0,0,0,NULL,'2013-11-17 04:16:47','2013-11-17 04:16:47'),(445,272,NULL,97,4,NULL,0,0,0,0,1,0,0,0,NULL,'2013-11-17 04:16:47','2013-11-17 04:16:47'),(446,292,NULL,98,1,NULL,0,0,0,0,1,0,0,0,NULL,'2013-11-17 04:16:47','2013-11-17 04:16:47'),(447,292,NULL,98,2,NULL,0,0,0,0,1,0,0,0,NULL,'2013-11-17 04:16:47','2013-11-17 04:16:47'),(448,292,NULL,98,3,NULL,0,0,0,0,1,0,0,0,NULL,'2013-11-17 04:16:47','2013-11-17 04:16:47'),(449,292,NULL,98,4,NULL,0,0,0,0,1,0,0,0,NULL,'2013-11-17 04:16:47','2013-11-17 04:16:47'),(450,301,NULL,99,1,13,0,0,0,0,1,0,0,1,NULL,'2013-11-17 04:17:25','2013-11-17 06:30:24'),(451,301,NULL,99,2,11,0,0,0,0,1,0,0,1,NULL,'2013-11-17 04:17:25','2013-11-17 06:35:16'),(452,301,NULL,99,3,12,0,0,0,0,1,0,0,1,NULL,'2013-11-17 04:17:25','2013-11-17 06:36:59'),(453,301,NULL,99,4,NULL,0,0,0,0,1,0,0,0,NULL,'2013-11-17 04:17:25','2013-11-17 04:17:25'),(454,301,NULL,99,7,NULL,0,0,0,0,1,0,0,0,NULL,'2013-11-17 04:17:25','2013-11-17 04:17:25'),(455,304,NULL,100,1,9,0,0,0,0,1,0,0,1,NULL,'2013-11-17 04:17:25','2013-11-17 06:30:24'),(456,304,NULL,100,2,13,0,0,0,0,1,0,0,1,NULL,'2013-11-17 04:17:25','2013-11-17 06:35:16'),(457,304,NULL,100,3,10,0,0,0,0,1,0,0,1,NULL,'2013-11-17 04:17:25','2013-11-17 06:36:59'),(458,304,NULL,100,4,NULL,0,0,0,0,1,0,0,0,NULL,'2013-11-17 04:17:25','2013-11-17 04:17:25'),(459,304,NULL,100,7,NULL,0,0,0,0,1,0,0,0,NULL,'2013-11-17 04:17:25','2013-11-17 04:17:25'),(460,306,NULL,101,1,12,0,0,0,0,1,0,0,1,NULL,'2013-11-17 04:17:25','2013-11-17 06:30:24'),(461,306,NULL,101,2,10,0,0,0,0,1,0,0,1,NULL,'2013-11-17 04:17:25','2013-11-17 06:35:17'),(462,306,NULL,101,3,10,0,0,0,0,1,0,0,1,NULL,'2013-11-17 04:17:25','2013-11-17 06:36:59'),(463,306,NULL,101,4,NULL,0,0,0,0,1,0,0,0,NULL,'2013-11-17 04:17:25','2013-11-17 04:17:25'),(464,306,NULL,101,7,NULL,0,0,0,0,1,0,0,0,NULL,'2013-11-17 04:17:25','2013-11-17 04:17:25'),(465,310,NULL,102,1,8,0,0,0,0,1,0,0,1,NULL,'2013-11-17 04:17:25','2013-11-17 06:30:24'),(466,310,NULL,102,2,2,0,0,0,0,1,0,0,1,NULL,'2013-11-17 04:17:26','2013-11-17 06:35:17'),(467,310,NULL,102,3,3,0,0,0,0,1,0,0,1,NULL,'2013-11-17 04:17:26','2013-11-17 06:36:59'),(468,310,NULL,102,4,NULL,0,0,0,0,1,0,0,0,NULL,'2013-11-17 04:17:26','2013-11-17 04:17:26'),(469,310,NULL,102,7,NULL,0,0,0,0,1,0,0,0,NULL,'2013-11-17 04:17:26','2013-11-17 04:17:26'),(470,311,NULL,103,1,4,0,0,0,0,1,0,0,1,NULL,'2013-11-17 04:17:26','2013-11-17 06:30:24'),(471,311,NULL,103,2,3,0,0,0,0,1,0,0,1,NULL,'2013-11-17 04:17:26','2013-11-17 06:35:17'),(472,311,NULL,103,3,5,0,0,0,0,1,0,0,1,NULL,'2013-11-17 04:17:26','2013-11-17 06:36:59'),(473,311,NULL,103,4,NULL,0,0,0,0,1,0,0,0,NULL,'2013-11-17 04:17:26','2013-11-17 04:17:26'),(474,311,NULL,103,7,NULL,0,0,0,0,1,0,0,0,NULL,'2013-11-17 04:17:26','2013-11-17 04:17:26'),(475,315,NULL,104,1,2,0,0,0,0,1,0,0,1,NULL,'2013-11-17 04:17:26','2013-11-17 06:30:24'),(476,315,NULL,104,2,10,0,0,0,0,1,0,0,1,NULL,'2013-11-17 04:17:26','2013-11-17 06:35:17'),(477,315,NULL,104,3,13,0,0,0,0,1,0,0,1,NULL,'2013-11-17 04:17:26','2013-11-17 06:36:59'),(478,315,NULL,104,4,NULL,0,0,0,0,1,0,0,0,NULL,'2013-11-17 04:17:26','2013-11-17 04:17:26'),(479,315,NULL,104,7,NULL,0,0,0,0,1,0,0,0,NULL,'2013-11-17 04:17:26','2013-11-17 04:17:26'),(480,317,NULL,105,1,8,0,0,0,0,1,0,0,1,NULL,'2013-11-17 04:17:26','2013-11-17 06:30:24'),(481,317,NULL,105,2,4,0,0,0,0,1,0,0,1,NULL,'2013-11-17 04:17:26','2013-11-17 06:35:17'),(482,317,NULL,105,3,3,0,0,0,0,1,0,0,1,NULL,'2013-11-17 04:17:26','2013-11-17 06:36:59'),(483,317,NULL,105,4,NULL,0,0,0,0,1,0,0,0,NULL,'2013-11-17 04:17:26','2013-11-17 04:17:26'),(484,317,NULL,105,7,NULL,0,0,0,0,1,0,0,0,NULL,'2013-11-17 04:17:26','2013-11-17 04:17:26'),(485,320,NULL,106,1,7,0,0,0,0,1,0,0,1,NULL,'2013-11-17 04:17:26','2013-11-17 06:30:24'),(486,320,NULL,106,2,4,0,0,0,0,1,0,0,1,NULL,'2013-11-17 04:17:26','2013-11-17 06:35:17'),(487,320,NULL,106,3,4,0,0,0,0,1,0,0,1,NULL,'2013-11-17 04:17:26','2013-11-17 06:36:59'),(488,320,NULL,106,4,NULL,0,0,0,0,1,0,0,0,NULL,'2013-11-17 04:17:26','2013-11-17 04:17:26'),(489,320,NULL,106,7,NULL,0,0,0,0,1,0,0,0,NULL,'2013-11-17 04:17:26','2013-11-17 04:17:26'),(490,321,NULL,107,1,6,0,0,0,0,1,0,0,1,NULL,'2013-11-17 04:17:26','2013-11-17 06:30:24'),(491,321,NULL,107,2,7,0,0,0,0,1,0,0,1,NULL,'2013-11-17 04:17:26','2013-11-17 06:35:17'),(492,321,NULL,107,3,8,0,0,0,0,1,0,0,1,NULL,'2013-11-17 04:17:26','2013-11-17 06:36:59'),(493,321,NULL,107,4,NULL,0,0,0,0,1,0,0,0,NULL,'2013-11-17 04:17:26','2013-11-17 04:17:26'),(494,321,NULL,107,7,NULL,0,0,0,0,1,0,0,0,NULL,'2013-11-17 04:17:26','2013-11-17 04:17:26'),(495,324,NULL,108,1,7,0,0,0,0,1,0,0,1,NULL,'2013-11-17 04:17:26','2013-11-17 06:30:24'),(496,324,NULL,108,2,3,0,0,0,0,1,0,0,1,NULL,'2013-11-17 04:17:26','2013-11-17 06:35:17'),(497,324,NULL,108,3,1,0,0,0,0,1,0,0,1,NULL,'2013-11-17 04:17:26','2013-11-17 06:36:59'),(498,324,NULL,108,4,NULL,0,0,0,0,1,0,0,0,NULL,'2013-11-17 04:17:26','2013-11-17 04:17:26'),(499,324,NULL,108,7,NULL,0,0,0,0,1,0,0,0,NULL,'2013-11-17 04:17:26','2013-11-17 04:17:26'),(500,231,NULL,109,10,13,0,0,0,0,1,0,0,1,NULL,'2013-11-17 04:20:39','2013-11-17 06:30:53'),(501,231,NULL,109,15,11,0,0,0,0,1,0,0,1,NULL,'2013-11-17 04:20:39','2013-11-17 06:33:04'),(502,231,NULL,109,19,12,0,0,0,0,1,0,0,1,NULL,'2013-11-17 04:20:39','2013-11-17 06:34:47'),(503,231,NULL,109,29,12,0,0,0,0,1,0,0,1,NULL,'2013-11-17 04:20:39','2013-11-17 06:35:40'),(504,231,NULL,109,35,12,0,0,0,0,1,0,0,1,NULL,'2013-11-17 04:20:39','2013-11-17 06:36:30'),(505,234,NULL,110,10,11,0,0,0,0,1,0,0,1,NULL,'2013-11-17 04:20:39','2013-11-17 06:30:53'),(506,234,NULL,110,15,11,0,0,0,0,1,0,0,1,NULL,'2013-11-17 04:20:39','2013-11-17 06:33:04'),(507,234,NULL,110,19,11,0,0,0,0,1,0,0,1,NULL,'2013-11-17 04:20:39','2013-11-17 06:34:47'),(508,234,NULL,110,29,8,0,0,0,0,1,0,0,1,NULL,'2013-11-17 04:20:39','2013-11-17 06:35:40'),(509,234,NULL,110,35,9,0,0,0,0,1,0,0,1,NULL,'2013-11-17 04:20:39','2013-11-17 06:36:30'),(510,239,NULL,111,10,11,0,0,0,0,1,0,0,1,NULL,'2013-11-17 04:20:39','2013-11-17 06:30:53'),(511,239,NULL,111,15,9,0,0,0,0,1,0,0,1,NULL,'2013-11-17 04:20:39','2013-11-17 06:33:04'),(512,239,NULL,111,19,9,0,0,0,0,1,0,0,1,NULL,'2013-11-17 04:20:39','2013-11-17 06:34:47'),(513,239,NULL,111,29,12,0,0,0,0,1,0,0,1,NULL,'2013-11-17 04:20:39','2013-11-17 06:35:40'),(514,239,NULL,111,35,12,0,0,0,0,1,0,0,1,NULL,'2013-11-17 04:20:39','2013-11-17 06:36:30'),(515,242,NULL,112,10,8,0,0,0,0,1,0,0,1,NULL,'2013-11-17 04:20:39','2013-11-17 06:30:53'),(516,242,NULL,112,15,8,0,0,0,0,1,0,0,1,NULL,'2013-11-17 04:20:39','2013-11-17 06:33:04'),(517,242,NULL,112,19,8,0,0,0,0,1,0,0,1,NULL,'2013-11-17 04:20:39','2013-11-17 06:34:47'),(518,242,NULL,112,29,11,0,0,0,0,1,0,0,1,NULL,'2013-11-17 04:20:39','2013-11-17 06:35:40'),(519,242,NULL,112,35,11,0,0,0,0,1,0,0,1,NULL,'2013-11-17 04:20:39','2013-11-17 06:36:30'),(520,246,NULL,113,10,7,0,0,0,0,1,0,0,1,NULL,'2013-11-17 04:20:39','2013-11-17 06:30:53'),(521,246,NULL,113,15,9,0,0,0,0,1,0,0,1,NULL,'2013-11-17 04:20:39','2013-11-17 06:33:04'),(522,246,NULL,113,19,6,0,0,0,0,1,0,0,1,NULL,'2013-11-17 04:20:39','2013-11-17 06:34:47'),(523,246,NULL,113,29,6,0,0,0,0,1,0,0,1,NULL,'2013-11-17 04:20:39','2013-11-17 06:35:40'),(524,246,NULL,113,35,8,0,0,0,0,1,0,0,1,NULL,'2013-11-17 04:20:39','2013-11-17 06:36:30'),(525,248,NULL,114,10,6,0,0,0,0,1,0,0,1,NULL,'2013-11-17 04:20:39','2013-11-17 06:30:53'),(526,248,NULL,114,15,5,0,0,0,0,1,0,0,1,NULL,'2013-11-17 04:20:39','2013-11-17 06:33:04'),(527,248,NULL,114,19,6,0,0,0,0,1,0,0,1,NULL,'2013-11-17 04:20:39','2013-11-17 06:34:47'),(528,248,NULL,114,29,8,0,0,0,0,1,0,0,1,NULL,'2013-11-17 04:20:39','2013-11-17 06:35:40'),(529,248,NULL,114,35,13,0,0,0,0,1,0,0,1,NULL,'2013-11-17 04:20:39','2013-11-17 06:36:30'),(530,252,NULL,115,10,5,0,0,0,0,1,0,0,1,NULL,'2013-11-17 04:20:40','2013-11-17 06:30:53'),(531,252,NULL,115,15,5,0,0,0,0,1,0,0,1,NULL,'2013-11-17 04:20:40','2013-11-17 06:33:04'),(532,252,NULL,115,19,4,0,0,0,0,1,0,0,1,NULL,'2013-11-17 04:20:40','2013-11-17 06:34:47'),(533,252,NULL,115,29,5,0,0,0,0,1,0,0,1,NULL,'2013-11-17 04:20:40','2013-11-17 06:35:40'),(534,252,NULL,115,35,7,0,0,0,0,1,0,0,1,NULL,'2013-11-17 04:20:40','2013-11-17 06:36:30'),(535,256,NULL,116,10,3,0,0,0,0,1,0,0,1,NULL,'2013-11-17 04:20:40','2013-11-17 06:30:53'),(536,256,NULL,116,15,13,0,0,0,0,1,0,0,1,NULL,'2013-11-17 04:20:40','2013-11-17 06:33:04'),(537,256,NULL,116,19,3,0,0,0,0,1,0,0,1,NULL,'2013-11-17 04:20:40','2013-11-17 06:34:47'),(538,256,NULL,116,29,7,0,0,0,0,1,0,0,1,NULL,'2013-11-17 04:20:40','2013-11-17 06:35:40'),(539,256,NULL,116,35,6,0,0,0,0,1,0,0,1,NULL,'2013-11-17 04:20:40','2013-11-17 06:36:30'),(540,259,NULL,117,10,7,0,0,0,0,1,0,0,1,NULL,'2013-11-17 04:20:40','2013-11-17 06:30:53'),(541,259,NULL,117,15,8,0,0,0,0,1,0,0,1,NULL,'2013-11-17 04:20:40','2013-11-17 06:33:04'),(542,259,NULL,117,19,8,0,0,0,0,1,0,0,1,NULL,'2013-11-17 04:20:40','2013-11-17 06:34:48'),(543,259,NULL,117,29,4,0,0,0,0,1,0,0,1,NULL,'2013-11-17 04:20:40','2013-11-17 06:35:40'),(544,259,NULL,117,35,8,0,0,0,0,1,0,0,1,NULL,'2013-11-17 04:20:40','2013-11-17 06:36:30'),(545,263,NULL,118,10,1,0,0,0,0,1,0,0,1,NULL,'2013-11-17 04:20:40','2013-11-17 06:30:53'),(546,263,NULL,118,15,2,0,0,0,0,1,0,0,1,NULL,'2013-11-17 04:20:40','2013-11-17 06:33:04'),(547,263,NULL,118,19,6,0,0,0,0,1,0,0,1,NULL,'2013-11-17 04:20:40','2013-11-17 06:34:48'),(548,263,NULL,118,29,8,0,0,0,0,1,0,0,1,NULL,'2013-11-17 04:20:40','2013-11-17 06:35:40'),(549,263,NULL,118,35,4,0,0,0,0,1,0,0,1,NULL,'2013-11-17 04:20:40','2013-11-17 06:36:30'),(550,268,NULL,119,10,NULL,0,0,0,0,1,0,0,0,NULL,'2013-11-17 04:25:10','2013-11-17 04:25:10'),(551,268,NULL,119,15,NULL,0,0,0,0,1,0,0,0,NULL,'2013-11-17 04:25:10','2013-11-17 04:25:10'),(552,268,NULL,119,19,NULL,0,0,0,0,1,0,0,0,NULL,'2013-11-17 04:25:10','2013-11-17 04:25:10'),(553,268,NULL,119,23,NULL,0,0,0,0,1,0,0,0,NULL,'2013-11-17 04:25:10','2013-11-17 04:25:10'),(554,268,NULL,119,29,NULL,0,0,0,0,1,0,0,0,NULL,'2013-11-17 04:25:10','2013-11-17 04:25:10'),(555,268,NULL,119,35,NULL,0,0,0,0,1,0,0,0,NULL,'2013-11-17 04:25:10','2013-11-17 04:25:10'),(556,268,NULL,119,39,NULL,0,0,0,0,1,0,0,0,NULL,'2013-11-17 04:25:10','2013-11-17 04:25:10'),(557,270,NULL,120,10,NULL,0,0,0,0,1,0,0,0,NULL,'2013-11-17 04:25:10','2013-11-17 04:25:10'),(558,270,NULL,120,15,NULL,0,0,0,0,1,0,0,0,NULL,'2013-11-17 04:25:10','2013-11-17 04:25:10'),(559,270,NULL,120,19,NULL,0,0,0,0,1,0,0,0,NULL,'2013-11-17 04:25:10','2013-11-17 04:25:10'),(560,270,NULL,120,23,NULL,0,0,0,0,1,0,0,0,NULL,'2013-11-17 04:25:10','2013-11-17 04:25:10'),(561,270,NULL,120,29,NULL,0,0,0,0,1,0,0,0,NULL,'2013-11-17 04:25:10','2013-11-17 04:25:10'),(562,270,NULL,120,35,NULL,0,0,0,0,1,0,0,0,NULL,'2013-11-17 04:25:10','2013-11-17 04:25:10'),(563,270,NULL,120,39,NULL,0,0,0,0,1,0,0,0,NULL,'2013-11-17 04:25:10','2013-11-17 04:25:10'),(564,274,NULL,121,10,NULL,0,0,0,0,1,0,0,0,NULL,'2013-11-17 04:25:10','2013-11-17 04:25:10'),(565,274,NULL,121,15,NULL,0,0,0,0,1,0,0,0,NULL,'2013-11-17 04:25:10','2013-11-17 04:25:10'),(566,274,NULL,121,19,NULL,0,0,0,0,1,0,0,0,NULL,'2013-11-17 04:25:10','2013-11-17 04:25:10'),(567,274,NULL,121,23,NULL,0,0,0,0,1,0,0,0,NULL,'2013-11-17 04:25:10','2013-11-17 04:25:10'),(568,274,NULL,121,29,NULL,0,0,0,0,1,0,0,0,NULL,'2013-11-17 04:25:10','2013-11-17 04:25:10'),(569,274,NULL,121,35,NULL,0,0,0,0,1,0,0,0,NULL,'2013-11-17 04:25:10','2013-11-17 04:25:10'),(570,274,NULL,121,39,NULL,0,0,0,0,1,0,0,0,NULL,'2013-11-17 04:25:10','2013-11-17 04:25:10'),(571,278,NULL,122,10,NULL,0,0,0,0,1,0,0,0,NULL,'2013-11-17 04:25:11','2013-11-17 04:25:11'),(572,278,NULL,122,15,NULL,0,0,0,0,1,0,0,0,NULL,'2013-11-17 04:25:11','2013-11-17 04:25:11'),(573,278,NULL,122,19,NULL,0,0,0,0,1,0,0,0,NULL,'2013-11-17 04:25:11','2013-11-17 04:25:11'),(574,278,NULL,122,23,NULL,0,0,0,0,1,0,0,0,NULL,'2013-11-17 04:25:11','2013-11-17 04:25:11'),(575,278,NULL,122,29,NULL,0,0,0,0,1,0,0,0,NULL,'2013-11-17 04:25:11','2013-11-17 04:25:11'),(576,278,NULL,122,35,NULL,0,0,0,0,1,0,0,0,NULL,'2013-11-17 04:25:11','2013-11-17 04:25:11'),(577,278,NULL,122,39,NULL,0,0,0,0,1,0,0,0,NULL,'2013-11-17 04:25:11','2013-11-17 04:25:11'),(578,279,NULL,123,10,NULL,0,0,0,0,1,0,0,0,NULL,'2013-11-17 04:25:11','2013-11-17 04:25:11'),(579,279,NULL,123,15,NULL,0,0,0,0,1,0,0,0,NULL,'2013-11-17 04:25:11','2013-11-17 04:25:11'),(580,279,NULL,123,19,NULL,0,0,0,0,1,0,0,0,NULL,'2013-11-17 04:25:11','2013-11-17 04:25:11'),(581,279,NULL,123,23,NULL,0,0,0,0,1,0,0,0,NULL,'2013-11-17 04:25:11','2013-11-17 04:25:11'),(582,279,NULL,123,29,NULL,0,0,0,0,1,0,0,0,NULL,'2013-11-17 04:25:11','2013-11-17 04:25:11'),(583,279,NULL,123,35,NULL,0,0,0,0,1,0,0,0,NULL,'2013-11-17 04:25:11','2013-11-17 04:25:11'),(584,279,NULL,123,39,NULL,0,0,0,0,1,0,0,0,NULL,'2013-11-17 04:25:11','2013-11-17 04:25:11'),(585,282,NULL,124,10,NULL,0,0,0,0,1,0,0,0,NULL,'2013-11-17 04:25:11','2013-11-17 04:25:11'),(586,282,NULL,124,15,NULL,0,0,0,0,1,0,0,0,NULL,'2013-11-17 04:25:11','2013-11-17 04:25:11'),(587,282,NULL,124,19,NULL,0,0,0,0,1,0,0,0,NULL,'2013-11-17 04:25:11','2013-11-17 04:25:11'),(588,282,NULL,124,23,NULL,0,0,0,0,1,0,0,0,NULL,'2013-11-17 04:25:11','2013-11-17 04:25:11'),(589,282,NULL,124,29,NULL,0,0,0,0,1,0,0,0,NULL,'2013-11-17 04:25:11','2013-11-17 04:25:11'),(590,282,NULL,124,35,NULL,0,0,0,0,1,0,0,0,NULL,'2013-11-17 04:25:11','2013-11-17 04:25:11'),(591,282,NULL,124,39,NULL,0,0,0,0,1,0,0,0,NULL,'2013-11-17 04:25:11','2013-11-17 04:25:11'),(592,285,NULL,125,10,NULL,0,0,0,0,1,0,0,0,NULL,'2013-11-17 04:25:11','2013-11-17 04:25:11'),(593,285,NULL,125,15,NULL,0,0,0,0,1,0,0,0,NULL,'2013-11-17 04:25:11','2013-11-17 04:25:11'),(594,285,NULL,125,19,NULL,0,0,0,0,1,0,0,0,NULL,'2013-11-17 04:25:11','2013-11-17 04:25:11'),(595,285,NULL,125,23,NULL,0,0,0,0,1,0,0,0,NULL,'2013-11-17 04:25:11','2013-11-17 04:25:11'),(596,285,NULL,125,29,NULL,0,0,0,0,1,0,0,0,NULL,'2013-11-17 04:25:11','2013-11-17 04:25:11'),(597,285,NULL,125,35,NULL,0,0,0,0,1,0,0,0,NULL,'2013-11-17 04:25:11','2013-11-17 04:25:11'),(598,285,NULL,125,39,NULL,0,0,0,0,1,0,0,0,NULL,'2013-11-17 04:25:11','2013-11-17 04:25:11'),(599,290,NULL,126,10,NULL,0,0,0,0,1,0,0,0,NULL,'2013-11-17 04:25:11','2013-11-17 04:25:11'),(600,290,NULL,126,15,NULL,0,0,0,0,1,0,0,0,NULL,'2013-11-17 04:25:11','2013-11-17 04:25:11'),(601,290,NULL,126,19,NULL,0,0,0,0,1,0,0,0,NULL,'2013-11-17 04:25:11','2013-11-17 04:25:11'),(602,290,NULL,126,23,NULL,0,0,0,0,1,0,0,0,NULL,'2013-11-17 04:25:12','2013-11-17 04:25:12'),(603,290,NULL,126,29,NULL,0,0,0,0,1,0,0,0,NULL,'2013-11-17 04:25:12','2013-11-17 04:25:12'),(604,290,NULL,126,35,NULL,0,0,0,0,1,0,0,0,NULL,'2013-11-17 04:25:12','2013-11-17 04:25:12'),(605,290,NULL,126,39,NULL,0,0,0,0,1,0,0,0,NULL,'2013-11-17 04:25:12','2013-11-17 04:25:12'),(606,294,NULL,127,10,NULL,0,0,0,0,1,0,0,0,NULL,'2013-11-17 04:25:12','2013-11-17 04:25:12'),(607,294,NULL,127,15,NULL,0,0,0,0,1,0,0,0,NULL,'2013-11-17 04:25:12','2013-11-17 04:25:12'),(608,294,NULL,127,19,NULL,0,0,0,0,1,0,0,0,NULL,'2013-11-17 04:25:12','2013-11-17 04:25:12'),(609,294,NULL,127,23,NULL,0,0,0,0,1,0,0,0,NULL,'2013-11-17 04:25:12','2013-11-17 04:25:12'),(610,294,NULL,127,29,NULL,0,0,0,0,1,0,0,0,NULL,'2013-11-17 04:25:12','2013-11-17 04:25:12'),(611,294,NULL,127,35,NULL,0,0,0,0,1,0,0,0,NULL,'2013-11-17 04:25:12','2013-11-17 04:25:12'),(612,294,NULL,127,39,NULL,0,0,0,0,1,0,0,0,NULL,'2013-11-17 04:25:12','2013-11-17 04:25:12'),(613,297,NULL,128,10,NULL,0,0,0,0,1,0,0,0,NULL,'2013-11-17 04:25:12','2013-11-17 04:25:12'),(614,297,NULL,128,15,NULL,0,0,0,0,1,0,0,0,NULL,'2013-11-17 04:25:12','2013-11-17 04:25:12'),(615,297,NULL,128,19,NULL,0,0,0,0,1,0,0,0,NULL,'2013-11-17 04:25:12','2013-11-17 04:25:12'),(616,297,NULL,128,23,NULL,0,0,0,0,1,0,0,0,NULL,'2013-11-17 04:25:12','2013-11-17 04:25:12'),(617,297,NULL,128,29,NULL,0,0,0,0,1,0,0,0,NULL,'2013-11-17 04:25:12','2013-11-17 04:25:12'),(618,297,NULL,128,35,NULL,0,0,0,0,1,0,0,0,NULL,'2013-11-17 04:25:12','2013-11-17 04:25:12'),(619,297,NULL,128,39,NULL,0,0,0,0,1,0,0,0,NULL,'2013-11-17 04:25:12','2013-11-17 04:25:12'),(620,160,NULL,129,10,NULL,0,0,0,0,1,0,0,0,NULL,'2013-11-17 04:25:47','2013-11-17 04:25:47'),(621,160,NULL,129,14,NULL,0,0,0,0,1,0,0,0,NULL,'2013-11-17 04:25:47','2013-11-17 04:25:47'),(622,160,NULL,129,15,NULL,0,0,0,0,1,0,0,0,NULL,'2013-11-17 04:25:47','2013-11-17 04:25:47'),(623,160,NULL,129,19,NULL,0,0,0,0,1,0,0,0,NULL,'2013-11-17 04:25:47','2013-11-17 04:25:47'),(624,160,NULL,129,81,NULL,0,0,0,0,1,0,0,0,NULL,'2013-11-17 04:25:47','2013-11-17 04:25:47'),(625,163,NULL,130,10,NULL,0,0,0,0,1,0,0,0,NULL,'2013-11-17 04:25:47','2013-11-17 04:25:47'),(626,163,NULL,130,14,NULL,0,0,0,0,1,0,0,0,NULL,'2013-11-17 04:25:47','2013-11-17 04:25:47'),(627,163,NULL,130,15,NULL,0,0,0,0,1,0,0,0,NULL,'2013-11-17 04:25:47','2013-11-17 04:25:47'),(628,163,NULL,130,19,NULL,0,0,0,0,1,0,0,0,NULL,'2013-11-17 04:25:47','2013-11-17 04:25:47'),(629,163,NULL,130,81,NULL,0,0,0,0,1,0,0,0,NULL,'2013-11-17 04:25:47','2013-11-17 04:25:47'),(630,165,NULL,131,10,NULL,0,0,0,0,1,0,0,0,NULL,'2013-11-17 04:25:47','2013-11-17 04:25:47'),(631,165,NULL,131,14,NULL,0,0,0,0,1,0,0,0,NULL,'2013-11-17 04:25:47','2013-11-17 04:25:47'),(632,165,NULL,131,15,NULL,0,0,0,0,1,0,0,0,NULL,'2013-11-17 04:25:47','2013-11-17 04:25:47'),(633,165,NULL,131,19,NULL,0,0,0,0,1,0,0,0,NULL,'2013-11-17 04:25:47','2013-11-17 04:25:47'),(634,165,NULL,131,81,NULL,0,0,0,0,1,0,0,0,NULL,'2013-11-17 04:25:47','2013-11-17 04:25:47'),(635,167,NULL,132,10,NULL,0,0,0,0,1,0,0,0,NULL,'2013-11-17 04:25:47','2013-11-17 04:25:47'),(636,167,NULL,132,14,NULL,0,0,0,0,1,0,0,0,NULL,'2013-11-17 04:25:47','2013-11-17 04:25:47'),(637,167,NULL,132,15,NULL,0,0,0,0,1,0,0,0,NULL,'2013-11-17 04:25:47','2013-11-17 04:25:47'),(638,167,NULL,132,19,NULL,0,0,0,0,1,0,0,0,NULL,'2013-11-17 04:25:47','2013-11-17 04:25:47'),(639,167,NULL,132,81,NULL,0,0,0,0,1,0,0,0,NULL,'2013-11-17 04:25:47','2013-11-17 04:25:47'),(640,169,NULL,133,10,NULL,0,0,0,0,1,0,0,0,NULL,'2013-11-17 04:25:47','2013-11-17 04:25:47'),(641,169,NULL,133,14,NULL,0,0,0,0,1,0,0,0,NULL,'2013-11-17 04:25:47','2013-11-17 04:25:47'),(642,169,NULL,133,15,NULL,0,0,0,0,1,0,0,0,NULL,'2013-11-17 04:25:47','2013-11-17 04:25:47'),(643,169,NULL,133,19,NULL,0,0,0,0,1,0,0,0,NULL,'2013-11-17 04:25:47','2013-11-17 04:25:47'),(644,169,NULL,133,81,NULL,0,0,0,0,1,0,0,0,NULL,'2013-11-17 04:25:47','2013-11-17 04:25:47'),(645,178,NULL,134,10,NULL,0,0,0,0,1,0,0,0,NULL,'2013-11-17 04:25:47','2013-11-17 04:25:47'),(646,178,NULL,134,14,NULL,0,0,0,0,1,0,0,0,NULL,'2013-11-17 04:25:47','2013-11-17 04:25:47'),(647,178,NULL,134,15,NULL,0,0,0,0,1,0,0,0,NULL,'2013-11-17 04:25:47','2013-11-17 04:25:47'),(648,178,NULL,134,19,NULL,0,0,0,0,1,0,0,0,NULL,'2013-11-17 04:25:47','2013-11-17 04:25:47'),(649,178,NULL,134,81,NULL,0,0,0,0,1,0,0,0,NULL,'2013-11-17 04:25:47','2013-11-17 04:25:47'),(650,183,NULL,135,10,NULL,0,0,0,0,1,0,0,0,NULL,'2013-11-17 04:25:47','2013-11-17 04:25:47'),(651,183,NULL,135,14,NULL,0,0,0,0,1,0,0,0,NULL,'2013-11-17 04:25:47','2013-11-17 04:25:47'),(652,183,NULL,135,15,NULL,0,0,0,0,1,0,0,0,NULL,'2013-11-17 04:25:47','2013-11-17 04:25:47'),(653,183,NULL,135,19,NULL,0,0,0,0,1,0,0,0,NULL,'2013-11-17 04:25:47','2013-11-17 04:25:47'),(654,183,NULL,135,81,NULL,0,0,0,0,1,0,0,0,NULL,'2013-11-17 04:25:47','2013-11-17 04:25:47'),(655,187,NULL,136,10,NULL,0,0,0,0,1,0,0,0,NULL,'2013-11-17 04:25:47','2013-11-17 04:25:47'),(656,187,NULL,136,14,NULL,0,0,0,0,1,0,0,0,NULL,'2013-11-17 04:25:47','2013-11-17 04:25:47'),(657,187,NULL,136,15,NULL,0,0,0,0,1,0,0,0,NULL,'2013-11-17 04:25:47','2013-11-17 04:25:47'),(658,187,NULL,136,19,NULL,0,0,0,0,1,0,0,0,NULL,'2013-11-17 04:25:47','2013-11-17 04:25:47'),(659,187,NULL,136,81,NULL,0,0,0,0,1,0,0,0,NULL,'2013-11-17 04:25:47','2013-11-17 04:25:47'),(660,192,NULL,137,10,NULL,0,0,0,0,1,0,0,0,NULL,'2013-11-17 04:25:48','2013-11-17 04:25:48'),(661,192,NULL,137,14,NULL,0,0,0,0,1,0,0,0,NULL,'2013-11-17 04:25:48','2013-11-17 04:25:48'),(662,192,NULL,137,15,NULL,0,0,0,0,1,0,0,0,NULL,'2013-11-17 04:25:48','2013-11-17 04:25:48'),(663,192,NULL,137,19,NULL,0,0,0,0,1,0,0,0,NULL,'2013-11-17 04:25:48','2013-11-17 04:25:48'),(664,192,NULL,137,81,NULL,0,0,0,0,1,0,0,0,NULL,'2013-11-17 04:25:48','2013-11-17 04:25:48'),(665,196,NULL,138,10,NULL,0,0,0,0,1,0,0,0,NULL,'2013-11-17 04:25:48','2013-11-17 04:25:48'),(666,196,NULL,138,14,NULL,0,0,0,0,1,0,0,0,NULL,'2013-11-17 04:25:48','2013-11-17 04:25:48'),(667,196,NULL,138,15,NULL,0,0,0,0,1,0,0,0,NULL,'2013-11-17 04:25:48','2013-11-17 04:25:48'),(668,196,NULL,138,19,NULL,0,0,0,0,1,0,0,0,NULL,'2013-11-17 04:25:48','2013-11-17 04:25:48'),(669,196,NULL,138,81,NULL,0,0,0,0,1,0,0,0,NULL,'2013-11-17 04:25:48','2013-11-17 04:25:48'),(670,205,NULL,139,10,NULL,0,0,0,0,1,0,0,0,NULL,'2013-11-17 04:26:15','2013-11-17 04:26:15'),(671,205,NULL,139,14,NULL,0,0,0,0,1,0,0,0,NULL,'2013-11-17 04:26:16','2013-11-17 04:26:16'),(672,205,NULL,139,15,NULL,0,0,0,0,1,0,0,0,NULL,'2013-11-17 04:26:16','2013-11-17 04:26:16'),(673,205,NULL,139,19,NULL,0,0,0,0,1,0,0,0,NULL,'2013-11-17 04:26:16','2013-11-17 04:26:16'),(674,205,NULL,139,81,NULL,0,0,0,0,1,0,0,0,NULL,'2013-11-17 04:26:16','2013-11-17 04:26:16'),(675,209,NULL,140,10,NULL,0,0,0,0,1,0,0,0,NULL,'2013-11-17 04:26:16','2013-11-17 04:26:16'),(676,209,NULL,140,14,NULL,0,0,0,0,1,0,0,0,NULL,'2013-11-17 04:26:16','2013-11-17 04:26:16'),(677,209,NULL,140,15,NULL,0,0,0,0,1,0,0,0,NULL,'2013-11-17 04:26:16','2013-11-17 04:26:16'),(678,209,NULL,140,19,NULL,0,0,0,0,1,0,0,0,NULL,'2013-11-17 04:26:16','2013-11-17 04:26:16'),(679,209,NULL,140,81,NULL,0,0,0,0,1,0,0,0,NULL,'2013-11-17 04:26:16','2013-11-17 04:26:16'),(680,211,NULL,141,10,NULL,0,0,0,0,1,0,0,0,NULL,'2013-11-17 04:26:16','2013-11-17 04:26:16'),(681,211,NULL,141,14,NULL,0,0,0,0,1,0,0,0,NULL,'2013-11-17 04:26:16','2013-11-17 04:26:16'),(682,211,NULL,141,15,NULL,0,0,0,0,1,0,0,0,NULL,'2013-11-17 04:26:16','2013-11-17 04:26:16'),(683,211,NULL,141,19,NULL,0,0,0,0,1,0,0,0,NULL,'2013-11-17 04:26:16','2013-11-17 04:26:16'),(684,211,NULL,141,81,NULL,0,0,0,0,1,0,0,0,NULL,'2013-11-17 04:26:16','2013-11-17 04:26:16'),(685,214,NULL,142,10,NULL,0,0,0,0,1,0,0,0,NULL,'2013-11-17 04:26:16','2013-11-17 04:26:16'),(686,214,NULL,142,14,NULL,0,0,0,0,1,0,0,0,NULL,'2013-11-17 04:26:16','2013-11-17 04:26:16'),(687,214,NULL,142,15,NULL,0,0,0,0,1,0,0,0,NULL,'2013-11-17 04:26:16','2013-11-17 04:26:16'),(688,214,NULL,142,19,NULL,0,0,0,0,1,0,0,0,NULL,'2013-11-17 04:26:16','2013-11-17 04:26:16'),(689,214,NULL,142,81,NULL,0,0,0,0,1,0,0,0,NULL,'2013-11-17 04:26:16','2013-11-17 04:26:16'),(690,218,NULL,143,10,NULL,0,0,0,0,1,0,0,0,NULL,'2013-11-17 04:26:16','2013-11-17 04:26:16'),(691,218,NULL,143,14,NULL,0,0,0,0,1,0,0,0,NULL,'2013-11-17 04:26:16','2013-11-17 04:26:16'),(692,218,NULL,143,15,NULL,0,0,0,0,1,0,0,0,NULL,'2013-11-17 04:26:16','2013-11-17 04:26:16'),(693,218,NULL,143,19,NULL,0,0,0,0,1,0,0,0,NULL,'2013-11-17 04:26:16','2013-11-17 04:26:16'),(694,218,NULL,143,81,NULL,0,0,0,0,1,0,0,0,NULL,'2013-11-17 04:26:16','2013-11-17 04:26:16'),(695,219,NULL,144,10,NULL,0,0,0,0,1,0,0,0,NULL,'2013-11-17 04:26:16','2013-11-17 04:26:16'),(696,219,NULL,144,14,NULL,0,0,0,0,1,0,0,0,NULL,'2013-11-17 04:26:16','2013-11-17 04:26:16'),(697,219,NULL,144,15,NULL,0,0,0,0,1,0,0,0,NULL,'2013-11-17 04:26:16','2013-11-17 04:26:16'),(698,219,NULL,144,19,NULL,0,0,0,0,1,0,0,0,NULL,'2013-11-17 04:26:16','2013-11-17 04:26:16'),(699,219,NULL,144,81,NULL,0,0,0,0,1,0,0,0,NULL,'2013-11-17 04:26:16','2013-11-17 04:26:16'),(700,220,NULL,145,10,NULL,0,0,0,0,1,0,0,0,NULL,'2013-11-17 04:26:16','2013-11-17 04:26:16'),(701,220,NULL,145,14,NULL,0,0,0,0,1,0,0,0,NULL,'2013-11-17 04:26:16','2013-11-17 04:26:16'),(702,220,NULL,145,15,NULL,0,0,0,0,1,0,0,0,NULL,'2013-11-17 04:26:16','2013-11-17 04:26:16'),(703,220,NULL,145,19,NULL,0,0,0,0,1,0,0,0,NULL,'2013-11-17 04:26:16','2013-11-17 04:26:16'),(704,220,NULL,145,81,NULL,0,0,0,0,1,0,0,0,NULL,'2013-11-17 04:26:16','2013-11-17 04:26:16'),(705,222,NULL,146,10,NULL,0,0,0,0,1,0,0,0,NULL,'2013-11-17 04:26:16','2013-11-17 04:26:16'),(706,222,NULL,146,14,NULL,0,0,0,0,1,0,0,0,NULL,'2013-11-17 04:26:16','2013-11-17 04:26:16'),(707,222,NULL,146,15,NULL,0,0,0,0,1,0,0,0,NULL,'2013-11-17 04:26:16','2013-11-17 04:26:16'),(708,222,NULL,146,19,NULL,0,0,0,0,1,0,0,0,NULL,'2013-11-17 04:26:16','2013-11-17 04:26:16'),(709,222,NULL,146,81,NULL,0,0,0,0,1,0,0,0,NULL,'2013-11-17 04:26:16','2013-11-17 04:26:16'),(710,224,NULL,147,10,NULL,0,0,0,0,1,0,0,0,NULL,'2013-11-17 04:26:16','2013-11-17 04:26:16'),(711,224,NULL,147,14,NULL,0,0,0,0,1,0,0,0,NULL,'2013-11-17 04:26:16','2013-11-17 04:26:16'),(712,224,NULL,147,15,NULL,0,0,0,0,1,0,0,0,NULL,'2013-11-17 04:26:16','2013-11-17 04:26:16'),(713,224,NULL,147,19,NULL,0,0,0,0,1,0,0,0,NULL,'2013-11-17 04:26:16','2013-11-17 04:26:16'),(714,224,NULL,147,81,NULL,0,0,0,0,1,0,0,0,NULL,'2013-11-17 04:26:16','2013-11-17 04:26:16'),(715,226,NULL,148,10,NULL,0,0,0,0,1,0,0,0,NULL,'2013-11-17 04:26:17','2013-11-17 04:26:17'),(716,226,NULL,148,14,NULL,0,0,0,0,1,0,0,0,NULL,'2013-11-17 04:26:17','2013-11-17 04:26:17'),(717,226,NULL,148,15,NULL,0,0,0,0,1,0,0,0,NULL,'2013-11-17 04:26:17','2013-11-17 04:26:17'),(718,226,NULL,148,19,NULL,0,0,0,0,1,0,0,0,NULL,'2013-11-17 04:26:17','2013-11-17 04:26:17'),(719,226,NULL,148,81,NULL,0,0,0,0,1,0,0,0,NULL,'2013-11-17 04:26:17','2013-11-17 04:26:17'),(720,88,NULL,149,10,NULL,0,0,0,0,1,0,0,0,NULL,'2013-11-17 04:26:47','2013-11-17 04:26:47'),(721,88,NULL,149,15,NULL,0,0,0,0,1,0,0,0,NULL,'2013-11-17 04:26:47','2013-11-17 04:26:47'),(722,88,NULL,149,19,NULL,0,0,0,0,1,0,0,0,NULL,'2013-11-17 04:26:47','2013-11-17 04:26:47'),(723,88,NULL,149,29,NULL,0,0,0,0,1,0,0,0,NULL,'2013-11-17 04:26:47','2013-11-17 04:26:47'),(724,88,NULL,149,35,NULL,0,0,0,0,1,0,0,0,NULL,'2013-11-17 04:26:47','2013-11-17 04:26:47'),(725,89,NULL,150,10,NULL,0,0,0,0,1,0,0,0,NULL,'2013-11-17 04:26:47','2013-11-17 04:26:47'),(726,89,NULL,150,15,NULL,0,0,0,0,1,0,0,0,NULL,'2013-11-17 04:26:47','2013-11-17 04:26:47'),(727,89,NULL,150,19,NULL,0,0,0,0,1,0,0,0,NULL,'2013-11-17 04:26:47','2013-11-17 04:26:47'),(728,89,NULL,150,29,NULL,0,0,0,0,1,0,0,0,NULL,'2013-11-17 04:26:47','2013-11-17 04:26:47'),(729,89,NULL,150,35,NULL,0,0,0,0,1,0,0,0,NULL,'2013-11-17 04:26:47','2013-11-17 04:26:47'),(730,90,NULL,151,10,NULL,0,0,0,0,1,0,0,0,NULL,'2013-11-17 04:26:47','2013-11-17 04:26:47'),(731,90,NULL,151,15,NULL,0,0,0,0,1,0,0,0,NULL,'2013-11-17 04:26:47','2013-11-17 04:26:47'),(732,90,NULL,151,19,NULL,0,0,0,0,1,0,0,0,NULL,'2013-11-17 04:26:47','2013-11-17 04:26:47'),(733,90,NULL,151,29,NULL,0,0,0,0,1,0,0,0,NULL,'2013-11-17 04:26:47','2013-11-17 04:26:47'),(734,90,NULL,151,35,NULL,0,0,0,0,1,0,0,0,NULL,'2013-11-17 04:26:47','2013-11-17 04:26:47'),(735,91,NULL,152,10,NULL,0,0,0,0,1,0,0,0,NULL,'2013-11-17 04:26:47','2013-11-17 04:26:47'),(736,91,NULL,152,15,NULL,0,0,0,0,1,0,0,0,NULL,'2013-11-17 04:26:47','2013-11-17 04:26:47'),(737,91,NULL,152,19,NULL,0,0,0,0,1,0,0,0,NULL,'2013-11-17 04:26:47','2013-11-17 04:26:47'),(738,91,NULL,152,29,NULL,0,0,0,0,1,0,0,0,NULL,'2013-11-17 04:26:47','2013-11-17 04:26:47'),(739,91,NULL,152,35,NULL,0,0,0,0,1,0,0,0,NULL,'2013-11-17 04:26:47','2013-11-17 04:26:47'),(740,92,NULL,153,10,NULL,0,0,0,0,1,0,0,0,NULL,'2013-11-17 04:26:48','2013-11-17 04:26:48'),(741,92,NULL,153,15,NULL,0,0,0,0,1,0,0,0,NULL,'2013-11-17 04:26:48','2013-11-17 04:26:48'),(742,92,NULL,153,19,NULL,0,0,0,0,1,0,0,0,NULL,'2013-11-17 04:26:48','2013-11-17 04:26:48'),(743,92,NULL,153,29,NULL,0,0,0,0,1,0,0,0,NULL,'2013-11-17 04:26:48','2013-11-17 04:26:48'),(744,92,NULL,153,35,NULL,0,0,0,0,1,0,0,0,NULL,'2013-11-17 04:26:48','2013-11-17 04:26:48'),(745,93,NULL,154,10,NULL,0,0,0,0,1,0,0,0,NULL,'2013-11-17 04:26:48','2013-11-17 04:26:48'),(746,93,NULL,154,15,NULL,0,0,0,0,1,0,0,0,NULL,'2013-11-17 04:26:48','2013-11-17 04:26:48'),(747,93,NULL,154,19,NULL,0,0,0,0,1,0,0,0,NULL,'2013-11-17 04:26:48','2013-11-17 04:26:48'),(748,93,NULL,154,29,NULL,0,0,0,0,1,0,0,0,NULL,'2013-11-17 04:26:48','2013-11-17 04:26:48'),(749,93,NULL,154,35,NULL,0,0,0,0,1,0,0,0,NULL,'2013-11-17 04:26:48','2013-11-17 04:26:48'),(750,94,NULL,155,10,NULL,0,0,0,0,1,0,0,0,NULL,'2013-11-17 04:26:48','2013-11-17 04:26:48'),(751,94,NULL,155,15,NULL,0,0,0,0,1,0,0,0,NULL,'2013-11-17 04:26:48','2013-11-17 04:26:48'),(752,94,NULL,155,19,NULL,0,0,0,0,1,0,0,0,NULL,'2013-11-17 04:26:48','2013-11-17 04:26:48'),(753,94,NULL,155,29,NULL,0,0,0,0,1,0,0,0,NULL,'2013-11-17 04:26:48','2013-11-17 04:26:48'),(754,94,NULL,155,35,NULL,0,0,0,0,1,0,0,0,NULL,'2013-11-17 04:26:48','2013-11-17 04:26:48'),(755,95,NULL,156,10,NULL,0,0,0,0,1,0,0,0,NULL,'2013-11-17 04:26:48','2013-11-17 04:26:48'),(756,95,NULL,156,15,NULL,0,0,0,0,1,0,0,0,NULL,'2013-11-17 04:26:48','2013-11-17 04:26:48'),(757,95,NULL,156,19,NULL,0,0,0,0,1,0,0,0,NULL,'2013-11-17 04:26:48','2013-11-17 04:26:48'),(758,95,NULL,156,29,NULL,0,0,0,0,1,0,0,0,NULL,'2013-11-17 04:26:48','2013-11-17 04:26:48'),(759,95,NULL,156,35,NULL,0,0,0,0,1,0,0,0,NULL,'2013-11-17 04:26:48','2013-11-17 04:26:48'),(760,96,NULL,157,10,NULL,0,0,0,0,1,0,0,0,NULL,'2013-11-17 04:26:48','2013-11-17 04:26:48'),(761,96,NULL,157,15,NULL,0,0,0,0,1,0,0,0,NULL,'2013-11-17 04:26:48','2013-11-17 04:26:48'),(762,96,NULL,157,19,NULL,0,0,0,0,1,0,0,0,NULL,'2013-11-17 04:26:48','2013-11-17 04:26:48'),(763,96,NULL,157,29,NULL,0,0,0,0,1,0,0,0,NULL,'2013-11-17 04:26:48','2013-11-17 04:26:48'),(764,96,NULL,157,35,NULL,0,0,0,0,1,0,0,0,NULL,'2013-11-17 04:26:48','2013-11-17 04:26:48'),(765,87,NULL,158,10,NULL,0,0,0,0,1,0,0,0,NULL,'2013-11-17 04:27:19','2013-11-17 04:27:19'),(766,87,NULL,158,15,NULL,0,0,0,0,1,0,0,0,NULL,'2013-11-17 04:27:19','2013-11-17 04:27:19'),(767,87,NULL,158,19,NULL,0,0,0,0,1,0,0,0,NULL,'2013-11-17 04:27:19','2013-11-17 04:27:19'),(768,87,NULL,158,29,NULL,0,0,0,0,1,0,0,0,NULL,'2013-11-17 04:27:19','2013-11-17 04:27:19'),(769,87,NULL,158,35,NULL,0,0,0,0,1,0,0,0,NULL,'2013-11-17 04:27:19','2013-11-17 04:27:19'),(770,97,NULL,159,10,NULL,0,0,0,0,1,0,0,0,NULL,'2013-11-17 04:27:19','2013-11-17 04:27:19'),(771,97,NULL,159,15,NULL,0,0,0,0,1,0,0,0,NULL,'2013-11-17 04:27:19','2013-11-17 04:27:19'),(772,97,NULL,159,19,NULL,0,0,0,0,1,0,0,0,NULL,'2013-11-17 04:27:19','2013-11-17 04:27:19'),(773,97,NULL,159,29,NULL,0,0,0,0,1,0,0,0,NULL,'2013-11-17 04:27:19','2013-11-17 04:27:19'),(774,97,NULL,159,35,NULL,0,0,0,0,1,0,0,0,NULL,'2013-11-17 04:27:19','2013-11-17 04:27:19'),(775,98,NULL,160,10,NULL,0,0,0,0,1,0,0,0,NULL,'2013-11-17 04:27:19','2013-11-17 04:27:19'),(776,98,NULL,160,15,NULL,0,0,0,0,1,0,0,0,NULL,'2013-11-17 04:27:19','2013-11-17 04:27:19'),(777,98,NULL,160,19,NULL,0,0,0,0,1,0,0,0,NULL,'2013-11-17 04:27:19','2013-11-17 04:27:19'),(778,98,NULL,160,29,NULL,0,0,0,0,1,0,0,0,NULL,'2013-11-17 04:27:19','2013-11-17 04:27:19'),(779,98,NULL,160,35,NULL,0,0,0,0,1,0,0,0,NULL,'2013-11-17 04:27:19','2013-11-17 04:27:19'),(780,99,NULL,161,10,NULL,0,0,0,0,1,0,0,0,NULL,'2013-11-17 04:27:19','2013-11-17 04:27:19'),(781,99,NULL,161,15,NULL,0,0,0,0,1,0,0,0,NULL,'2013-11-17 04:27:19','2013-11-17 04:27:19'),(782,99,NULL,161,19,NULL,0,0,0,0,1,0,0,0,NULL,'2013-11-17 04:27:19','2013-11-17 04:27:19'),(783,99,NULL,161,29,NULL,0,0,0,0,1,0,0,0,NULL,'2013-11-17 04:27:19','2013-11-17 04:27:19'),(784,99,NULL,161,35,NULL,0,0,0,0,1,0,0,0,NULL,'2013-11-17 04:27:19','2013-11-17 04:27:19'),(785,100,NULL,162,10,NULL,0,0,0,0,1,0,0,0,NULL,'2013-11-17 04:27:19','2013-11-17 04:27:19'),(786,100,NULL,162,15,NULL,0,0,0,0,1,0,0,0,NULL,'2013-11-17 04:27:19','2013-11-17 04:27:19'),(787,100,NULL,162,19,NULL,0,0,0,0,1,0,0,0,NULL,'2013-11-17 04:27:19','2013-11-17 04:27:19'),(788,100,NULL,162,29,NULL,0,0,0,0,1,0,0,0,NULL,'2013-11-17 04:27:19','2013-11-17 04:27:19'),(789,100,NULL,162,35,NULL,0,0,0,0,1,0,0,0,NULL,'2013-11-17 04:27:19','2013-11-17 04:27:19'),(790,101,NULL,163,10,NULL,0,0,0,0,1,0,0,0,NULL,'2013-11-17 04:27:19','2013-11-17 04:27:19'),(791,101,NULL,163,15,NULL,0,0,0,0,1,0,0,0,NULL,'2013-11-17 04:27:19','2013-11-17 04:27:19'),(792,101,NULL,163,19,NULL,0,0,0,0,1,0,0,0,NULL,'2013-11-17 04:27:19','2013-11-17 04:27:19'),(793,101,NULL,163,29,NULL,0,0,0,0,1,0,0,0,NULL,'2013-11-17 04:27:19','2013-11-17 04:27:19'),(794,101,NULL,163,35,NULL,0,0,0,0,1,0,0,0,NULL,'2013-11-17 04:27:19','2013-11-17 04:27:19'),(795,102,NULL,164,10,NULL,0,0,0,0,1,0,0,0,NULL,'2013-11-17 04:27:19','2013-11-17 04:27:19'),(796,102,NULL,164,15,NULL,0,0,0,0,1,0,0,0,NULL,'2013-11-17 04:27:19','2013-11-17 04:27:19'),(797,102,NULL,164,19,NULL,0,0,0,0,1,0,0,0,NULL,'2013-11-17 04:27:19','2013-11-17 04:27:19'),(798,102,NULL,164,29,NULL,0,0,0,0,1,0,0,0,NULL,'2013-11-17 04:27:19','2013-11-17 04:27:19'),(799,102,NULL,164,35,NULL,0,0,0,0,1,0,0,0,NULL,'2013-11-17 04:27:19','2013-11-17 04:27:19'),(800,103,NULL,165,10,NULL,0,0,0,0,1,0,0,0,NULL,'2013-11-17 04:27:19','2013-11-17 04:27:19'),(801,103,NULL,165,15,NULL,0,0,0,0,1,0,0,0,NULL,'2013-11-17 04:27:19','2013-11-17 04:27:19'),(802,103,NULL,165,19,NULL,0,0,0,0,1,0,0,0,NULL,'2013-11-17 04:27:19','2013-11-17 04:27:19'),(803,103,NULL,165,29,NULL,0,0,0,0,1,0,0,0,NULL,'2013-11-17 04:27:19','2013-11-17 04:27:19'),(804,103,NULL,165,35,NULL,0,0,0,0,1,0,0,0,NULL,'2013-11-17 04:27:20','2013-11-17 04:27:20');
/*!40000 ALTER TABLE `student_course_grade` ENABLE KEYS */;
UNLOCK TABLES;

--
-- Table structure for table `student_exemption`
--

DROP TABLE IF EXISTS `student_exemption`;
/*!40101 SET @saved_cs_client     = @@character_set_client */;
/*!40101 SET character_set_client = utf8 */;
CREATE TABLE `student_exemption` (
  `id` bigint(20) NOT NULL AUTO_INCREMENT,
  `student_id` bigint(20) NOT NULL,
  `course_id` bigint(20) NOT NULL,
  `reason` varchar(255) DEFAULT NULL,
  `grade` text,
  `remark` varchar(255) DEFAULT NULL,
  `created_at` datetime NOT NULL,
  `updated_at` datetime NOT NULL,
  PRIMARY KEY (`id`),
  UNIQUE KEY `exemption_index_idx` (`student_id`,`course_id`),
  KEY `student_id_idx` (`student_id`),
  KEY `course_id_idx` (`course_id`),
  CONSTRAINT `student_exemption_course_id_course_id` FOREIGN KEY (`course_id`) REFERENCES `course` (`id`),
  CONSTRAINT `student_exemption_student_id_student_id` FOREIGN KEY (`student_id`) REFERENCES `student` (`id`)
) ENGINE=InnoDB DEFAULT CHARSET=latin1;
/*!40101 SET character_set_client = @saved_cs_client */;

--
-- Dumping data for table `student_exemption`
--

LOCK TABLES `student_exemption` WRITE;
/*!40000 ALTER TABLE `student_exemption` DISABLE KEYS */;
/*!40000 ALTER TABLE `student_exemption` ENABLE KEYS */;
UNLOCK TABLES;

--
-- Table structure for table `student_g_c_r`
--

DROP TABLE IF EXISTS `student_g_c_r`;
/*!40101 SET @saved_cs_client     = @@character_set_client */;
/*!40101 SET character_set_client = utf8 */;
CREATE TABLE `student_g_c_r` (
  `id` bigint(20) NOT NULL AUTO_INCREMENT,
  `student_id` bigint(20) NOT NULL,
  `program_checklist_id` bigint(20) NOT NULL,
  `semester` bigint(20) NOT NULL,
  `total_credits` bigint(20) NOT NULL,
  `total_gradepoints` bigint(20) NOT NULL,
  `created_at` datetime NOT NULL,
  `updated_at` datetime NOT NULL,
  PRIMARY KEY (`id`),
  KEY `student_id_idx` (`student_id`),
  CONSTRAINT `student_g_c_r_student_id_student_id` FOREIGN KEY (`student_id`) REFERENCES `student` (`id`)
) ENGINE=InnoDB DEFAULT CHARSET=latin1;
/*!40101 SET character_set_client = @saved_cs_client */;

--
-- Dumping data for table `student_g_c_r`
--

LOCK TABLES `student_g_c_r` WRITE;
/*!40000 ALTER TABLE `student_g_c_r` DISABLE KEYS */;
/*!40000 ALTER TABLE `student_g_c_r` ENABLE KEYS */;
UNLOCK TABLES;

--
-- Table structure for table `student_graduate`
--

DROP TABLE IF EXISTS `student_graduate`;
/*!40101 SET @saved_cs_client     = @@character_set_client */;
/*!40101 SET character_set_client = utf8 */;
CREATE TABLE `student_graduate` (
  `id` bigint(20) NOT NULL AUTO_INCREMENT,
  `student_id` bigint(20) NOT NULL,
  `graduation_date` date NOT NULL,
  `ac` varchar(255) DEFAULT NULL,
  `created_at` datetime NOT NULL,
  `updated_at` datetime NOT NULL,
  PRIMARY KEY (`id`),
  KEY `student_id_idx` (`student_id`),
  CONSTRAINT `student_graduate_student_id_student_id` FOREIGN KEY (`student_id`) REFERENCES `student` (`id`)
) ENGINE=InnoDB DEFAULT CHARSET=latin1;
/*!40101 SET character_set_client = @saved_cs_client */;

--
-- Dumping data for table `student_graduate`
--

LOCK TABLES `student_graduate` WRITE;
/*!40000 ALTER TABLE `student_graduate` DISABLE KEYS */;
/*!40000 ALTER TABLE `student_graduate` ENABLE KEYS */;
UNLOCK TABLES;

--
-- Table structure for table `student_graraduate`
--

DROP TABLE IF EXISTS `student_graraduate`;
/*!40101 SET @saved_cs_client     = @@character_set_client */;
/*!40101 SET character_set_client = utf8 */;
CREATE TABLE `student_graraduate` (
  `id` bigint(20) NOT NULL AUTO_INCREMENT,
  `student_id` bigint(20) NOT NULL,
  `graduation_date` date NOT NULL,
  `ac` varchar(255) DEFAULT NULL,
  `created_at` datetime NOT NULL,
  `updated_at` datetime NOT NULL,
  PRIMARY KEY (`id`),
  KEY `student_id_idx` (`student_id`),
  CONSTRAINT `student_graraduate_student_id_student_id` FOREIGN KEY (`student_id`) REFERENCES `student` (`id`)
) ENGINE=InnoDB DEFAULT CHARSET=latin1;
/*!40101 SET character_set_client = @saved_cs_client */;

--
-- Dumping data for table `student_graraduate`
--

LOCK TABLES `student_graraduate` WRITE;
/*!40000 ALTER TABLE `student_graraduate` DISABLE KEYS */;
/*!40000 ALTER TABLE `student_graraduate` ENABLE KEYS */;
UNLOCK TABLES;

--
-- Table structure for table `student_info`
--

DROP TABLE IF EXISTS `student_info`;
/*!40101 SET @saved_cs_client     = @@character_set_client */;
/*!40101 SET character_set_client = utf8 */;
CREATE TABLE `student_info` (
  `id` bigint(20) NOT NULL AUTO_INCREMENT,
  `student_id` bigint(20) NOT NULL,
  `program_id` bigint(20) NOT NULL,
  `section_id` varchar(5) DEFAULT NULL,
  `academic_year` bigint(20) NOT NULL,
  `year` bigint(20) DEFAULT NULL,
  `semester` bigint(20) DEFAULT NULL,
  `leftout` tinyint(1) DEFAULT '0',
  `advisor` bigint(20) DEFAULT NULL,
  `status` bigint(20) DEFAULT NULL,
  `mention` varchar(5) DEFAULT NULL,
  `action` bigint(20) DEFAULT NULL,
  `previous_chrs` bigint(20) DEFAULT NULL,
  `semester_chrs` bigint(20) DEFAULT NULL,
  `total_chrs` bigint(20) DEFAULT NULL,
  `previous_grade_points` float(18,2) DEFAULT NULL,
  `semester_grade_points` float(18,2) DEFAULT NULL,
  `total_grade_points` float(18,2) DEFAULT NULL,
  `previous_repeated_chrs` float(18,2) DEFAULT NULL,
  `semester_repeated_chrs` float(18,2) DEFAULT NULL,
  `total_repeated_chrs` float(18,2) DEFAULT NULL,
  `previous_repeated_grade_points` float(18,2) DEFAULT NULL,
  `semester_repeated_grade_points` float(18,2) DEFAULT NULL,
  `total_repeated_grade_points` float(18,2) DEFAULT NULL,
  `program_checklist_id` bigint(20) DEFAULT NULL,
  `created_at` datetime NOT NULL,
  `updated_at` datetime NOT NULL,
  PRIMARY KEY (`id`),
  KEY `student_id_idx` (`student_id`),
  KEY `program_id_idx` (`program_id`),
  KEY `status_idx` (`status`),
  KEY `advisor_idx` (`advisor`),
  KEY `action_idx` (`action`),
  CONSTRAINT `student_info_action_action_on_student_id` FOREIGN KEY (`action`) REFERENCES `action_on_student` (`id`),
  CONSTRAINT `student_info_advisor_instructor_id` FOREIGN KEY (`advisor`) REFERENCES `instructor` (`id`),
  CONSTRAINT `student_info_program_id_program_id` FOREIGN KEY (`program_id`) REFERENCES `program` (`id`),
  CONSTRAINT `student_info_status_student_status_id` FOREIGN KEY (`status`) REFERENCES `student_status` (`id`),
  CONSTRAINT `student_info_student_id_student_id` FOREIGN KEY (`student_id`) REFERENCES `student` (`id`)
) ENGINE=InnoDB DEFAULT CHARSET=latin1;
/*!40101 SET character_set_client = @saved_cs_client */;

--
-- Dumping data for table `student_info`
--

LOCK TABLES `student_info` WRITE;
/*!40000 ALTER TABLE `student_info` DISABLE KEYS */;
/*!40000 ALTER TABLE `student_info` ENABLE KEYS */;
UNLOCK TABLES;

--
-- Table structure for table `student_load`
--

DROP TABLE IF EXISTS `student_load`;
/*!40101 SET @saved_cs_client     = @@character_set_client */;
/*!40101 SET character_set_client = utf8 */;
CREATE TABLE `student_load` (
  `id` bigint(20) NOT NULL AUTO_INCREMENT,
  `enrollment_info_id` varchar(255) NOT NULL,
  `overload` bigint(20) DEFAULT NULL,
  `underload` bigint(20) DEFAULT NULL,
  `created_at` datetime NOT NULL,
  `updated_at` datetime NOT NULL,
  PRIMARY KEY (`id`)
) ENGINE=InnoDB DEFAULT CHARSET=latin1;
/*!40101 SET character_set_client = @saved_cs_client */;

--
-- Dumping data for table `student_load`
--

LOCK TABLES `student_load` WRITE;
/*!40000 ALTER TABLE `student_load` DISABLE KEYS */;
/*!40000 ALTER TABLE `student_load` ENABLE KEYS */;
UNLOCK TABLES;

--
-- Table structure for table `student_program_section_transfer`
--

DROP TABLE IF EXISTS `student_program_section_transfer`;
/*!40101 SET @saved_cs_client     = @@character_set_client */;
/*!40101 SET character_set_client = utf8 */;
CREATE TABLE `student_program_section_transfer` (
  `id` bigint(20) NOT NULL AUTO_INCREMENT,
  `student_id` bigint(20) NOT NULL,
  `section_id` bigint(20) NOT NULL,
  `to_section` varchar(200) NOT NULL,
  `created_at` datetime NOT NULL,
  `updated_at` datetime NOT NULL,
  PRIMARY KEY (`id`),
  UNIQUE KEY `student_program_section_transfer_index_idx` (`student_id`,`section_id`),
  KEY `student_id_idx` (`student_id`),
  KEY `section_id_idx` (`section_id`),
  CONSTRAINT `student_program_section_transfer_section_id_program_section_id` FOREIGN KEY (`section_id`) REFERENCES `program_section` (`id`) ON DELETE CASCADE,
  CONSTRAINT `student_program_section_transfer_student_id_student_id` FOREIGN KEY (`student_id`) REFERENCES `student` (`id`) ON DELETE CASCADE
) ENGINE=InnoDB AUTO_INCREMENT=9 DEFAULT CHARSET=latin1;
/*!40101 SET character_set_client = @saved_cs_client */;

--
-- Dumping data for table `student_program_section_transfer`
--

LOCK TABLES `student_program_section_transfer` WRITE;
/*!40000 ALTER TABLE `student_program_section_transfer` DISABLE KEYS */;
INSERT INTO `student_program_section_transfer` VALUES (1,97,66,'Asella Center Human Resource Management and Leadership Weekend Year 1 Sememster1 AC Year 2010/11','2013-11-17 02:59:34','2013-11-17 02:59:34'),(2,98,66,'Asella Center Human Resource Management and Leadership Weekend Year 1 Sememster1 AC Year 2010/11','2013-11-17 02:59:45','2013-11-17 02:59:45'),(3,99,66,'Asella Center Human Resource Management and Leadership Weekend Year 1 Sememster1 AC Year 2010/11','2013-11-17 02:59:55','2013-11-17 02:59:55'),(4,100,66,'Asella Center Human Resource Management and Leadership Weekend Year 1 Sememster1 AC Year 2010/11','2013-11-17 03:00:02','2013-11-17 03:00:02'),(5,101,66,'Asella Center Human Resource Management and Leadership Weekend Year 1 Sememster1 AC Year 2010/11','2013-11-17 03:00:08','2013-11-17 03:00:08'),(6,102,66,'Asella Center Human Resource Management and Leadership Weekend Year 1 Sememster1 AC Year 2010/11','2013-11-17 03:00:15','2013-11-17 03:00:15'),(7,103,66,'Asella Center Human Resource Management and Leadership Weekend Year 1 Sememster1 AC Year 2010/11','2013-11-17 03:00:20','2013-11-17 03:00:20'),(8,87,65,'Asella Center Human Resource Management and Leadership Weekend Year 1 Sememster1 AC Year 2010/11','2013-11-17 03:55:13','2013-11-17 03:55:13');
/*!40000 ALTER TABLE `student_program_section_transfer` ENABLE KEYS */;
UNLOCK TABLES;

--
-- Table structure for table `student_readmission`
--

DROP TABLE IF EXISTS `student_readmission`;
/*!40101 SET @saved_cs_client     = @@character_set_client */;
/*!40101 SET character_set_client = utf8 */;
CREATE TABLE `student_readmission` (
  `id` bigint(20) NOT NULL AUTO_INCREMENT,
  `enrollment_info_id` bigint(20) NOT NULL,
  `readmission_date` date NOT NULL,
  `ac` varchar(255) DEFAULT NULL,
  `remark` varchar(255) DEFAULT NULL,
  `created_at` datetime NOT NULL,
  `updated_at` datetime NOT NULL,
  PRIMARY KEY (`id`),
  UNIQUE KEY `student_readmission_index_idx` (`enrollment_info_id`,`readmission_date`),
  KEY `enrollment_info_id_idx` (`enrollment_info_id`),
  CONSTRAINT `student_readmission_enrollment_info_id_enrollment_info_id` FOREIGN KEY (`enrollment_info_id`) REFERENCES `enrollment_info` (`id`)
) ENGINE=InnoDB DEFAULT CHARSET=latin1;
/*!40101 SET character_set_client = @saved_cs_client */;

--
-- Dumping data for table `student_readmission`
--

LOCK TABLES `student_readmission` WRITE;
/*!40000 ALTER TABLE `student_readmission` DISABLE KEYS */;
/*!40000 ALTER TABLE `student_readmission` ENABLE KEYS */;
UNLOCK TABLES;

--
-- Table structure for table `student_semester_action`
--

DROP TABLE IF EXISTS `student_semester_action`;
/*!40101 SET @saved_cs_client     = @@character_set_client */;
/*!40101 SET character_set_client = utf8 */;
CREATE TABLE `student_semester_action` (
  `id` bigint(20) NOT NULL AUTO_INCREMENT,
  `name` varchar(35) NOT NULL,
  `value` bigint(20) NOT NULL,
  `description` text,
  `created_at` datetime NOT NULL,
  `updated_at` datetime NOT NULL,
  PRIMARY KEY (`id`),
  UNIQUE KEY `name` (`name`)
) ENGINE=InnoDB AUTO_INCREMENT=9 DEFAULT CHARSET=latin1;
/*!40101 SET character_set_client = @saved_cs_client */;

--
-- Dumping data for table `student_semester_action`
--

LOCK TABLES `student_semester_action` WRITE;
/*!40000 ALTER TABLE `student_semester_action` DISABLE KEYS */;
INSERT INTO `student_semester_action` VALUES (1,'Enrolled',0,'This is when the student is just enrolled to the program, but not registered','2013-11-16 02:03:09','2013-11-16 02:03:09'),(2,'Registered',1,NULL,'2013-11-16 02:03:09','2013-11-16 02:03:09'),(3,'Promoted',2,'This is when the student is just enrolled to the program, but not registered','2013-11-16 02:03:09','2013-11-16 02:03:09'),(4,'Withdrwawn',3,'The student withdrawn','2013-11-16 02:03:09','2013-11-16 02:03:09'),(5,'Under',4,'Previously enrolled student is just registerred to a number of courses.','2013-11-16 02:03:09','2013-11-16 02:03:09'),(6,'Readmitted',5,'The student has withdrawn officially(ADR case, Illness case)','2013-11-16 02:03:09','2013-11-16 02:03:09'),(7,'Dissmissed',6,'enrolled but when not registered','2013-11-16 02:03:09','2013-11-16 02:03:09'),(8,'Dropout',7,'Drop out','2013-11-16 02:03:09','2013-11-16 02:03:09');
/*!40000 ALTER TABLE `student_semester_action` ENABLE KEYS */;
UNLOCK TABLES;

--
-- Table structure for table `student_status`
--

DROP TABLE IF EXISTS `student_status`;
/*!40101 SET @saved_cs_client     = @@character_set_client */;
/*!40101 SET character_set_client = utf8 */;
CREATE TABLE `student_status` (
  `id` bigint(20) NOT NULL AUTO_INCREMENT,
  `status` varchar(255) NOT NULL,
  `category` varchar(255) NOT NULL,
  `created_at` datetime NOT NULL,
  `updated_at` datetime NOT NULL,
  PRIMARY KEY (`id`)
) ENGINE=InnoDB DEFAULT CHARSET=latin1;
/*!40101 SET character_set_client = @saved_cs_client */;

--
-- Dumping data for table `student_status`
--

LOCK TABLES `student_status` WRITE;
/*!40000 ALTER TABLE `student_status` DISABLE KEYS */;
/*!40000 ALTER TABLE `student_status` ENABLE KEYS */;
UNLOCK TABLES;

--
-- Table structure for table `student_withdrawal`
--

DROP TABLE IF EXISTS `student_withdrawal`;
/*!40101 SET @saved_cs_client     = @@character_set_client */;
/*!40101 SET character_set_client = utf8 */;
CREATE TABLE `student_withdrawal` (
  `id` bigint(20) NOT NULL AUTO_INCREMENT,
  `enrollment_info_id` bigint(20) NOT NULL,
  `withdrawal_date` date NOT NULL,
  `ac` varchar(255) DEFAULT NULL,
  `remark` varchar(255) DEFAULT NULL,
  `created_at` datetime NOT NULL,
  `updated_at` datetime NOT NULL,
  PRIMARY KEY (`id`),
  KEY `enrollment_info_id_idx` (`enrollment_info_id`),
  CONSTRAINT `student_withdrawal_enrollment_info_id_enrollment_info_id` FOREIGN KEY (`enrollment_info_id`) REFERENCES `enrollment_info` (`id`)
) ENGINE=InnoDB DEFAULT CHARSET=latin1;
/*!40101 SET character_set_client = @saved_cs_client */;

--
-- Dumping data for table `student_withdrawal`
--

LOCK TABLES `student_withdrawal` WRITE;
/*!40000 ALTER TABLE `student_withdrawal` DISABLE KEYS */;
/*!40000 ALTER TABLE `student_withdrawal` ENABLE KEYS */;
UNLOCK TABLES;

--
-- Table structure for table `user`
--

DROP TABLE IF EXISTS `user`;
/*!40101 SET @saved_cs_client     = @@character_set_client */;
/*!40101 SET character_set_client = utf8 */;
CREATE TABLE `user` (
  `id` bigint(20) NOT NULL AUTO_INCREMENT,
  `login` varchar(100) NOT NULL,
  `password` varchar(100) NOT NULL,
  `first_name` varchar(100) NOT NULL,
  `fathers_name` varchar(100) NOT NULL,
  `grand_fathers_name` varchar(100) NOT NULL,
  `privilege` varchar(200) NOT NULL,
  `gender` varchar(10) NOT NULL,
  `email` varchar(100) NOT NULL,
  `department_id` bigint(20) NOT NULL,
  `is_active` tinyint(1) NOT NULL,
  `created_at` datetime NOT NULL,
  `updated_at` datetime NOT NULL,
  PRIMARY KEY (`id`),
  UNIQUE KEY `login_index_idx` (`login`),
  UNIQUE KEY `email_index_idx` (`email`),
  KEY `department_id_idx` (`department_id`),
  CONSTRAINT `user_department_id_department_id` FOREIGN KEY (`department_id`) REFERENCES `department` (`id`) ON DELETE CASCADE
) ENGINE=InnoDB AUTO_INCREMENT=14 DEFAULT CHARSET=latin1;
/*!40101 SET character_set_client = @saved_cs_client */;

--
-- Dumping data for table `user`
--

LOCK TABLES `user` WRITE;
/*!40000 ALTER TABLE `user` DISABLE KEYS */;
INSERT INTO `user` VALUES (1,'shagitu','qwerty12','Shagitu','Ashekanu','Geleto','dataworker','Female','shagituashakanu73@gmail.com',1,1,'2013-11-16 02:03:09','2013-11-16 02:03:09'),(2,'sintayehu','qwerty12','Sintayehu','Sintayehu','PSCO','dataworker','female','sintayehu@psco.edu.et',3,1,'2013-11-16 02:03:09','2013-11-16 02:03:09'),(3,'tolosa','qwerty12','Tolosa','Dadi','PSCO','hod','Male','tolosa.dadi@psco.edu.et',3,1,'2013-11-16 02:03:09','2013-11-16 02:03:09'),(4,'bedatu','qwerty12','Bedatu','regassa','PSCO','dataworker','female','bedatu@psco.edu.et',4,1,'2013-11-16 02:03:09','2013-11-16 02:03:09'),(5,'nelly','qwerty12','Nelly','regassa','PSCO','dataworker','female','nelly1@psco.edu.et',5,1,'2013-11-16 02:03:09','2013-11-16 02:03:09'),(6,'anteneh','qwerty12','Anteneh','Tilahun','Chaka','hod','male','jailan1@psco.edu.et',1,1,'2013-11-16 02:03:09','2013-11-16 02:03:09'),(7,'mersha','qwerty12','Mersha','Getahun','PSCO','hod','male','sintayehu1@psco.edu.et',2,1,'2013-11-16 02:03:09','2013-11-16 02:03:09'),(8,'hager','qwerty12','Hagerbigegn','Hagerbigegn','PSCO','hod','make','like1@psco.edu.et',3,1,'2013-11-16 02:03:09','2013-11-16 02:03:09'),(9,'getaneh','qwerty12','Getaneh','Seifu','PSCO','hod','male','bedatu1@psco.edu.et',4,1,'2013-11-16 02:03:09','2013-11-16 02:03:09'),(10,'matewos','qwerty12','Matewos','regassa','PSCO','hod','male','nelly2@psco.edu.et',5,1,'2013-11-16 02:03:09','2013-11-16 02:03:09'),(11,'mulunesh','qwerty12','Mulunesh','Zewdie','PSCO','dataworker','Female','mulunesh@psco.edu.et',6,1,'2013-11-16 02:03:09','2013-11-16 02:03:09'),(12,'abraham','qwerty12','Abraham','Legas','PSCO','hod','male','abraham@psco.edu.et',6,1,'2013-11-16 02:03:09','2013-11-16 02:03:09'),(13,'fasika','qwerty12','Fasika','Deme','PSCO','dataworker','male','fasika@psco.edu.et',2,1,'2013-11-16 02:03:09','2013-11-16 02:03:09');
/*!40000 ALTER TABLE `user` ENABLE KEYS */;
UNLOCK TABLES;
/*!40103 SET TIME_ZONE=@OLD_TIME_ZONE */;

/*!40101 SET SQL_MODE=@OLD_SQL_MODE */;
/*!40014 SET FOREIGN_KEY_CHECKS=@OLD_FOREIGN_KEY_CHECKS */;
/*!40014 SET UNIQUE_CHECKS=@OLD_UNIQUE_CHECKS */;
/*!40101 SET CHARACTER_SET_CLIENT=@OLD_CHARACTER_SET_CLIENT */;
/*!40101 SET CHARACTER_SET_RESULTS=@OLD_CHARACTER_SET_RESULTS */;
/*!40101 SET COLLATION_CONNECTION=@OLD_COLLATION_CONNECTION */;
/*!40111 SET SQL_NOTES=@OLD_SQL_NOTES */;

-- Dump completed on 2013-11-18 11:12:17
